variant,seed,image,rate_bpp,extraction_ok,mse,psnr,ssim,correlation,payload_bits,n_changes,change_rate,embedding_efficiency,bits_per_pixel,bits_per_unit_distortion,fused_measure_1,fused_measure_2,chi_square_p,rs_rate,ws_rate,payload_bias,payload_autocorr,payload_entropy
full,0,0,0.1,True,0.049076080322265625,61.22210492273206,0.9986230064721158,0.9999799741801487,26214,12865,0.049076080322265625,2.0376214535561603,0.09999847412109375,534150.2383210261,0.9986030082276888,20.34805961825412,0.0,0.08727313928706455,0.09950332815499667,,,
no_T1T2,0,0,0.1,True,0.048900604248046875,61.23766135282713,0.9980349581854501,0.9999800195395014,26214,12819,0.048900604248046875,2.0449333021296514,0.09999847412109375,536066.9955534753,0.9980150169873918,20.40905286006263,0.0,0.09497319527974793,0.12053099717531335,,,
no_T3,0,0,0.1,True,0.048892974853515625,61.23833898503619,0.9982101240794506,0.9999800437666242,26214,12817,0.048892974853515625,2.045252399157369,0.09999847412109375,536150.6449247093,0.9981902035652565,20.41582060727242,0.0,0.0954792408624606,0.11227499387452773,,,
no_T4,0,0,0.1,True,0.049060821533203125,61.22345544589277,0.99848274539805,0.9999799549852942,26214,12861,0.049060821533203125,2.0382551901096337,0.09999847412109375,534316.3685560998,0.9984627307967351,20.351528971462507,0.0,0.09371532548807716,0.10658284203842901,,,
no_decomp,0,0,0.1,True,0.048870086669921875,61.240372516282505,0.9980826355784329,0.9999800494160933,26214,12811,0.048870086669921875,2.046210288033721,0.09999847412109375,536401.7497463118,0.998062723247066,20.422773750907727,0.0,0.09231932352324751,0.10895442081058647,,,
fixed_path,0,0,0.1,True,0.04930877685546875,61.201561312329176,0.9982600637615255,0.9999798664670514,26214,12926,0.04930877685546875,2.028005570168652,0.09999847412109375,531629.4921862911,0.9982399652596405,20.244671008279685,0.0,0.09804306487585518,0.11693380633879909,,,
fixed_plane,0,0,0.1,True,0.04891204833984375,61.23664510271859,0.9985850754242848,0.9999800232476656,26214,12822,0.04891204833984375,2.044454843238184,0.09999847412109375,535941.5704258305,0.9985651269375482,20.415524616745955,0.0,0.08529944465886742,0.10169781315399268,,,
single_seg,0,0,0.1,True,0.049030303955078125,61.22615775278187,0.9968841564700253,0.9999803200932458,26214,12853,0.049030303955078125,2.0395238465727847,0.09999847412109375,534648.9392359761,0.9968645378827812,20.331600203745722,0.0,0.10894941928759895,0.13425668640723054,,,
no_ga,0,0,0.1,True,0.10356521606445312,57.97866445302815,0.99750911451627,0.9999577201205342,26214,12511,0.047725677490234375,2.095276156981856,0.09999847412109375,253115.87226048842,0.9974669399511422,9.631292994458441,0.0,0.0627603663656198,0.06568870825136033,,,
unconstrained,0,0,0.1,True,0.048980712890625,61.230552590867376,0.9981626087054631,0.9999800533882147,26214,12840,0.048980712890625,2.041588785046729,0.09999847412109375,535190.2504672897,0.9981426987434087,20.378280344189417,0.0,0.09722003584066842,0.11497983488661552,,,
full,0,1,0.1,True,0.049053192138671875,61.22413086499507,0.999771921885841,0.9999889165894041,26214,12859,0.049053192138671875,2.0385722062368767,0.09999847412109375,534399.4724317598,0.9997608410031285,20.381157625314884,1.5630904569323723e-05,0.05120244557914552,0.10151259617611254,,,
no_T1T2,0,1,0.1,True,0.048976898193359375,61.230890839617025,0.9997813074110837,0.9999889338868683,26214,12839,0.048976898193359375,2.041747799672872,0.09999847412109375,535231.9351974453,0.9997702437180289,20.41309843206005,1.7458012556918032e-06,0.07044573106722711,0.08338408225536938,,,
no_T3,0,1,0.1,True,0.04907989501953125,61.221767357552224,0.9997456258812993,0.9999889104525124,26214,12866,0.04907989501953125,2.0374630809886525,0.09999847412109375,534108.7219026893,0.9997345391547056,20.36953295757587,5.927376497763057e-06,0.09856808741997962,0.10376138375365859,,,
no_T4,0,1,0.1,True,0.04895782470703125,61.232582478644,0.9997425274586177,0.9999889379842575,26214,12834,0.04895782470703125,2.042543244506779,0.09999847412109375,535440.4562879851,0.9997314682910404,20.420259157214158,3.49131724675725e-05,0.08957288840597588,0.10707257724611538,,,
no_decomp,0,1,0.1,True,0.04876708984375,61.24953520849655,0.9997925573508643,0.9999889808706177,26214,12784,0.04876708984375,2.050531914893617,0.09999847412109375,537534.6382978724,0.9997815405073194,20.501152390077497,1.7360652812375412e-05,0.05635268784132209,0.0928452570153575,,,
fixed_path,0,1,0.1,True,0.049236297607421875,61.20794972764607,0.9998070369917675,0.9999888748177305,26214,12907,0.049236297607421875,2.0309909351514683,0.09999847412109375,532412.0877043465,0.9997959139562467,20.306074228569482,6.265406437670977e-05,0.058629183315825124,0.08829483337468509,,,
fixed_plane,0,1,0.1,True,0.0487518310546875,61.25089428997191,0.9997393563198316,0.9999889844196237,26214,12780,0.0487518310546875,2.051173708920188,0.09999847412109375,537702.8807511737,0.9997283436105967,20.506477848783746,1.0220511810215073e-05,0.09109280180465489,0.12019700730681925,,,
single_seg,0,1,0.1,True,0.04923248291015625,61.20828622048465,0.9998331244377695,0.9999888756379137,26214,12906,0.04923248291015625,2.0311483031148305,0.09999847412109375,532453.3407717341,0.9998220019320674,20.3081775046087,4.555981708797218e-07,0.06809400939530781,0.08368828796048018,,,
no_ga,0,1,0.1,True,0.10695266723632812,57.83888741183597,0.9995599588431905,0.9999758348129804,26214,10702,0.04082489013671875,2.44944870117735,0.09999847412109375,245099.0767913828,0.9995358042898477,9.345590251444799,9.009862620957022e-06,0.028191374694608473,0.05710868838663566,,,
unconstrained,0,1,0.1,True,0.049282073974609375,61.20391384585417,0.9997476556189602,0.9999888645063217,26214,12919,0.049282073974609375,2.029104419846737,0.09999847412109375,531917.5490363031,0.9997365229352612,20.286007513611047,3.7139293496077976e-06,0.0405685927718742,0.09969705917446968,,,
full,0,2,0.1,True,0.049007415771484375,61.228185586975464,0.9998664891523107,0.9999919433434971,26214,12847,0.049007415771484375,2.0404763758075815,0.09999847412109375,534898.6390597026,0.9998584335714588,20.402186441204677,1.396057050221554e-13,0.24733163950974632,0.1852227513150368,,,
no_T1T2,0,2,0.1,True,0.0491180419921875,61.21839314805996,0.9999085583131695,0.9999919251655377,26214,12876,0.0491180419921875,2.0358807082945014,0.09999847412109375,533693.9123951538,0.9999004842170837,20.357091684886857,3.148221001137354e-18,0.15314095227052052,0.1492328680085157,,,
no_T3,0,2,0.1,True,0.04878997802734375,61.247497383409176,0.9998921512780041,0.9999919791300192,26214,12790,0.04878997802734375,2.0495699765441753,0.09999847412109375,537282.4719311963,0.999884131273064,20.49363766289649,1.7292381115814117e-15,0.15766810300496678,0.17048692253927425,,,
no_T4,0,2,0.1,True,0.04901885986328125,61.22717155152259,0.9998605523561265,0.9999919414676572,26214,12850,0.04901885986328125,2.04,0.09999847412109375,534773.76,0.999852494947527,20.397302135060276,3.4168449873921167e-17,0.13609870081482534,0.17262998306643954,,,
no_decomp,0,2,0.1,True,0.048786163330078125,61.24783695452777,0.9998757991855266,0.9999919797662611,26214,12789,0.048786163330078125,2.0497302369223553,0.09999847412109375,537324.4832277739,0.9998677799479072,20.4949049422679,8.147247559244394e-12,0.16341087453738595,0.1916325961905828,,,
fixed_path,0,2,0.1,True,0.049091339111328125,61.22075481941225,0.9999121781986183,0.9999919297805427,26214,12869,0.049091339111328125,2.036988110964333,0.09999847412109375,533984.2113606341,0.9999041086879022,20.368238609672968,2.4862910939814152e-21,0.13466096184322338,0.14771348632739262,,,
fixed_plane,0,2,0.1,True,0.04865264892578125,61.25973870168336,0.9998817690866535,0.9999920016798297,26214,12754,0.04865264892578125,2.055355182687784,0.09999847412109375,538799.0290105065,0.9998737717121319,20.551270974729896,1.0593497735595595e-12,0.190420933380185,0.18075476222554637,,,
single_seg,0,2,0.1,True,0.04933929443359375,61.19887426208474,0.9998798942075178,0.9999918888038501,26214,12934,0.04933929443359375,2.0267511983918354,0.09999847412109375,531300.6661512293,0.9998717839855695,20.265222587066116,1.0089101984945847e-13,0.18338596190336065,0.18251225348229283,,,
no_ga,0,2,0.1,True,0.050281524658203125,61.116719227886506,0.9999020556264688,0.9999917338664961,26214,13181,0.050281524658203125,1.9887717168651848,0.09999847412109375,521344.572945907,0.9998937903025862,19.885908335109715,3.1843506871694676e-14,0.13469073468444412,0.1343483619159677,,,
unconstrained,0,2,0.1,True,0.04883575439453125,61.243424599598,0.9999002846839403,0.9999919715641473,26214,12802,0.04883575439453125,2.0476488048742385,0.09999847412109375,536778.8483049524,0.9998922570486457,20.47459426900173,1.9500417031270045e-15,0.140530448686389,0.1478245780201403,,,
full,0,3,0.1,True,0.0491943359375,61.21165258358556,0.9996712657073414,0.999993624373411,26214,12896,0.0491943359375,2.032723325062035,0.09999847412109375,532866.2233250621,0.9996648921766396,20.32073150548643,2.8559697888942846e-58,0.1860305065899892,0.15298933579576204,,,
no_T1T2,0,3,0.1,True,0.04895782470703125,61.232582478644,0.999709911722628,0.9999936549685238,26214,12834,0.04895782470703125,2.042543244506779,0.09999847412109375,535440.4562879851,0.999703568531771,20.41968928387039,5.37043174624051e-69,0.1951275179798533,0.14895431898719755,,,
no_T3,0,3,0.1,True,0.0489349365234375,61.23461331563169,0.999657387965312,0.9999936579231774,26214,12828,0.0489349365234375,2.0434985968194574,0.09999847412109375,535690.8961646399,0.9996510480613613,20.428166849313804,2.743692648973612e-66,0.19773795199505337,0.1425739733340474,,,
no_T4,0,3,0.1,True,0.048786163330078125,61.24783695452777,0.9996578262661274,0.9999936772527263,26214,12789,0.048786163330078125,2.0497302369223553,0.09999847412109375,537324.4832277739,0.9996515056823317,20.49047183560788,7.617780881682122e-82,0.1993513637991948,0.17435138639895179,,,
no_decomp,0,3,0.1,True,0.0490570068359375,61.22379314231368,0.9996579786656826,0.9999936421069383,26214,12860,0.0490570068359375,2.0384136858475896,0.09999847412109375,534357.9172628305,0.999651622947156,20.37734642658315,1.0717836276351257e-77,0.19887456958761385,0.158068777927015,,,
fixed_path,0,3,0.1,True,0.049373626708984375,61.195853316461424,0.9996799923437891,0.9999936011711431,26214,12943,0.049373626708984375,2.0253418836436685,0.09999847412109375,530931.2227458858,0.9996735955626065,20.24711697714316,7.100031855045321e-67,0.19631777746164747,0.16427264171672962,,,
fixed_plane,0,3,0.1,True,0.049106597900390625,61.21940513567238,0.999611864567271,0.9999936357980538,26214,12873,0.049106597900390625,2.0363551619669074,0.09999847412109375,533818.287578653,0.9996055028354971,20.3558288615947,4.471346633525118e-50,0.18615994585922355,0.15493086058243205,,,
single_seg,0,3,0.1,True,0.049343109130859375,61.1985384976701,0.9996081387922667,0.999993605089964,26214,12935,0.049343109130859375,2.0265945110166217,0.09999847412109375,531259.5914959413,0.9996017463881479,20.25818323967334,1.4193885507769389e-84,0.2620857165161979,0.1900586437211611,,,
no_ga,0,3,0.1,True,0.10572433471679688,57.88905399891092,0.9994151346425767,0.9999862979833345,26214,10747,0.040996551513671875,2.4391923327440215,0.09999847412109375,247946.70092007937,0.9994014406397461,9.452898836552972,2.8836220107655484e-79,0.17163794913226452,0.11852731518330183,,,
unconstrained,0,3,0.1,True,0.049030303955078125,61.22615775278187,0.9996930415470342,0.9999936456801323,26214,12853,0.049030303955078125,2.0395238465727847,0.09999847412109375,534648.9392359761,0.9996866891776787,20.389159530677148,2.1154545469736332e-55,0.17590170893027732,0.13423366652803645,,,
full,0,4,0.1,True,0.0488739013671875,61.24003352827788,0.9997599042920658,0.999989388942543,26214,12812,0.0488739013671875,2.0460505775835154,0.09999847412109375,536359.882610053,0.9997492957822781,20.455688369774393,6.354791483735113e-34,0.06170878901966156,0.07960668098834917,,,
no_T1T2,0,4,0.1,True,0.049221038818359375,61.20929585545817,0.9997104660430833,0.9999893139724273,26214,12903,0.049221038818359375,2.0316205533596836,0.09999847412109375,532577.1383399209,0.9996997831094785,20.310416177900574,1.5212413810363747e-59,0.07708883794789693,0.09925306982391012,,,
no_T3,0,4,0.1,True,0.048858642578125,61.24138963908329,0.999779864078191,0.9999893933688555,26214,12808,0.048858642578125,2.046689569019363,0.09999847412109375,536527.3903810119,0.999769259781947,20.46248538696742,1.7427097113670955e-58,0.05116049108584138,0.06145773561072572,,,
no_T4,0,4,0.1,True,0.049190521240234375,61.211989363456155,0.9997035242072734,0.9999893203208553,26214,12895,0.049190521240234375,2.0328809616130283,0.09999847412109375,532907.5468010857,0.999692847694395,20.322875677859596,2.0156840608976075e-63,0.06060453899148315,0.08808468320363777,,,
no_decomp,0,4,0.1,True,0.048908233642578125,61.236983826332924,0.9996343491063415,0.9999893829581152,26214,12821,0.048908233642578125,2.044614304656423,0.09999847412109375,535983.3722798533,0.9996237359465876,20.438761768659408,1.8612626380162637e-37,0.07741944946605263,0.11611835642212924,,,
fixed_path,0,4,0.1,True,0.049571990966796875,61.17843998982541,0.9997751974186146,0.9999892380645496,26214,12995,0.049571990966796875,2.0172373989996153,0.09999847412109375,528806.6807233552,0.9997644379024752,20.167929881454903,1.5019979091858979e-44,0.05450222322363332,0.06885501095953145,,,
fixed_plane,0,4,0.1,True,0.04866790771484375,61.258376850051306,0.9998280074996948,0.9999894338144187,26214,12758,0.04866790771484375,2.0547107697131213,0.09999847412109375,538630.1000156765,0.9998174431314182,20.543670153021043,2.8882952021644476e-58,0.03420135373946182,0.042743804468037674,,,
single_seg,0,4,0.1,True,0.04924774169921875,61.20694040553151,0.9996587823831553,0.9999893076250931,26214,12910,0.04924774169921875,2.030518977536793,0.09999847412109375,532288.3668474051,0.9996480936566751,20.29835397858524,8.464693756524434e-46,0.08274315840593592,0.1068284056494099,,,
no_ga,0,4,0.1,True,0.087677001953125,58.70194669835681,0.9994794712687562,0.99998096424038,26214,11578,0.04416656494140625,2.264121609949905,0.09999847412109375,298983.76331360947,0.999460445417796,11.399345588392043,1.0107474197225378e-60,0.04217589742165348,0.05996782927942078,,,
unconstrained,0,4,0.1,True,0.049015045166015625,61.2275095370334,0.9997568982891932,0.9999893582411465,26214,12849,0.049015045166015625,2.0401587672192387,0.09999847412109375,534815.3798739201,0.9997462591173696,20.396722184610766,2.0230072162556199e-51,0.06035515855557231,0.07738144493394157,,,
full,0,5,0.1,True,0.049030303955078125,61.22615775278187,0.9996930030613702,0.9999925564140428,26214,12853,0.049030303955078125,2.0395238465727847,0.09999847412109375,534648.9392359761,0.9996855617605711,20.389136536385525,2.28393979678008e-66,0.09319703612836922,0.08834253176784304,,,
no_T1T2,0,5,0.1,True,0.049037933349609375,61.22548201840693,0.9996292698690358,0.9999925552714843,26214,12855,0.049037933349609375,2.0392065344224037,0.09999847412109375,534565.7577596266,0.9996218279005052,20.38466467935823,7.485124738949061e-64,0.07830161207027365,0.085398912335191,,,
no_T3,0,5,0.1,True,0.048809051513671875,61.245799925963674,0.99965130619145,0.9999925900548455,26214,12795,0.048809051513671875,2.0487690504103164,0.09999847412109375,537072.513950762,0.9996438988300975,20.48070732433897,4.133453137787914e-60,0.09793899212191677,0.08723726448862255,,,
no_T4,0,5,0.1,True,0.04901885986328125,61.22717155152259,0.999609367727752,0.9999925583492464,26214,12850,0.04901885986328125,2.04,0.09999847412109375,534773.76,0.9996019289839473,20.39219051140606,2.4752490782730452e-55,0.11478158982505746,0.09488231071096442,,,
no_decomp,0,5,0.1,True,0.048797607421875,61.24681832081394,0.9996274378019647,0.9999925918005169,26214,12792,0.048797607421875,2.049249530956848,0.09999847412109375,537198.4690431519,0.9996200323624967,20.48502140115966,9.11557706199736e-60,0.10156753201325316,0.09338550378058758,,,
fixed_path,0,5,0.1,True,0.049503326416015625,61.184459781852105,0.9996983712170875,0.9999924846934525,26214,12977,0.049503326416015625,2.0200354473298914,0.09999847412109375,529540.172304847,0.9996908581773727,20.1944178412614,3.1920483146666203e-63,0.08049094752061646,0.07629123560148983,,,
fixed_plane,0,5,0.1,True,0.04906463623046875,61.22311777572823,0.9997064582323023,0.9999925514020681,26214,12862,0.04906463623046875,2.0380967190172603,0.09999847412109375,534274.8263100607,0.999699011820845,20.375143659987838,8.683335226038757e-76,0.07074977759538942,0.06798440504249549,,,
single_seg,0,5,0.1,True,0.049350738525390625,61.197867046707245,0.9996372377832355,0.9999925081562043,26214,12937,0.049350738525390625,2.026281208935611,0.09999847412109375,531177.4612352168,0.9996297486571978,20.25561883218617,1.920733049661667e-55,0.10451679188244958,0.09210722672248818,,,
no_ga,0,5,0.1,True,0.08707809448242188,58.73171443999358,0.9993302693325751,0.9999867805855229,26214,11667,0.044506072998046875,2.246850089997429,0.09999847412109375,301040.1198580628,0.9993170587715453,11.47610159261436,8.98760621791953e-73,0.06740824830818562,0.0578330945739395,,,
unconstrained,0,5,0.1,True,0.0491485595703125,61.215695666719185,0.9996353998738985,0.999992538620753,26214,12884,0.0491485595703125,2.0346165787022663,0.09999847412109375,533362.5284073269,0.9996279412150713,20.33890616438091,2.146884602508492e-53,0.10492337222587847,0.10265620454722729,,,
full,0,6,0.1,True,0.06658172607421875,59.897253111888695,0.9997289262120012,0.9999795074957549,26214,12143,0.046321868896484375,2.1587746026517336,0.09999847412109375,393711.63148848404,0.9997084392627368,15.014757024297632,1.1837842378742672e-76,0.17865694570944562,0.10518473820545213,,,
no_T1T2,0,6,0.1,True,0.049221038818359375,61.20929585545817,0.9998351253066234,0.9999848500817036,26214,12903,0.049221038818359375,2.0316205533596836,0.09999847412109375,532577.1383399209,0.9998199778861652,20.31285811694884,3.278066074217919e-40,0.19826184818533008,0.11124438828752022,,,
no_T3,0,6,0.1,True,0.049015045166015625,61.2275095370334,0.9997840283611806,0.9999849136739287,26214,12849,0.049015045166015625,2.0401587672192387,0.09999847412109375,534815.3798739201,0.9997689452933279,20.397185025680923,1.3235106578562134e-62,0.1884131810499666,0.13557694386878558,,,
no_T4,0,6,0.1,True,0.04907989501953125,61.221767357552224,0.9997689489743328,0.9999848935493636,26214,12866,0.04907989501953125,2.0374630809886525,0.09999847412109375,534108.7219026893,0.9997538460140573,20.369926333709703,2.7062521261009027e-58,0.18149661158782945,0.13069312058708332,,,
no_decomp,0,6,0.1,True,0.048755645751953125,61.25055447972808,0.9997959296325619,0.9999849933780602,26214,12781,0.048755645751953125,2.0510132227525233,0.09999847412109375,537660.8102652375,0.999780926073029,20.505951888309845,2.1658604688204576e-59,0.19883997836013192,0.12600308805181445,,,
fixed_path,0,6,0.1,True,0.049434661865234375,61.19048792954593,0.9998594339716357,0.9999848019677818,26214,12959,0.049434661865234375,2.0228412686164057,0.09999847412109375,530275.701520179,0.9998442380757445,20.22557048739316,3.0072922178620144e-05,0.16294511504824669,0.09310411951796231,,,
fixed_plane,0,6,0.1,True,0.048816680908203125,61.245121128710174,0.9997927920765952,0.9999849746903836,26214,12797,0.048816680908203125,2.0484488552004376,0.09999847412109375,536988.5766976635,0.9997777698803421,20.480248785458496,2.4765645847769908e-54,0.19352845369996585,0.13352164080271384,,,
single_seg,0,6,0.1,True,0.04911041259765625,61.21906778026621,0.9998402722851016,0.9999848845228325,26214,12874,0.04911041259765625,2.0361969861736835,0.09999847412109375,533776.8227435141,0.9998251592222948,20.358720408510894,5.958569357312807e-79,0.19057075762400796,0.10758943058617007,,,
no_ga,0,6,0.1,True,0.10514068603515625,57.91309554437066,0.9994955088868016,0.9999676402155896,26214,12413,0.047351837158203125,2.111818255055184,0.09999847412109375,249323.08308540744,0.9994631654276148,9.505960091352465,4.401749038944368e-76,0.16741083830274323,0.10399742307070373,,,
unconstrained,0,6,0.1,True,0.04888153076171875,61.2393556316373,0.9997884541660075,0.9999849552067483,26214,12814,0.04888153076171875,2.0457312314655844,0.09999847412109375,536276.1679413142,0.9997734125554192,20.452989032380817,1.0651759347495075e-76,0.16280309400920084,0.12693618586506378,,,
full,0,7,0.1,True,0.049213409423828125,61.20996907586242,0.999747068132469,0.9999885129781305,26214,12901,0.049213409423828125,2.031935508875281,0.09999847412109375,532659.7020386016,0.9997355840160335,20.31429229798458,0.9548940836517614,0.11436153768206118,0.12680802187711923,,,
no_T1T2,0,7,0.1,True,0.04889678955078125,61.23800015571524,0.9997408345123213,0.9999885865896015,26214,12818,0.04889678955078125,2.0450928381962865,0.09999847412109375,536108.8169761273,0.999729424059885,20.445706829517434,0.9730628679482413,0.09096223704709956,0.12715135616752296,,,
no_T3,0,7,0.1,True,0.04892730712890625,61.23529047238351,0.9997349123899935,0.9999885796052331,26214,12826,0.04892730712890625,2.0438172462186186,0.09999847412109375,535774.4281927336,0.9997234950226317,20.43283298606056,0.9754961044286293,0.1012407097125661,0.12802742110631443,,,
no_T4,0,7,0.1,True,0.048511505126953125,61.27235611531688,0.9997586549029637,0.9999886771040707,26214,12717,0.048511505126953125,2.0613352205708892,0.09999847412109375,540366.6600613352,0.9997473347397597,20.608458387828858,0.9949596656082973,0.09902001957035864,0.11985347764614628,,,
no_decomp,0,7,0.1,True,0.048931121826171875,61.234951880809724,0.9997740325660681,0.999988579042871,26214,12827,0.048931121826171875,2.0436579090979965,0.09999847412109375,535732.6589225852,0.9997626141897035,20.43203950527369,0.997734235537668,0.1067383608611054,0.12560905142944692,,,
fixed_path,0,7,0.1,True,0.04938507080078125,61.1948468013766,0.9997715508178544,0.9999884730981012,26214,12946,0.04938507080078125,2.0248725475050207,0.09999847412109375,530808.1890931561,0.999760026549267,20.244175220124443,0.9811027459988958,0.11802414521206514,0.13727924642717643,,,
fixed_plane,0,7,0.1,True,0.048892974853515625,61.23833898503619,0.9997652217445966,0.9999885876591492,26214,12817,0.048892974853515625,2.045252399157369,0.09999847412109375,536150.6449247093,0.9997538120831153,20.44780083597692,0.8970778872290374,0.09553587598030205,0.12988772324013476,,,
single_seg,0,7,0.1,True,0.049213409423828125,61.20996907586242,0.9997778350737836,0.9999885128177142,26214,12901,0.049213409423828125,2.031935508875281,0.09999847412109375,532659.7020386016,0.9997663504435468,20.314917461489273,0.9736713646801611,0.10343255281574412,0.14116636955025072,,,
no_ga,0,7,0.1,True,0.0874481201171875,58.713298830338594,0.9996125511695488,0.9999795881578311,26214,11577,0.044162750244140625,2.26431718061674,0.09999847412109375,299766.3067527482,0.9995921472359243,11.43068765682316,0.9696166724903296,0.07270183068938392,0.10151417190530242,,,
unconstrained,0,7,0.1,True,0.0490570068359375,61.22379314231368,0.9997569945131118,0.9999885492903483,26214,12860,0.0490570068359375,2.0384136858475896,0.09999847412109375,534357.9172628305,0.9997455465860454,20.37926100810671,0.9248423910890949,0.11585763765760201,0.1339917502656064,,,
full,0,8,0.1,True,0.048641204833984375,61.26076037072999,0.9996270902657578,0.9999887180827229,26214,12751,0.048641204833984375,2.0558387577444908,0.09999847412109375,538925.7953101718,0.9996158125556175,20.550802883427167,2.7385625965278237e-32,0.08316154603680467,0.0960673165360111,,,
no_T1T2,0,8,0.1,True,0.04912567138671875,61.21771862063467,0.999565449408771,0.9999886051738568,26214,12878,0.04912567138671875,2.035564528653518,0.09999847412109375,533611.0277993478,0.9995540595342562,20.346878349320395,9.681623418201785e-34,0.08033324954915015,0.09312931542628042,,,
no_T3,0,8,0.1,True,0.0487213134765625,61.253613729521646,0.999499886033885,0.9999886981990149,26214,12772,0.0487213134765625,2.0524585029752584,0.09999847412109375,538039.6818039462,0.9994885898850884,20.51440157429037,5.851450662563168e-36,0.08026465756002658,0.10349762017188596,,,
no_T4,0,8,0.1,True,0.04892730712890625,61.23529047238351,0.9995911093412854,0.9999886504430877,26214,12826,0.04892730712890625,2.0438172462186186,0.09999847412109375,535774.4281927336,0.9995797644251009,20.42989535049537,3.5463843888565696e-44,0.06555467319671224,0.08181718268442643,,,
no_decomp,0,8,0.1,True,0.04892730712890625,61.23529047238351,0.9995172244735431,0.9999886504718308,26214,12826,0.04892730712890625,2.0438172462186186,0.09999847412109375,535774.4281927336,0.9995058804246484,20.42838527350998,1.5734321710552282e-29,0.08081789728062261,0.10291870531999156,,,
fixed_path,0,8,0.1,True,0.04913330078125,61.21704419795779,0.9995914177643979,0.9999886027236485,26214,12880,0.04913330078125,2.035248447204969,0.09999847412109375,533528.1689440993,0.9995800251447711,20.34424736890923,9.129870098838848e-48,0.07322900864958226,0.08749643347125759,,,
fixed_plane,0,8,0.1,True,0.048828125,61.24410313171704,0.9995428929544852,0.9999886737338287,26214,12800,0.048828125,2.04796875,0.09999847412109375,536862.72,0.9995315718656299,20.4704065918081,5.387751058701346e-36,0.0773615906057682,0.09855015635363426,,,
single_seg,0,8,0.1,True,0.049396514892578125,61.193840519506324,0.9996197221961527,0.9999885418386699,26214,12949,0.049396514892578125,2.0244034288362034,0.09999847412109375,530685.2124488377,0.999608268392107,20.236412843414975,7.800315758891076e-42,0.06446618328082908,0.0761619291194434,,,
no_ga,0,8,0.1,True,0.08795928955078125,58.687986479715796,0.999318747714986,0.9999795964145316,26214,11636,0.0443878173828125,2.2528360261258165,0.09999847412109375,298024.235232891,0.9992983580295068,11.360918933441194,5.759245407301541e-43,0.035239340708327585,0.051805729493255626,,,
unconstrained,0,8,0.1,True,0.048946380615234375,61.23359777843098,0.999586962644785,0.9999886464142592,26214,12831,0.048946380615234375,2.0430208089782558,0.09999847412109375,535565.6469487959,0.9995756137484992,20.421849403046263,5.752117250163766e-36,0.07291076152067011,0.08342937136160428,,,
full,0,9,0.1,True,0.049045562744140625,61.22480638915555,0.9995166225663167,0.9999901551399596,26214,12857,0.049045562744140625,2.0388893209924555,0.09999847412109375,534482.6021622462,0.9995067824650594,20.37914801139617,5.342359934562636e-12,0.0987802302386277,0.1020488688901651,,,
no_T1T2,0,9,0.1,True,0.048892974853515625,61.23833898503619,0.9995241539170066,0.9999901856385055,26214,12817,0.048892974853515625,2.045252399157369,0.09999847412109375,536150.6449247093,0.9995143442256376,20.442903039142198,6.551499230006019e-15,0.10156345257201521,0.09593197257849692,,,
no_T3,0,9,0.1,True,0.04911041259765625,61.21906778026621,0.9995127901807886,0.999990142128457,26214,12874,0.04911041259765625,2.0361969861736835,0.09999847412109375,533776.8227435141,0.9995029371120975,20.352159231498653,1.7771143526068445e-10,0.10546289493127069,0.10463819472329888,,,
no_T4,0,9,0.1,True,0.049068450927734375,61.22278013181599,0.9995570499258701,0.9999901507249785,26214,12863,0.049068450927734375,2.0379382725647206,0.09999847412109375,534233.2905232061,0.9995472050135857,20.370465871964658,7.803434360242405e-11,0.08368918802708554,0.09281401125152883,,,
no_decomp,0,9,0.1,True,0.048900604248046875,61.23766135282713,0.9995595710989345,0.999990184299484,26214,12819,0.048900604248046875,2.0449333021296514,0.09999847412109375,536066.9955534753,0.9995497597215367,20.440437804231415,4.949982894470755e-12,0.09120059903235798,0.08987293978246881,,,
fixed_path,0,9,0.1,True,0.049243927001953125,61.20727682017354,0.9995773326524857,0.99999011521398,26214,12909,0.049243927001953125,2.0306762723681153,0.09999847412109375,532329.6007436672,0.999567452044442,20.298288802288187,7.6962001400582535e-19,0.09095996614412637,0.09010578087744532,,,
fixed_plane,0,9,0.1,True,0.04889678955078125,61.23800015571524,0.999454410820551,0.9999901857065836,26214,12818,0.04889678955078125,2.0450928381962865,0.09999847412109375,536108.8169761273,0.9994446018817069,20.43988186266798,1.3443603350026527e-06,0.12026733172644222,0.12748512110183338,,,
single_seg,0,9,0.1,True,0.04925537109375,61.20626765441577,0.9995196975445634,0.9999901128972516,26214,12912,0.04925537109375,2.0302044609665426,0.09999847412109375,532205.9182156133,0.9995098151906147,20.292402493287522,9.414430122277587e-19,0.0955465003856054,0.10472157059910699,,,
no_ga,0,9,0.1,True,0.08769607543945312,58.70100202543223,0.9992491924093987,0.9999823972067078,26214,11589,0.044208526611328125,2.2619725601863836,0.09999847412109375,298918.73574318155,0.9992316028324173,11.394256787720266,1.572647441411688e-06,0.0742951411961784,0.07262082475123632,,,
unconstrained,0,9,0.1,True,0.04921722412109375,61.20963245261541,0.9994960542778455,0.9999901211228728,26214,12902,0.04921722412109375,2.0317780189117967,0.09999847412109375,532618.416989614,0.9994861803791362,20.30765038515798,9.254826093107978e-10,0.1057431638027757,0.10542234809866084,,,
full,0,10,0.1,True,0.04892730712890625,61.23529047238351,0.9998703709353473,0.9999958781533614,26214,12826,0.04892730712890625,2.0438172462186186,0.09999847412109375,535774.4281927336,0.9998662496230198,20.435750673723447,0.0,0.45257491128448907,0.30857643728762846,,,
no_T1T2,0,10,0.1,True,0.0489501953125,61.233259318794836,0.9999077505009124,0.9999958787013222,26214,12832,0.0489501953125,2.042861596009975,0.09999847412109375,535523.9102244389,0.9999036295824224,20.426958936506743,0.0,0.42253225139763395,0.26405499348925204,,,
no_T3,0,10,0.1,True,0.048946380615234375,61.23359777843098,0.9999003714749538,0.9999958851056494,26214,12831,0.048946380615234375,2.0430208089782558,0.09999847412109375,535565.6469487959,0.9998962569905641,20.428400311163152,0.0,0.444887584581052,0.29321085298467675,,,
no_T4,0,10,0.1,True,0.049121856689453125,61.21805587125173,0.9998874134448653,0.9999958762555102,26214,12877,0.049121856689453125,2.0357226061970954,0.09999847412109375,533652.4668789314,0.9998832901646537,20.355160768573658,0.0,0.44871217393733454,0.29987504999927994,,,
no_decomp,0,10,0.1,True,0.048755645751953125,61.25055447972808,0.999909097113412,0.9999958943829653,26214,12781,0.048755645751953125,2.0510132227525233,0.09999847412109375,537660.8102652375,0.9999049918695898,20.508496533030417,0.0,0.42574192269096817,0.26683952726558563,,,
fixed_path,0,10,0.1,True,0.04914093017578125,61.2163698799968,0.9998880679351888,0.999995883027677,26214,12882,0.04914093017578125,2.0349324639031208,0.09999847412109375,533445.3358174197,0.9998839514236869,20.34727360363383,0.0,0.4818006716907516,0.33629968827563217,,,
fixed_plane,0,10,0.1,True,0.048671722412109375,61.258036453858864,0.9999099633690465,0.9999959138442576,26214,12759,0.048671722412109375,2.0545497296026336,0.09999847412109375,538587.8843169528,0.9999058775812077,20.54387697881089,0.0,0.4647201509809096,0.3335670084045784,,,
single_seg,0,10,0.1,True,0.049304962158203125,61.20189731053592,0.9998401150233953,0.9999959127039495,26214,12925,0.049304962158203125,2.0281624758220502,0.09999847412109375,531670.6240618955,0.9998360283808421,20.27860857438046,0.0,0.4898644946977243,0.35660193352067915,,,
no_ga,0,10,0.1,True,0.12766647338867188,57.070034991095255,0.999734562439685,0.9999892572080448,26214,11464,0.043731689453125,2.2866364270760644,0.09999847412109375,205331.9035467774,0.9997238224992702,7.830746757260845,0.0,0.44252255018748715,0.2790917507122525,,,
unconstrained,0,10,0.1,True,0.049072265625,61.22244251415196,0.999910003422507,0.9999958755680957,26214,12864,0.049072265625,2.0377798507462686,0.09999847412109375,534191.7611940298,0.9999058793617874,20.37619145206906,0.0,0.429330980218908,0.27241647238872224,,,
full,0,11,0.1,True,0.049068450927734375,61.22278013181599,0.9995349670426404,0.9999921484814411,26214,12863,0.049068450927734375,2.0379382725647206,0.09999847412109375,534233.2905232061,0.9995271191752965,20.370056528732714,0.0,0.08027854304766383,0.09672271350832037,,,
no_T1T2,0,11,0.1,True,0.048885345458984375,61.239016722993085,0.9995279234283385,0.9999923016195821,26214,12815,0.048885345458984375,2.045571595786188,0.09999847412109375,536234.3204057745,0.9995202286821456,20.446213876523792,8.74781468003047e-251,0.11232950622682138,0.12689575420159285,,,
no_T3,0,11,0.1,True,0.048702239990234375,61.25531424437129,0.9995461356816636,0.9999922021128741,26214,12767,0.048702239990234375,2.0532623169107858,0.09999847412109375,538250.396804261,0.9995383413337204,20.523457268785684,0.0,0.08618061820071567,0.09788001806473472,,,
no_T4,0,11,0.1,True,0.048946380615234375,61.23359777843098,0.9995147389603245,0.9999921602480513,26214,12831,0.048946380615234375,2.0430208089782558,0.09999847412109375,535565.6469487959,0.999506903012702,20.420445606995692,0.0,0.09066245247683766,0.10035817241751022,,,
no_decomp,0,11,0.1,True,0.04892730712890625,61.23529047238351,0.9995376291941039,0.9999921706506815,26214,12826,0.04892730712890625,2.0438172462186186,0.09999847412109375,535774.4281927336,0.999529803464848,20.428874224192196,0.0,0.08269263463594344,0.09986220211008862,,,
fixed_path,0,11,0.1,True,0.04943084716796875,61.19082307210264,0.999597414999017,0.9999921057395753,26214,12958,0.04943084716796875,2.022997376138293,0.09999847412109375,530316.6241703967,0.9995895239167032,20.22197840389105,0.0,0.08549641222274515,0.09741331196844209,,,
fixed_plane,0,11,0.1,True,0.048492431640625,61.274063986202485,0.9995248176860141,0.9999923565705815,26214,12712,0.048492431640625,2.06214600377596,0.09999847412109375,540579.2020138452,0.999517177888618,20.61181805226824,4.852826321055124e-271,0.10419405572877011,0.1239023195976,,,
single_seg,0,11,0.1,True,0.04925537109375,61.20626765441577,0.9992963732044147,0.9999921108531294,26214,12912,0.04925537109375,2.0302044609665426,0.09999847412109375,532205.9182156133,0.9992884896085592,20.287909062883067,0.0,0.129994781022416,0.1519730797968714,,,
no_ga,0,11,0.1,True,0.06915664672851562,59.73246433851453,0.9994817747669709,0.9999889231286353,26214,12428,0.0474090576171875,2.10926939169617,0.09999847412109375,379052.5023994705,0.9994707036359204,14.452272498975935,0.0,0.07537186523934127,0.08000370061566806,,,
unconstrained,0,11,0.1,True,0.049152374267578125,61.215358599326485,0.9995402410121116,0.9999921272261119,26214,12885,0.049152374267578125,2.0344586728754366,0.09999847412109375,533321.1343422584,0.999532371857802,20.335383320783208,0.0,0.08437122861547021,0.09485928146474179,,,
full,0,12,0.1,True,0.04906463623046875,61.22311777572823,0.9994117299645979,0.9999883242936856,26214,12862,0.04906463623046875,2.0380967190172603,0.09999847412109375,534274.8263100607,0.9994000611267516,20.369050662728284,0.0,0.09184258107332516,0.1152251971667281,,,
no_T1T2,0,12,0.1,True,0.04892730712890625,61.23529047238351,0.999442633822671,0.999988357101268,26214,12826,0.04892730712890625,2.0438172462186186,0.09999847412109375,535774.4281927336,0.9994309974132969,20.426854778255986,0.0,0.08477005087288857,0.08935477675145732,,,
no_T3,0,12,0.1,True,0.049251556396484375,61.20660401694693,0.9995432255653833,0.9999882796190487,26214,12911,0.049251556396484375,2.0303617070714894,0.09999847412109375,532247.1393385485,0.9995315105380024,20.29441470827001,0.0,0.08162015662252974,0.09273863687777349,,,
no_T4,0,12,0.1,True,0.04907989501953125,61.221767357552224,0.9994960201823273,0.9999883206606434,26214,12866,0.04907989501953125,2.0374630809886525,0.09999847412109375,534108.7219026893,0.999484346729122,20.364435301489117,0.0,0.07540032488376296,0.09025633114294049,,,
no_decomp,0,12,0.1,True,0.048839569091796875,61.24308537328898,0.9994953292434482,0.9999883773184715,26214,12803,0.048839569091796875,2.0474888697961413,0.09999847412109375,536736.9222838397,0.9994837124275471,20.464630032852213,0.0,0.08002513799188263,0.08782400798803694,,,
fixed_path,0,12,0.1,True,0.0496978759765625,61.16742532926736,0.9995293290071445,0.9999881731441055,26214,13028,0.0496978759765625,2.012127724900215,0.09999847412109375,527467.210316242,0.999517507717808,20.1118757708917,0.0,0.08210271800141344,0.09898664967452622,,,
fixed_plane,0,12,0.1,True,0.0489654541015625,61.23190574396105,0.999505408372394,0.999988347325788,26214,12836,0.0489654541015625,2.042224992209411,0.09999847412109375,535357.0283577439,0.9994937614614972,20.412222857943494,0.0,0.07548713308000769,0.08466786537788867,,,
single_seg,0,12,0.1,True,0.049243927001953125,61.20727682017354,0.9994713189302298,0.99998828117657,26214,12909,0.049243927001953125,2.0306762723681153,0.09999847412109375,532329.6007436672,0.9994596063023199,20.29609877097493,0.0,0.07448314235831677,0.07489398163032138,,,
no_ga,0,12,0.1,True,0.10614776611328125,57.871695020256546,0.998951254855719,0.999974768461584,26214,12374,0.04720306396484375,2.118474220139001,0.09999847412109375,246957.6229425717,0.9989260497787563,9.410711938230515,0.0,0.041027503332226004,0.043420571685386655,,,
unconstrained,0,12,0.1,True,0.04929351806640625,61.20290546115422,0.999505363610158,0.9999882711986446,26214,12922,0.04929351806640625,2.0286333384924933,0.09999847412109375,531794.0578857762,0.9994936406102946,20.276370602394756,0.0,0.08596615143949436,0.0893174491778708,,,
full,0,13,0.1,True,0.048755645751953125,61.25055447972808,0.9996567201837842,0.9999943244839795,26214,12781,0.048755645751953125,2.0510132227525233,0.09999847412109375,537660.8102652375,0.9996510466160538,20.503288002825975,1.8123105186564002e-06,0.08644728640904499,0.09516042296705574,,,
no_T1T2,0,13,0.1,True,0.0490570068359375,61.22379314231368,0.9995455038903316,0.9999942898162334,26214,12860,0.0490570068359375,2.0384136858475896,0.09999847412109375,534357.9172628305,0.9995397963018213,20.37506690215744,6.348686407108253e-09,0.12341775621519917,0.13348869262125443,,,
no_T3,0,13,0.1,True,0.048969268798828125,61.23156741615976,0.9996674549705894,0.9999942996190898,26214,12837,0.048969268798828125,2.0420659032484227,0.09999847412109375,535315.3241411545,0.9996617564853125,20.414063370887728,2.330924926963087e-12,0.08553650692244698,0.09003941196785045,,,
no_T4,0,13,0.1,True,0.048919677734375,61.235967734734835,0.9997329523240394,0.9999943053255288,26214,12824,0.048919677734375,2.0441359950093574,0.09999847412109375,535857.986275733,0.9997272591703178,20.436096586708032,6.287552144328542e-15,0.06650096796551185,0.06573652413258725,,,
no_decomp,0,13,0.1,True,0.048686981201171875,61.256675135825915,0.999712836858376,0.9999943324525061,26214,12763,0.048686981201171875,2.053905821515318,0.09999847412109375,538419.0876753115,0.9997071709383929,20.533357096174417,2.710862008072289e-13,0.0784797141792419,0.0706564267698847,,,
fixed_path,0,13,0.1,True,0.049152374267578125,61.215358599326485,0.999718585634914,0.9999942783706744,26214,12885,0.049152374267578125,2.0344586728754366,0.09999847412109375,533321.1343422584,0.9997128656157371,20.33905544772773,2.4180936046211067e-11,0.08560571357033724,0.08319965346504377,,,
fixed_plane,0,13,0.1,True,0.04901123046875,61.22784754884967,0.9996117612582976,0.9999942951133192,26214,12848,0.04901123046875,2.0403175591531757,0.09999847412109375,534857.0062266501,0.9996060585864749,20.395449145555173,1.0417921647608021e-12,0.11632822389500946,0.11605825916356627,,,
single_seg,0,13,0.1,True,0.04923248291015625,61.20828622048465,0.9997656699221162,0.9999942689715642,26214,12906,0.04923248291015625,2.0311483031148305,0.09999847412109375,532453.3407717341,0.9997599402366327,20.306916920300004,6.394570388317871e-16,0.049247855403832023,0.0562294455860046,,,
no_ga,0,13,0.1,True,0.10554122924804688,57.89658212731044,0.9992160442812191,0.9999877145850244,26214,12337,0.047061920166015625,2.1248277539109997,0.09999847412109375,248376.86832688763,0.999203768497465,9.467425911338397,4.5116981318906824e-13,0.06971164499339418,0.05150214082374364,,,
unconstrained,0,13,0.1,True,0.049205780029296875,61.2106424006419,0.9995874461076931,0.9999942721513954,26214,12899,0.049205780029296875,2.0322505620590743,0.09999847412109375,532742.291340414,0.9995817206221347,20.31431510743227,9.630360286674066e-09,0.12526468045570227,0.12403354285234316,,,
full,0,14,0.1,True,0.049289703369140625,61.2032415633731,0.9996582578200258,0.9999854611142744,26214,12921,0.049289703369140625,2.0287903413048527,0.09999847412109375,531835.2152310193,0.9996437239028507,20.28098478126994,9.072655492868282e-27,0.06471802849249828,0.07606415267621582,,,
no_T1T2,0,14,0.1,True,0.04914093017578125,61.2163698799968,0.9996471103976219,0.999985505610382,26214,12882,0.04914093017578125,2.0349324639031208,0.09999847412109375,533445.3358174197,0.9996326211229233,20.342159123711195,3.189889064432105e-24,0.07227761710029179,0.07587554307014571,,,
no_T3,0,14,0.1,True,0.049098968505859375,61.22007992511112,0.9996919885053219,0.9999855182234983,26214,12871,0.049098968505859375,2.036671587289255,0.09999847412109375,533901.2365783545,0.9996775111893739,20.360458510855974,2.250861139790451e-19,0.07298635742851063,0.07729191415377892,,,
no_T4,0,14,0.1,True,0.04932403564453125,61.200217579391776,0.9995889652032812,0.9999854509732703,26214,12930,0.04932403564453125,2.0273781902552206,0.09999847412109375,531465.0283062645,0.9995744221567078,20.265463056600773,1.511838059433697e-23,0.07997064262053016,0.09776036628384625,,,
no_decomp,0,14,0.1,True,0.048793792724609375,61.247157838839286,0.9994697987952602,0.9999856072351135,26214,12791,0.048793792724609375,2.049409741224298,0.09999847412109375,537240.4672035024,0.999455413661435,20.483249156349245,7.640627552310326e-23,0.10675504749070282,0.1282168433951174,,,
fixed_path,0,14,0.1,True,0.0492706298828125,61.20492246474448,0.9996387235205674,0.9999854670873884,26214,12916,0.0492706298828125,2.029575720037163,0.09999847412109375,532041.0975534221,0.9996241958583554,20.288439547777386,1.6038172557153207e-15,0.09007781673236213,0.09994967035906174,,,
fixed_plane,0,14,0.1,True,0.048603057861328125,61.2641676710923,0.9995171922376155,0.9999856634546709,26214,12741,0.048603057861328125,2.0574523192842005,0.09999847412109375,539348.7807864374,0.9995028626140817,20.564608619190476,1.8803286476242554e-18,0.09031251072258963,0.11748117257425408,,,
single_seg,0,14,0.1,True,0.049350738525390625,61.197867046707245,0.9995804943720361,0.9999854431859553,26214,12937,0.049350738525390625,2.026281208935611,0.09999847412109375,531177.4612352168,0.9995659436646568,20.254325943884037,4.374052315009398e-24,0.0852516609459416,0.09988271849372489,,,
no_ga,0,14,0.1,True,0.12526702880859375,57.15243584293424,0.9986767366229758,0.9999630517601368,26214,11474,0.04376983642578125,2.2846435419208646,0.09999847412109375,209264.96181253425,0.9986398372753653,7.972088479892605,1.8266077323586374e-23,0.03746481460470466,0.04570329718589301,,,
unconstrained,0,14,0.1,True,0.04895782470703125,61.232582478644,0.9995373414052233,0.9999855589675611,26214,12834,0.04895782470703125,2.042543244506779,0.09999847412109375,535440.4562879851,0.9995229070540522,20.41599913875467,5.455871385458503e-18,0.10105154897566467,0.12217589379459481,,,
full,0,15,0.1,True,0.0491790771484375,61.212999859792745,0.9996493360163816,0.9999942751544415,26214,12892,0.0491790771484375,2.033354017995656,0.09999847412109375,533031.5556934533,0.9996436131783203,20.326603733557057,5.566463148622562e-11,0.09899409926456153,0.09687626037402164,,,
no_T1T2,0,15,0.1,True,0.0492095947265625,61.21030572520323,0.9997355847995918,0.9999942715774881,26214,12900,0.0492095947265625,2.032093023255814,0.09999847412109375,532700.9934883721,0.9997298578917618,20.31575068737814,2.2123167430802572e-14,0.06471644882604907,0.07269546871092965,,,
no_T3,0,15,0.1,True,0.04892730712890625,61.23529047238351,0.9997598382557236,0.9999943045346598,26214,12826,0.04892730712890625,2.0438172462186186,0.09999847412109375,535774.4281927336,0.9997541441582162,20.433459407937892,7.590164053598173e-10,0.06208388507384121,0.06468530184476155,,,
no_T4,0,15,0.1,True,0.049098968505859375,61.22007992511112,0.9996926716582976,0.9999942844736145,26214,12871,0.049098968505859375,2.036671587289255,0.09999847412109375,533901.2365783545,0.9996869578884553,20.36065091202791,1.606871866490105e-13,0.08729640162473347,0.08168864670870886,,,
no_decomp,0,15,0.1,True,0.048946380615234375,61.23359777843098,0.9996603649686663,0.9999943022619483,26214,12831,0.048946380615234375,2.0430208089782558,0.09999847412109375,535565.6469487959,0.9996546691657661,20.42346454631678,4.417525090128646e-13,0.0943579351515773,0.09774119445628016,,,
fixed_path,0,15,0.1,True,0.049396514892578125,61.193840519506324,0.9997157569095707,0.9999942499778525,26214,12949,0.049396514892578125,2.0244034288362034,0.09999847412109375,530685.2124488377,0.9997100085218272,20.238472505517482,2.1455266006099432e-10,0.08426877324217599,0.08475225687126128,,,
fixed_plane,0,15,0.1,True,0.04878997802734375,61.247497383409176,0.9996598118906835,0.9999943204844779,26214,12790,0.04878997802734375,2.0495699765441753,0.09999847412109375,537282.4719311963,0.9996541343072651,20.488923642208267,2.1372880492326128e-11,0.09095053929410717,0.09847715607702125,,,
single_seg,0,15,0.1,True,0.049343109130859375,61.1985384976701,0.9996735121421529,0.9999942561359735,26214,12935,0.049343109130859375,2.0265945110166217,0.09999847412109375,531259.5914959413,0.9996677701534283,20.25952129409357,7.35800534893924e-11,0.10040824414621528,0.09174655395804612,,,
no_ga,0,15,0.1,True,0.08727264404296875,58.72202227162258,0.9994170433705725,0.9999898407519399,26214,11517,0.043933868408203125,2.276113571242511,0.09999847412109375,300369.0364542355,0.9994068900449133,11.451548202812036,1.943234770232132e-12,0.049222167805081825,0.05918216751658724,,,
unconstrained,0,15,0.1,True,0.049419403076171875,61.19182865497728,0.9996684055315316,0.9999942472586372,26214,12955,0.049419403076171875,2.0234658433037436,0.09999847412109375,530439.4300270166,0.999662654697746,20.228141023009332,2.3276185418314132e-08,0.09349556477802506,0.10020621458879819,,,
full,0,16,0.1,True,0.048816680908203125,61.245121128710174,0.9995673622898728,0.9999915356078021,26214,12797,0.048816680908203125,2.0484488552004376,0.09999847412109375,536988.5766976635,0.9995589015596901,20.47576531143732,8.407801043390232e-06,0.09327691723409236,0.09097352309649495,,,
no_T1T2,0,16,0.1,True,0.048839569091796875,61.24308537328898,0.9996345142442754,0.9999915313470467,26214,12803,0.048839569091796875,2.0474888697961413,0.09999847412109375,536736.9222838397,0.9996260486864941,20.4675443963815,8.274236027667452e-07,0.0849281131994682,0.07623530982284481,,,
no_T3,0,16,0.1,True,0.0488739013671875,61.24003352827788,0.9996181172453915,0.9999915255820264,26214,12812,0.0488739013671875,2.0460505775835154,0.09999847412109375,536359.882610053,0.999609646063652,20.452831022300188,3.0470243213757965e-07,0.08727734739701964,0.07794451421444767,,,
no_T4,0,16,0.1,True,0.04917144775390625,61.21367365466169,0.9995173506976357,0.9999914740134466,26214,12890,0.04917144775390625,2.0336695112490304,0.09999847412109375,533114.2603568658,0.9995088288261438,20.32701647973628,1.2093002781244547e-07,0.10305847593528193,0.09932485290723062,,,
no_decomp,0,16,0.1,True,0.04888153076171875,61.2393556316373,0.9995653083437512,0.9999915241344145,26214,12814,0.04888153076171875,2.0457312314655844,0.09999847412109375,536276.1679413142,0.9995568361625538,20.44855839386581,1.1241274875945146e-08,0.0958833328877028,0.08543216931458134,,,
fixed_path,0,16,0.1,True,0.049465179443359375,61.18780771974457,0.9996475533298876,0.9999914228933717,26214,12967,0.049465179443359375,2.0215932752371404,0.09999847412109375,529948.5475437649,0.999638979246232,20.208942745085544,1.8632967114852433e-09,0.0924506439410934,0.07347263526386365,,,
fixed_plane,0,16,0.1,True,0.048553466796875,61.268601161810466,0.9996185524469473,0.9999915810218256,26214,12728,0.048553466796875,2.0595537397862977,0.09999847412109375,539899.6555625392,0.9996101366801715,20.587822098514053,9.022151586827681e-11,0.08162469294372396,0.07259414378329979,,,
single_seg,0,16,0.1,True,0.049259185791015625,61.205931317933974,0.9996043295800515,0.9999914585813192,26214,12913,0.049259185791015625,2.0300472392162936,0.09999847412109375,532164.7034771161,0.9995957915409575,20.292576409642432,0.0003002087337992109,0.0914116354613298,0.08588101541563477,,,
no_ga,0,16,0.1,True,0.10678863525390625,57.845553245530894,0.999049829922084,0.9999814832250333,26214,10685,0.040760040283203125,2.4533458118858213,0.09999847412109375,245475.55961991855,0.9990313307412029,9.355221446232116,2.997053795326958e-09,0.05474585191714438,0.04425727442520101,,,
unconstrained,0,16,0.1,True,0.04913330078125,61.21704419795779,0.9995784422745132,0.9999914805897008,26214,12880,0.04913330078125,2.035248447204969,0.09999847412109375,533528.1689440993,0.9995699264556372,20.344041832359206,1.3687062446967668e-09,0.09124054009475406,0.07584479127534693,,,
full,0,17,0.1,True,0.04904937744140625,61.22446861394099,0.9997969479654871,0.9999893599698737,26214,12858,0.04904937744140625,2.0387307512832478,0.09999847412109375,534441.0340643957,0.9997863100958406,20.383261974938875,0.10678977912249318,0.12443445562079901,0.09992497859388198,,,
no_T1T2,0,17,0.1,True,0.048809051513671875,61.245799925963674,0.999816419438632,0.9999894116325241,26214,12795,0.048809051513671875,2.0487690504103164,0.09999847412109375,537072.513950762,0.9998058330149745,20.48402503242497,0.1710350165627838,0.13987886435157365,0.08591197948909013,,,
no_T3,0,17,0.1,True,0.0489654541015625,61.23190574396105,0.9997895795590398,0.9999893779228728,26214,12836,0.0489654541015625,2.042224992209411,0.09999847412109375,535357.0283577439,0.9997789597170147,20.418047336869517,0.5084983431796063,0.11859349857685834,0.0976935542597002,,,
no_T4,0,17,0.1,True,0.048763275146484375,61.249874938994566,0.9998006063436109,0.9999894216473495,26214,12783,0.048763275146484375,2.05069232574513,0.09999847412109375,537576.6890401314,0.9997900301002168,20.502930270718238,0.16746842328092484,0.10027045708141023,0.10663665901193481,,,
no_decomp,0,17,0.1,True,0.049015045166015625,61.2275095370334,0.9997280627352809,0.9999893675949436,26214,12849,0.049015045166015625,2.0401587672192387,0.09999847412109375,534815.3798739201,0.9997174332215717,20.396134081596674,0.23670741912423743,0.1220243518646917,0.11280117584666204,,,
fixed_path,0,17,0.1,True,0.0493316650390625,61.19954586880054,0.9998152381298451,0.9999892983470833,26214,12932,0.0493316650390625,2.0270646458397774,0.09999847412109375,531382.8345190226,0.9998045384541857,20.26699357628627,0.16225954706718446,0.12387892328531076,0.10141945899211409,,,
fixed_plane,0,17,0.1,True,0.04907989501953125,61.221767357552224,0.9998071329239163,0.9999893529118491,26214,12866,0.04907989501953125,2.0374630809886525,0.09999847412109375,534108.7219026893,0.9997964878892381,20.37079515943078,0.2779727461697936,0.09615076118960378,0.08892124489282033,,,
single_seg,0,17,0.1,True,0.049137115478515625,61.21670702588983,0.9997796070939803,0.9999893406108893,26214,12881,0.049137115478515625,2.0350904432885644,0.09999847412109375,533486.7491654374,0.9997689500541234,20.346512820665176,0.6821912031700278,0.10935219221550369,0.09966056648771054,,,
no_ga,0,17,0.1,True,0.10688400268554688,57.84167651592579,0.9995636420200329,0.9999768138660794,26214,10792,0.041168212890625,2.4290214974054853,0.09999847412109375,245256.53363788858,0.9995404660035668,9.351637671581392,0.09591706028576676,0.092619017773002,0.05140632930696003,,,
unconstrained,0,17,0.1,True,0.049007415771484375,61.228185586975464,0.9997928567264013,0.9999893685600304,26214,12847,0.049007415771484375,2.0404763758075815,0.09999847412109375,534898.6390597026,0.999782227488663,20.400631450361022,0.19025853647725258,0.1369055389821228,0.09723815325360873,,,
full,0,18,0.1,True,0.04907989501953125,61.221767357552224,0.9998631366790661,0.9999833561758259,26214,12866,0.04907989501953125,2.0374630809886525,0.09999847412109375,534108.7219026893,0.9998464951328211,20.371814054103705,0.6587104924670601,0.11215109040167895,0.10140293212285077,,,
no_T1T2,0,18,0.1,True,0.049121856689453125,61.21805587125173,0.9998484409789598,0.9999833414233199,26214,12877,0.049121856689453125,2.0357226061970954,0.09999847412109375,533652.4668789314,0.9998317849270373,20.35411224880898,0.3026613736368044,0.10899195628132373,0.10393261931015656,,,
no_T3,0,18,0.1,True,0.0489959716796875,61.229199859251075,0.9998707153452149,0.9999833843389955,26214,12844,0.0489959716796875,2.0409529741513546,0.09999847412109375,535023.5764559327,0.9998541018323603,20.406863412546112,0.41633029045244785,0.11426658025435318,0.09295634076581985,,,
no_T4,0,18,0.1,True,0.04897308349609375,61.23122911471313,0.9998748253161747,0.9999833913657721,26214,12838,0.04897308349609375,2.0419068390715065,0.09999847412109375,535273.626421561,0.9998582187609273,20.41648488073411,0.27659578011183605,0.10193531544024896,0.08615504748702732,,,
no_decomp,0,18,0.1,True,0.048923492431640625,61.235629090357186,0.9998844085536365,0.9999834084524546,26214,12825,0.048923492431640625,2.0439766081871347,0.09999847412109375,535816.2039766082,0.9998678189239321,20.437376181208208,0.4342554976333572,0.1018561884171769,0.09778224606096525,,,
fixed_path,0,18,0.1,True,0.049465179443359375,61.18780771974457,0.9998695726993444,0.9999832260889907,26214,12967,0.049465179443359375,2.0215932752371404,0.09999847412109375,529948.5475437649,0.9998528009761111,20.21326541675651,0.9108073790660749,0.13281637708322958,0.11397031488444756,,,
fixed_plane,0,18,0.1,True,0.0487823486328125,61.24817655219921,0.999858587029528,0.9999834562120333,26214,12788,0.0487823486328125,2.049890522364717,0.09999847412109375,537366.5010947763,0.9998420455810675,20.495980074820405,0.4623610400063234,0.12233216348491001,0.10228192348541981,,,
single_seg,0,18,0.1,True,0.049495697021484375,61.18512916299076,0.9998414988139285,0.9999832151518787,26214,12975,0.049495697021484375,2.0203468208092485,0.09999847412109375,529621.7969942197,0.9998247166262255,20.20023510714954,0.6280634450371504,0.1013426449154395,0.10493789907149605,,,
no_ga,0,18,0.1,True,0.050716400146484375,61.07931941151986,0.9998637712820203,0.9999828004587669,26214,13295,0.050716400146484375,1.9717186912373073,0.09999847412109375,516874.2245957127,0.9998465740838586,19.71446260373366,0.5242353852424285,0.1302234249620421,0.11607091266255397,,,
unconstrained,0,18,0.1,True,0.049022674560546875,61.22683359231311,0.9998732704578797,0.9999833748779027,26214,12851,0.049022674560546875,2.0398412574896896,0.09999847412109375,534732.1466033772,0.9998566474426764,20.39579962549319,0.3298894797395659,0.10192931325484648,0.09392623504664431,,,
full,0,19,0.1,True,0.0494232177734375,61.191493434814326,0.9997790329052089,0.9999942177207917,26214,12956,0.0494232177734375,2.0233096634763816,0.09999847412109375,530398.4884223526,0.9997732519036939,20.22881748587851,1.837770193249981e-247,0.1129084755930071,0.11189148352279676,,,
no_T1T2,0,19,0.1,True,0.048797607421875,61.24681832081394,0.9998274472349673,0.9999942902644899,26214,12792,0.048797607421875,2.049249530956848,0.09999847412109375,537198.4690431519,0.9998217384846879,20.489154925995155,4.1480957202583984e-281,0.09543187872204806,0.08839045947632973,,,
no_T3,0,19,0.1,True,0.048801422119140625,61.246478829328986,0.9997171963234588,0.9999942896294708,26214,12793,0.048801422119140625,2.049089345735949,0.09999847412109375,537156.4774486047,0.9997114875678433,20.48529416063353,0.0,0.1181676744256811,0.1220846157158032,,,
no_T4,0,19,0.1,True,0.0488433837890625,61.24274617347477,0.9997504838240753,0.9999942847445102,26214,12804,0.0488433837890625,2.047328959700094,0.09999847412109375,536695.0028116214,0.9997447699946342,20.46837652182704,0.0,0.10216653063617334,0.10805378426932359,,,
no_decomp,0,19,0.1,True,0.048778533935546875,61.24851617642766,0.9997276073730414,0.9999942923381847,26214,12787,0.048778533935546875,2.0500508328771407,0.09999847412109375,537408.5255337452,0.9997219012659512,20.495119894069095,0.0,0.10928016563816802,0.12062206412433882,,,
fixed_path,0,19,0.1,True,0.049312591552734375,61.20122534011542,0.9998224730534149,0.9999942332424324,26214,12927,0.049312591552734375,2.0278486887909026,0.09999847412109375,531588.3666744024,0.9998167073196021,20.275079362852154,2.9982344947028606e-212,0.09662002741360513,0.09681915658395025,,,
fixed_plane,0,19,0.1,True,0.04900360107421875,61.2285236514149,0.9997724639030829,0.9999942660610849,26214,12846,0.04900360107421875,2.0406352171882296,0.09999847412109375,534940.2783745913,0.9997667312688459,20.401903316342857,0.0,0.09941493472753395,0.09715312017130834,,,
single_seg,0,19,0.1,True,0.049388885498046875,61.19451134817912,0.9997829737083138,0.999994221089101,26214,12947,0.049388885498046875,2.024716150459566,0.09999847412109375,530767.1905460724,0.9997771960515904,20.242959240113393,0.0,0.09126906046607404,0.09216582793868187,,,
no_ga,0,19,0.1,True,0.12714004516601562,57.087979994919884,0.9995572239251859,0.9999851240133837,26214,9941,0.037921905517578125,2.636958052509808,0.09999847412109375,206182.0881514597,0.9995423545253005,7.861742956124707,0.0,0.05984596166077874,0.04032992734507919,,,
unconstrained,0,19,0.1,True,0.049068450927734375,61.22278013181599,0.9997631510960767,0.9999942584939626,26214,12863,0.049068450927734375,2.0379382725647206,0.09999847412109375,534233.2905232061,0.9997574109499088,20.374749804559816,1.3158758186732703e-247,0.10771684433470116,0.09507545952183703,,,
full,0,20,0.1,True,0.048984527587890625,61.230214368460054,0.9998866923923908,0.9999954729824528,26214,12841,0.048984527587890625,2.0414297951872906,0.09999847412109375,535148.5722295771,0.9998821658877892,20.412203916711206,0.0,0.4868360664648496,0.24909137729764919,,,
no_T1T2,0,20,0.1,True,0.048992156982421875,61.229538002656,0.9997797063849525,0.9999954768069289,26214,12843,0.048992156982421875,2.0411118897453866,0.09999847412109375,535065.2352254146,0.999775184188312,20.40684153888195,0.0,0.5040354748736363,0.2794871093422974,,,
no_T3,0,20,0.1,True,0.04877471923828125,61.248855827217255,0.9998980931429057,0.9999954916677322,26214,12786,0.04877471923828125,2.050211168465509,0.09999847412109375,537450.5565462224,0.9998935852700678,20.500242766857237,0.0,0.4825016427564574,0.2686234456371766,,,
no_T4,0,20,0.1,True,0.049091339111328125,61.22075481941225,0.999887607154926,0.9999954637441485,26214,12869,0.049091339111328125,2.036988110964333,0.09999847412109375,533984.2113606341,0.9998830714089172,20.367810076262273,0.0,0.47783384367295106,0.2525336951786356,,,
no_decomp,0,20,0.1,True,0.048854827880859375,61.24172873295962,0.9997087040089488,0.99999549267913,26214,12807,0.048854827880859375,2.046849379245725,0.09999847412109375,536569.2836729913,0.9997041980010434,20.462751407885182,0.0,0.5146855725888204,0.27742146453655325,,,
fixed_path,0,20,0.1,True,0.04894256591796875,61.23393626444644,0.9996977175240376,0.9999954797094852,26214,12830,0.04894256591796875,2.0431800467653938,0.09999847412109375,535607.3901792674,0.9996931985999274,20.425843636303927,0.0,0.5494687680503594,0.363163519012399,,,
fixed_plane,0,20,0.1,True,0.048686981201171875,61.256675135825915,0.9997573321964117,0.9999955023819789,26214,12763,0.048686981201171875,2.053905821515318,0.09999847412109375,538419.0876753115,0.9997528356698177,20.534295021063127,0.0,0.5307649476062937,0.33551950229905053,,,
single_seg,0,20,0.1,True,0.0495452880859375,61.18078002865608,0.9997783864162627,0.9999954279628822,26214,12988,0.0495452880859375,2.018324607329843,0.09999847412109375,529091.6858638744,0.9997738153923704,20.178988840638862,0.0,0.482591478623857,0.2620705985417507,,,
no_ga,0,20,0.1,True,0.12460708618164062,57.17537620293741,0.9997016979833475,0.9999884820600735,26214,11752,0.044830322265625,2.2305990469707284,0.09999847412109375,210373.26851369967,0.9996901834792458,8.022739429296905,0.0,0.5461205491011976,0.3465499342856305,,,
unconstrained,0,20,0.1,True,0.048858642578125,61.24138963908329,0.9998085858374592,0.9999954841367589,26214,12808,0.048858642578125,2.046689569019363,0.09999847412109375,536527.3903810119,0.9998040708386183,20.46319787210484,0.0,0.5369896193641224,0.3434640912966477,,,
full,0,21,0.1,True,0.04872894287109375,61.25293370997606,0.9995094284141681,0.9999710727429684,26214,12774,0.04872894287109375,2.0521371535932365,0.09999847412109375,537955.4419915454,0.9994805153480268,20.51102397177025,1.008576724074031e-31,0.11019166423336672,0.10499566157196992,,,
no_T1T2,0,21,0.1,True,0.048885345458984375,61.239016722993085,0.9995815579811068,0.999970981114777,26214,12815,0.048885345458984375,2.045571595786188,0.09999847412109375,536234.3204057745,0.9995525512386048,20.446875067646726,9.379332113685693e-32,0.0918803993063479,0.07481714874649754,,,
no_T3,0,21,0.1,True,0.04901885986328125,61.22717155152259,0.9995187613780874,0.9999709041291923,26214,12850,0.04901885986328125,2.04,0.09999847412109375,534773.76,0.9994896795093364,20.389900587182527,1.0211863210542784e-28,0.1091491289752192,0.09588585598128213,,,
no_T4,0,21,0.1,True,0.049022674560546875,61.22683359231311,0.9994860937896817,0.9999708979962371,26214,12851,0.049022674560546875,2.0398412574896896,0.09999847412109375,534732.1466033772,0.9994570067416192,20.38764746519921,1.5352958285306507e-22,0.11277818939699152,0.10317406454529908,,,
no_decomp,0,21,0.1,True,0.048976898193359375,61.230890839617025,0.9996297558228692,0.9999709257695988,26214,12839,0.048976898193359375,2.041747799672872,0.09999847412109375,535231.9351974453,0.9996006923570324,20.409636568053735,2.8690759928969144e-30,0.08328919220615445,0.07057764699510867,,,
fixed_path,0,21,0.1,True,0.049129486083984375,61.2173813962047,0.9995014759952513,0.9999708349814743,26214,12879,0.049129486083984375,2.035406475658048,0.09999847412109375,533569.5951549034,0.9994723255161875,20.343634855199586,1.9210224162691537e-29,0.11368215759198722,0.10629030758372854,,,
fixed_plane,0,21,0.1,True,0.0489959716796875,61.229199859251075,0.9995214040361563,0.9999709149434777,26214,12844,0.0489959716796875,2.0409529741513546,0.09999847412109375,535023.5764559327,0.9994923328996246,20.399479766088383,1.3628462350673487e-29,0.10348795942938298,0.09421484534845351,,,
single_seg,0,21,0.1,True,0.049251556396484375,61.20660401694693,0.999539555686169,0.9999707638650209,26214,12911,0.049251556396484375,2.0303617070714894,0.09999847412109375,532247.1393385485,0.9995103330128021,20.29398472134676,9.963520615636598e-38,0.09829373963845373,0.08906829999654188,,,
no_ga,0,21,0.1,True,0.10599899291992188,57.877786217484086,0.99909527731415,0.9999370838710631,26214,12390,0.04726409912109375,2.115738498789346,0.09999847412109375,247304.23636952532,0.9990324181068623,9.424923676978635,2.4842648067796182e-36,0.06414993870914147,0.04577652101803581,,,
unconstrained,0,21,0.1,True,0.048717498779296875,61.25395377922773,0.9995176228694429,0.9999710790227818,26214,12771,0.048717498779296875,2.052619215409913,0.09999847412109375,538081.8116044162,0.9994887158430428,20.5160104867245,4.677518963419207e-28,0.11001257807527796,0.09849043526398875,,,
full,0,22,0.1,True,0.04871368408203125,61.25429385556156,0.9995965605956835,0.9999879779709169,26214,12770,0.04871368408203125,2.0527799530148787,0.09999847412109375,538123.9480031324,0.9995845434167606,20.5195842247019,1.1977901043910059e-251,0.13403705386664383,0.12127292026680536,,,
no_T1T2,0,22,0.1,True,0.0487823486328125,61.24817655219921,0.9994892403358151,0.9999879599986039,26214,12788,0.0487823486328125,2.049890522364717,0.09999847412109375,537366.5010947763,0.9994772064839661,20.48850115862784,1.58908103772501e-304,0.13536225810715738,0.11186465754252213,,,
no_T3,0,22,0.1,True,0.0490875244140625,61.2210923058964,0.9994483500969615,0.999987885412854,26214,12868,0.0490875244140625,2.037146409698477,0.09999847412109375,534025.7084239975,0.9994362421928263,20.360290198429926,1.6475460749410822e-282,0.14409104276400878,0.12307462402087613,,,
no_T4,0,22,0.1,True,0.049076080322265625,61.22210492273206,0.9995034455418488,0.9999878876732188,26214,12865,0.049076080322265625,2.0376214535561603,0.09999847412109375,534150.2383210261,0.9994913392294974,20.36616071752642,0.0,0.13636751478221765,0.11050097726534301,,,
no_decomp,0,22,0.1,True,0.0489044189453125,61.23732257636774,0.9996176191806908,0.999987930111721,26214,12820,0.0489044189453125,2.044773790951638,0.09999847412109375,536025.1806552262,0.9996055539077057,20.439984268610107,0.0,0.12672449492256208,0.10124592196006432,,,
fixed_path,0,22,0.1,True,0.049228668212890625,61.208622739396844,0.9996306787620243,0.9999878498082866,26214,12905,0.049228668212890625,2.031305695466873,0.09999847412109375,532494.600232468,0.9996185330576347,20.30561803408451,0.0,0.11880697390782292,0.09416311754563716,,,
fixed_plane,0,22,0.1,True,0.049072265625,61.22244251415196,0.9995075793348992,0.9999878883899503,26214,12864,0.049072265625,2.0377798507462686,0.09999847412109375,534191.7611940298,0.9994954736888566,20.367828160346054,0.0,0.1295006432916309,0.11006978043644702,,,
single_seg,0,22,0.1,True,0.049427032470703125,61.19115824052411,0.9991975495521798,0.9999878059511914,26214,12957,0.049427032470703125,2.023153507756425,0.09999847412109375,530357.5531373003,0.9991853652884911,20.215362228771028,1.6823495647297426e-297,0.17006048891164585,0.15557229074426918,,,
no_ga,0,22,0.1,True,0.06866455078125,59.76347777716266,0.9991846044268108,0.9999830548977477,26214,12435,0.047435760498046875,2.1080820265379976,0.09999847412109375,381769.0453333333,0.9991676731415199,14.5514339171117,3.4790649682315913e-270,0.125833666548465,0.10627299127799045,,,
unconstrained,0,22,0.1,True,0.0490875244140625,61.2210923058964,0.9996209240859825,0.9999878847495883,26214,12868,0.0490875244140625,2.037146409698477,0.09999847412109375,534025.7084239975,0.9996088134281704,20.36380578079844,0.0,0.12232584905938607,0.09765680026387953,,,
full,0,23,0.1,True,0.04911041259765625,61.21906778026621,0.9996901843284983,0.9999925901208159,26214,12874,0.04911041259765625,2.0361969861736835,0.09999847412109375,533776.8227435141,0.9996827767450109,20.35582117656083,3.434929555202489e-18,0.060838618501374536,0.08515678812705318,,,
no_T1T2,0,23,0.1,True,0.04895782470703125,61.232582478644,0.9995775005603756,0.9999926131763807,26214,12834,0.04895782470703125,2.042543244506779,0.09999847412109375,535440.4562879851,0.9995701168576852,20.416963434123502,2.12113816592177e-16,0.09431716771755436,0.12254455678454142,,,
no_T3,0,23,0.1,True,0.048980712890625,61.230552590867376,0.999694660110946,0.9999926098583646,26214,12840,0.048980712890625,2.041588785046729,0.09999847412109375,535190.2504672897,0.9996872722258155,20.40981466435858,3.856605784766513e-15,0.08027317326060551,0.09126155566260102,,,
no_T4,0,23,0.1,True,0.04891204833984375,61.23664510271859,0.9996771528930334,0.9999926201001806,26214,12822,0.04891204833984375,2.044454843238184,0.09999847412109375,535941.5704258305,0.9996697753757934,20.43810899985275,3.5524676501316187e-17,0.07025640855036482,0.08822384516839346,,,
no_decomp,0,23,0.1,True,0.048519134521484375,61.27167315497281,0.9995922321802896,0.9999926797732541,26214,12719,0.048519134521484375,2.0610110857771837,0.09999847412109375,540281.690069974,0.9995849149384967,20.601870268231565,1.1507480958919589e-16,0.07927317967291457,0.10119475779999555,,,
fixed_path,0,23,0.1,True,0.04944610595703125,61.18948265702439,0.9996866604371665,0.9999925395386173,26214,12962,0.04944610595703125,2.0223730905724424,0.09999847412109375,530152.9714550223,0.9996792023134415,20.217551674992656,3.70688555284321e-16,0.09195819059020179,0.10496634037471209,,,
fixed_plane,0,23,0.1,True,0.048763275146484375,61.249874938994566,0.9995876795836773,0.9999926426019133,26214,12783,0.048763275146484375,2.05069232574513,0.09999847412109375,537576.6890401314,0.9995803252191962,20.498629803196508,6.836127187817584e-17,0.1251694386244996,0.14154679848676885,,,
single_seg,0,23,0.1,True,0.0493927001953125,61.19417592089036,0.9996620925937841,0.9999925475889071,26214,12948,0.0493927001953125,2.0245597775718256,0.09999847412109375,530726.1983317886,0.9996546427009161,20.238914632081322,1.9429774991795485e-16,0.08513942386634772,0.09565757115938978,,,
no_ga,0,23,0.1,True,0.08884811401367188,58.64432147433945,0.9992966088529274,0.9999865946843358,26214,13391,0.051082611083984375,1.9575834515719512,0.09999847412109375,295042.84126915975,0.9992832129664435,11.247095383619225,2.7293409335228997e-18,0.08275406166227849,0.09120051034707799,,,
unconstrained,0,23,0.1,True,0.04907989501953125,61.221767357552224,0.9996548811172168,0.9999925948663007,26214,12866,0.04907989501953125,2.0374630809886525,0.09999847412109375,534108.7219026893,0.9996474785391689,20.367759102609348,5.528971474608035e-14,0.06317546781472182,0.0977250913142342,,,
full,0,24,0.1,True,0.04888916015625,61.23867784079409,0.9994176974534293,0.9999887224205751,26214,12816,0.04888916015625,2.0454119850187267,0.09999847412109375,536192.4794007491,0.9994064264409677,20.442290750073425,1.8768087267222642e-34,0.09393354865773486,0.10330486522471641,,,
no_T1T2,0,24,0.1,True,0.0487823486328125,61.24817655219921,0.9994456905324705,0.9999887470458633,26214,12788,0.0487823486328125,2.049890522364717,0.09999847412109375,537366.5010947763,0.9994344438159527,20.48762455737325,4.983165224907767e-38,0.08839750181853634,0.09733026558601697,,,
no_T3,0,24,0.1,True,0.048709869384765625,61.25463395852733,0.999574940742888,0.9999887646886502,26214,12769,0.048709869384765625,2.0529407157960686,0.09999847412109375,538166.0910016446,0.9995637102072112,20.520763509167452,6.287927224694854e-40,0.06722104661403157,0.07233047164579924,,,
no_T4,0,24,0.1,True,0.049285888671875,61.20357769160506,0.9993954709038875,0.9999886313583632,26214,12920,0.049285888671875,2.028947368421053,0.09999847412109375,531876.3789473685,0.9993841091349254,20.27728698955618,7.226857750105439e-32,0.08880616339406366,0.10653803506856481,,,
no_decomp,0,24,0.1,True,0.0489654541015625,61.23190574396105,0.9994209742551377,0.9999887048739218,26214,12836,0.0489654541015625,2.042224992209411,0.09999847412109375,535357.0283577439,0.9994096856692282,20.410505814901384,8.686495670255482e-38,0.0863916143615881,0.10136514553119787,,,
fixed_path,0,24,0.1,True,0.049381256103515625,61.195182280486804,0.999549269370073,0.9999886098239644,26214,12945,0.049381256103515625,2.025028968713789,0.09999847412109375,530849.1939745075,0.9995378843279387,20.241240567729868,2.7308404377171382e-30,0.08206085368841866,0.08818271110784127,,,
fixed_plane,0,24,0.1,True,0.048763275146484375,61.249874938994566,0.9995882651037299,0.999988751399315,26214,12783,0.048763275146484375,2.05069232574513,0.09999847412109375,537576.6890401314,0.9995770211344863,20.498562045551026,2.6117148031939592e-45,0.08408942797043384,0.08627913144444702,,,
single_seg,0,24,0.1,True,0.0493316650390625,61.19954586880054,0.9995676342275068,0.9999886205025571,26214,12932,0.0493316650390625,2.0270646458397774,0.09999847412109375,531382.8345190226,0.9995562596501691,20.261960727631763,4.0718631334212105e-39,0.06870109577081424,0.07337141940656157,,,
no_ga,0,24,0.1,True,0.10428619384765625,57.94853543646117,0.9988997362562535,0.9999759447650007,26214,12350,0.04711151123046875,2.122591093117409,0.09999847412109375,251365.9673714244,0.9988757074883572,9.578216162990266,1.7601464337687337e-32,0.05314773276702619,0.061426985365657195,,,
unconstrained,0,24,0.1,True,0.04927825927734375,61.20425002612441,0.9994596109766518,0.9999886331433551,26214,12918,0.04927825927734375,2.0292614955875523,0.09999847412109375,531958.7254993033,0.9994482502625315,20.281727985510223,4.318490554452479e-37,0.08715107142791081,0.09932266960254536,,,
full,0,25,0.1,True,0.048748016357421875,61.251234126806,0.9994327836277485,0.9999896345224045,26214,12779,0.048748016357421875,2.0513342202050238,0.09999847412109375,537744.9578214257,0.9994224240296216,20.50180702127092,5.375788722429373e-46,0.10313645427185747,0.11646147051181657,,,
no_T1T2,0,25,0.1,True,0.0489349365234375,61.23461331563169,0.9996335259099944,0.9999895950541626,26214,12828,0.0489349365234375,2.0434985968194574,0.09999847412109375,535690.8961646399,0.9996231247773001,20.42759622868885,8.573656199908396e-46,0.07117990029648831,0.07063137284563704,,,
no_T3,0,25,0.1,True,0.048919677734375,61.235967734734835,0.9995293557442677,0.9999895978822905,26214,12824,0.048919677734375,2.0441359950093574,0.09999847412109375,535857.986275733,0.9995189585222551,20.431838573211014,5.685138957372595e-39,0.0920320924806596,0.09777904321801158,,,
no_T4,0,25,0.1,True,0.048828125,61.24410313171704,0.9995012606152752,0.9999896175150744,26214,12800,0.048828125,2.04796875,0.09999847412109375,536862.72,0.9994908833085038,20.469573290158156,2.1664829116324923e-46,0.09386999321991683,0.10323050699276258,,,
no_decomp,0,25,0.1,True,0.048679351806640625,61.25735574150339,0.9995698244420186,0.9999896493892051,26214,12761,0.048679351806640625,2.054227725099914,0.09999847412109375,538503.4727685918,0.9995594782838034,20.533541248744562,4.3730553828744174e-39,0.07623442066747302,0.08518696131739854,,,
fixed_path,0,25,0.1,True,0.049556732177734375,61.17977700047832,0.9996135714488886,0.9999894625650827,26214,12991,0.049556732177734375,2.0178585174351475,0.09999847412109375,528969.5031945193,0.999603038085937,20.170882827803855,9.384187914259288e-40,0.0740695395520262,0.08523265895941577,,,
fixed_plane,0,25,0.1,True,0.048740386962890625,61.251913880261604,0.9995175694335751,0.999989636234902,26214,12777,0.048740386962890625,2.0516553181498005,0.09999847412109375,537829.1317210613,0.9995072106682741,20.506755751226738,1.0705130469515935e-47,0.08971400350528859,0.09769037731399463,,,
single_seg,0,25,0.1,True,0.04918670654296875,61.21232616944485,0.9996440506018737,0.999989541597792,26214,12894,0.04918670654296875,2.03303862261517,0.09999847412109375,532948.8766868311,0.9996335959223276,20.323247197879837,5.3364546188371e-49,0.061208045790172076,0.06636693891759894,,,
no_ga,0,25,0.1,True,0.1453704833984375,56.50604126274018,0.9987546314264301,0.999969090604865,26214,12441,0.047458648681640625,2.107065348444659,0.09999847412109375,180325.4648892621,0.9987237605248844,6.870196323056453,3.380618607652719e-48,0.04425798867022663,0.05009663853841538,,,
unconstrained,0,25,0.1,True,0.0491485595703125,61.215695666719185,0.9995488451087576,0.9999895492639546,26214,12884,0.0491485595703125,2.0346165787022663,0.09999847412109375,533362.5284073269,0.9995383990876129,20.337084297611238,2.6176906116544025e-45,0.07949484773051815,0.0906000608850858,,,
full,0,26,0.1,True,0.0490264892578125,61.22649565940091,0.9998418502485663,0.9999862870050145,26214,12852,0.0490264892578125,2.0396825396825395,0.09999847412109375,534690.5396825396,0.9998281394222875,20.393631168745422,0.6845341590331244,0.1208327403059219,0.1168760738391854,,,
no_T1T2,0,26,0.1,True,0.048839569091796875,61.24308537328898,0.9998283517409574,0.9999863388934226,26214,12803,0.048839569091796875,2.0474888697961413,0.09999847412109375,536736.9222838397,0.9998146929792852,20.471406926217426,0.8006842167244058,0.09001571577937256,0.11891839498938962,,,
no_T3,0,26,0.1,True,0.049091339111328125,61.22075481941225,0.9998579327114134,0.9999862688310093,26214,12869,0.049091339111328125,2.036988110964333,0.09999847412109375,533984.2113606341,0.9998442034931726,20.367018329358476,0.8866330704211385,0.07296528282710833,0.09822295770383564,,,
no_T4,0,26,0.1,True,0.0491485595703125,61.215695666719185,0.9998967437084724,0.9999862526228671,26214,12884,0.0491485595703125,2.0346165787022663,0.09999847412109375,533362.5284073269,0.9998829977508427,20.34409566612829,0.9081580596536316,0.04166309924086525,0.05880673217179919,,,
no_decomp,0,26,0.1,True,0.04853057861328125,61.27064891579059,0.9999067870191306,0.9999864257242776,26214,12722,0.04853057861328125,2.0605250746737935,0.09999847412109375,540154.2851752869,0.999893214008707,20.603364777008213,0.8801363872084068,0.056541931106646126,0.06540362836009962,,,
fixed_path,0,26,0.1,True,0.049228668212890625,61.208622739396844,0.9998738423320828,0.9999862303857718,26214,12905,0.049228668212890625,2.031305695466873,0.09999847412109375,532494.600232468,0.999860074454997,20.31052455311358,0.8670977885380428,0.041943285504823576,0.09580317464488242,,,
fixed_plane,0,26,0.1,True,0.04892730712890625,61.23529047238351,0.9998839413326697,0.9999863143806907,26214,12826,0.04892730712890625,2.0438172462186186,0.09999847412109375,535774.4281927336,0.9998702573016951,20.435832584601243,0.937502187806823,0.035246736198717724,0.08500400272456439,,,
single_seg,0,26,0.1,True,0.048954010009765625,61.23292088553388,0.9998041366210983,0.9999863071046656,26214,12833,0.048954010009765625,2.0427024078547493,0.09999847412109375,535482.1800046754,0.9997904464077008,20.423055153362448,0.8354951623220581,0.07414097525837794,0.16034266835766062,,,
no_ga,0,26,0.1,True,0.10656356811523438,57.85471607123388,0.9998303923904565,0.9999701937278831,26214,12295,0.046901702880859375,2.1320862139080927,0.09999847412109375,245994.01524968678,0.9998005911737101,9.382198896461109,0.9492483821874105,0.0003384649549586934,0.039024393227828705,,,
unconstrained,0,26,0.1,True,0.049076080322265625,61.22210492273206,0.999838742770841,0.9999862731440317,26214,12865,0.049076080322265625,2.0376214535561603,0.09999847412109375,534150.2383210261,0.9998250181284274,20.372959934104816,0.9639263930226135,0.12726137067983553,0.12110663926783935,,,
full,0,27,0.1,True,0.0489501953125,61.233259318794836,0.9994226548400518,0.9999880787793703,26214,12832,0.0489501953125,2.042861596009975,0.09999847412109375,535523.9102244389,0.9994107405020811,20.416889741129797,0.0,0.07284465276667465,0.09083675945652714,,,
no_T1T2,0,27,0.1,True,0.0488433837890625,61.24274617347477,0.9993660835600985,0.9999881255147918,26214,12804,0.0488433837890625,2.047328959700094,0.09999847412109375,536695.0028116214,0.9993542166023216,20.460380487113323,0.0,0.07762279834317952,0.10156116556519204,,,
no_T3,0,27,0.1,True,0.049007415771484375,61.228185586975464,0.9993329949150714,0.9999880704335058,26214,12847,0.049007415771484375,2.0404763758075815,0.09999847412109375,534898.6390597026,0.9993210733056588,20.39122156461731,0.0,0.07515383181907065,0.09556758854425795,,,
no_T4,0,27,0.1,True,0.049182891845703125,61.2126630015557,0.9993998024291625,0.9999880581862343,26214,12893,0.049182891845703125,2.0331963080741486,0.09999847412109375,532990.2129837896,0.9993878677828444,20.319827287060107,0.0,0.06899774225985822,0.09543368363254752,,,
no_decomp,0,27,0.1,True,0.04871368408203125,61.25429385556156,0.9994112721229508,0.9999881402294442,26214,12770,0.04871368408203125,2.0527799530148787,0.09999847412109375,538123.9480031324,0.9993994193345724,20.515783976667358,0.0,0.07279514079298144,0.09047014269724815,,,
fixed_path,0,27,0.1,True,0.049465179443359375,61.18780771974457,0.9994108395266145,0.9999879533195014,26214,12967,0.049465179443359375,2.0215932752371404,0.09999847412109375,529948.5475437649,0.9993987999435439,20.204087222364493,0.0,0.07221199569162375,0.09158687005300496,,,
fixed_plane,0,27,0.1,True,0.04897308349609375,61.23122911471313,0.9994817048069098,0.9999880729848019,26214,12838,0.04897308349609375,2.0419068390715065,0.09999847412109375,535273.626421561,0.9994697839734263,20.40855328321622,0.0,0.06686290361975798,0.08489608148496398,,,
single_seg,0,27,0.1,True,0.0491180419921875,61.21839314805996,0.9994047735040806,0.9999880381971938,26214,12876,0.0491180419921875,2.0358807082945014,0.09999847412109375,533693.9123951538,0.9993928188212564,20.346756065321486,0.0,0.06410726533870824,0.08107606035827389,,,
no_ga,0,27,0.1,True,0.06938552856445312,59.718114598649436,0.9991047276363291,0.9999831020939183,26214,12430,0.04741668701171875,2.108930008045052,0.09999847412109375,377802.12304139865,0.9990878448584757,14.399080983153569,0.0,0.05921961095316151,0.07934966062915877,,,
unconstrained,0,27,0.1,True,0.049098968505859375,61.22007992511112,0.9993584408086803,0.999988046671011,26214,12871,0.049098968505859375,2.036671587289255,0.09999847412109375,533901.2365783545,0.9993464951484594,20.353716698329404,0.0,0.0788864546541223,0.09550891531484887,,,
full,0,28,0.1,True,0.049045562744140625,61.22480638915555,0.9997115197344364,0.9999890240328093,26214,12857,0.049045562744140625,2.0388893209924555,0.09999847412109375,534482.6021622462,0.9997005469335957,20.38309871473598,0.0590803060891958,0.0819074833929183,0.09772858276798477,,,
no_T1T2,0,28,0.1,True,0.049015045166015625,61.2275095370334,0.9997635660975022,0.9999890312006707,26214,12849,0.049015045166015625,2.0401587672192387,0.09999847412109375,534815.3798739201,0.999752599891569,20.39685154844544,0.0005200109034380966,0.04585424574400332,0.07077196992776534,,,
no_T3,0,28,0.1,True,0.04874420166015625,61.251573990234505,0.999648943618089,0.9999890919632448,26214,12778,0.04874420166015625,2.0514947566129287,0.09999847412109375,537787.0414775396,0.9996380394106698,20.50783488834486,0.11168574877849027,0.10970439662039717,0.1235892189157858,,,
no_T4,0,28,0.1,True,0.04882049560546875,61.24478176986499,0.9998629156858363,0.9999890748054143,26214,12798,0.04882049560546875,2.0482887951242383,0.09999847412109375,536946.6179090483,0.9998519919889234,20.480168822311636,0.0031411802545375897,0.027144848020744006,0.046671447685327,,,
no_decomp,0,28,0.1,True,0.049068450927734375,61.22278013181599,0.9996244382624249,0.9999890192100301,26214,12863,0.049068450927734375,2.0379382725647206,0.09999847412109375,534233.2905232061,0.9996134615964196,20.371816160828097,0.06445689955462548,0.11986815886459345,0.1287343523875326,,,
fixed_path,0,28,0.1,True,0.0494384765625,61.19015281284997,0.9997392939032332,0.9999889360838734,26214,12960,0.0494384765625,2.022685185185185,0.09999847412109375,530234.7851851851,0.999728232871537,20.221663416502793,0.00687960857023982,0.06706240753198321,0.09938308159101622,,,
fixed_plane,0,28,0.1,True,0.048702239990234375,61.25531424437129,0.9997504591686951,0.9999891009395548,26214,12767,0.048702239990234375,2.0532623169107858,0.09999847412109375,538250.396804261,0.9997395628280106,20.52758893694572,0.029376466447808836,0.06014487169655883,0.08449451717720875,,,
single_seg,0,28,0.1,True,0.049343109130859375,61.1985384976701,0.9997509393159755,0.9999889575471789,26214,12935,0.049343109130859375,2.0265945110166217,0.09999847412109375,531259.5914959413,0.9997398996133952,20.26098308807529,0.0024848784231109255,0.06848719964778283,0.07910234650360294,,,
no_ga,0,28,0.1,True,0.08887481689453125,58.64301641889881,0.9995749754710829,0.9999801106308566,26214,11575,0.044155120849609375,2.264708423326134,0.09999847412109375,294954.1941797579,0.9995550945554091,11.24677529003061,0.002866520252778041,0.015016628983363955,0.04911589333159461,,,
unconstrained,0,28,0.1,True,0.04869842529296875,61.25565442725786,0.9997337250579283,0.9999891017068526,26214,12766,0.04869842529296875,2.0534231552561493,0.09999847412109375,538292.559611468,0.9997228296667233,20.528853318200966,0.143608366795756,0.08102142478858422,0.08989690423756629,,,
full,1,0,0.1,True,0.048854827880859375,61.24172873295962,0.9977273767362645,0.999980040577272,26214,12807,0.048854827880859375,2.046849379245725,0.09999847412109375,536569.2836729913,0.997707462673785,20.421880619595274,0.0,0.1012508256900784,0.12247252349677272,,,
no_T1T2,1,0,0.1,True,0.048946380615234375,61.23359777843098,0.9976917275417977,0.9999800154238991,26214,12831,0.048946380615234375,2.0430208089782558,0.09999847412109375,535565.6469487959,0.9976717890955434,20.382953275712115,0.0,0.10851401156274867,0.13518590061682811,,,
no_T3,1,0,0.1,True,0.049015045166015625,61.2275095370334,0.9988390035698141,0.9999799767758606,26214,12849,0.049015045166015625,2.0401587672192387,0.09999847412109375,534815.3798739201,0.9988190035925665,20.377804411064655,0.0,0.08515989629468596,0.09617965400947931,,,
no_T4,1,0,0.1,True,0.04904937744140625,61.22446861394099,0.9984985980179012,0.9999799594369151,26214,12858,0.04904937744140625,2.0387307512832478,0.09999847412109375,534441.0340643957,0.9984785875437574,20.356600626308193,0.0,0.08221777228196783,0.09746265726318827,,,
no_decomp,1,0,0.1,True,0.048923492431640625,61.235629090357186,0.9989484385885373,0.9999800227100506,26214,12825,0.048923492431640625,2.0439766081871347,0.09999847412109375,535816.2039766082,0.9989284823059351,20.41817606749373,0.0,0.08735005869007785,0.09375274310405744,,,
fixed_path,1,0,0.1,True,0.049327850341796875,61.19988171110972,0.9982476754988105,0.9999798595662771,26214,12931,0.049327850341796875,2.027221405923749,0.09999847412109375,531423.9282344753,0.9982275703576632,20.236591772008296,0.0,0.09829114225305648,0.1167968427499275,,,
fixed_plane,1,0,0.1,True,0.0484771728515625,61.27543076664462,0.9985128591028282,0.9999802091227704,26214,12708,0.0484771728515625,2.062795089707271,0.09999847412109375,540749.3559962228,0.9984930976574214,20.59718087758161,0.0,0.08779435058453969,0.10457008939807037,,,
single_seg,1,0,0.1,True,0.049304962158203125,61.20189731053592,0.9988156285807883,0.999979866658997,26214,12925,0.049304962158203125,2.0281624758220502,0.09999847412109375,531670.6240618955,0.998795519085139,20.257505033273087,0.0,0.08363890092388539,0.09611923356847006,,,
no_ga,1,0,0.1,True,0.0734405517578125,59.47144429814251,0.998125748180809,0.9999699921870485,26214,11536,0.04400634765625,2.272364771151179,0.09999847412109375,356941.76272595057,0.9980957966100555,13.590526932606815,0.0,0.07842296743236077,0.08611838726452549,,,
unconstrained,1,0,0.1,True,0.049076080322265625,61.22210492273206,0.9981453250412776,0.9999799599118728,26214,12865,0.049076080322265625,2.0376214535561603,0.09999847412109375,534150.2383210261,0.998125322121,20.33832603514088,0.0,0.09500771610104364,0.11108656889579246,,,
full,1,1,0.1,True,0.049175262451171875,61.21333674416007,0.9998107668361846,0.9999888887657808,26214,12891,0.049175262451171875,2.033511752385385,0.09999847412109375,533072.9048173144,0.9997996577045795,20.331353771570033,4.3609640665109647e-07,0.050377615906747435,0.0898331086439804,,,
no_T1T2,1,1,0.1,True,0.048793792724609375,61.247157838839286,0.9997814000060721,0.9999889752679487,26214,12791,0.048793792724609375,2.049409741224298,0.09999847412109375,537240.4672035024,0.9997703776840271,20.489704158205114,1.6815996040799218e-06,0.0767880009805753,0.08531412090748408,,,
no_T3,1,1,0.1,True,0.048809051513671875,61.245799925963674,0.9998170283093832,0.9999889716022596,26214,12795,0.048809051513671875,2.0487690504103164,0.09999847412109375,537072.513950762,0.9998060019295274,20.484028493146855,7.219517061906899e-06,0.07934953572261139,0.08575894538370278,,,
no_T4,1,1,0.1,True,0.048954010009765625,61.23292088553388,0.9998121263119274,0.9999889386715309,26214,12833,0.048954010009765625,2.0427024078547493,0.09999847412109375,535482.1800046754,0.9998010670615909,20.423272105025614,1.3083639584157267e-08,0.03685862999926555,0.0779422016607882,,,
no_decomp,1,1,0.1,True,0.049083709716796875,61.221429818608364,0.9998174345328665,0.9999889096780176,26214,12867,0.049083709716796875,2.0373047330380043,0.09999847412109375,534067.2119375146,0.999806346235594,20.369412825645725,8.819647266710711e-07,0.04418599785462859,0.07713440521451236,,,
fixed_path,1,1,0.1,True,0.049251556396484375,61.20660401694693,0.9998061166363755,0.9999888713891525,26214,12911,0.049251556396484375,2.0303617070714894,0.09999847412109375,532247.1393385485,0.9997949901831805,20.299764379721143,1.1027640390132727e-05,0.07618218369920533,0.09747322868125538,,,
fixed_plane,1,1,0.1,True,0.048572540283203125,61.26689543741832,0.9998093060031682,0.9999890252596909,26214,12733,0.048572540283203125,2.0587449933244324,0.09999847412109375,539687.64753004,0.9997983333556762,20.583612212297997,6.29191976713996e-06,0.06694166706831754,0.08824392632309473,,,
single_seg,1,1,0.1,True,0.0493316650390625,61.19954586880054,0.999797416315766,0.9999888535405606,26214,12932,0.0493316650390625,2.0270646458397774,0.09999847412109375,531382.8345190226,0.9997862721144174,20.266623300120774,4.670130591465613e-06,0.07467819435994803,0.10189171690590565,,,
no_ga,1,1,0.1,True,0.10717391967773438,57.82991246388654,0.9995417319353427,0.9999757842114485,26214,12351,0.047115325927734375,2.12241923730872,0.09999847412109375,244593.08830752803,0.9995175272441137,9.326126451748744,1.0291162700148514e-06,0.05968239805053298,0.07201691516732514,,,
unconstrained,1,1,0.1,True,0.04889678955078125,61.23800015571524,0.9998102212174172,0.9999889517756316,26214,12818,0.04889678955078125,2.0450928381962865,0.09999847412109375,536108.8169761273,0.9997991750897675,20.447133324600717,6.110230469760115e-05,0.05313636430826706,0.09280117102691524,,,
full,1,2,0.1,True,0.0489349365234375,61.23461331563169,0.9999105082253829,0.9999919553319948,26214,12828,0.0489349365234375,2.0434985968194574,0.09999847412109375,535690.8961646399,0.9999024642773093,20.433304614554956,2.0086268055623185e-12,0.14454194494955988,0.15337757480699077,,,
no_T1T2,1,2,0.1,True,0.048648834228515625,61.260079231327865,0.9998591666300751,0.9999920024088839,26214,12753,0.048648834228515625,2.0555163490943307,0.09999847412109375,538841.2778169842,0.9998511701652867,20.552417874367514,4.3196371303075065e-17,0.17827874863745496,0.19152352428151784,,,
no_T3,1,2,0.1,True,0.04898834228515625,61.229876172390966,0.9998965666933056,0.9999919465260337,26214,12842,0.04898834228515625,2.0412708300887714,0.09999847412109375,535106.9004827909,0.9998885140523368,20.410744013995934,5.314271726368921e-16,0.1503316184225765,0.15343294623450596,,,
no_T4,1,2,0.1,True,0.04876708984375,61.24953520849655,0.9998965635366482,0.9999919828629837,26214,12784,0.04876708984375,2.050531914893617,0.09999847412109375,537534.6382978724,0.9998885472288963,20.503346630535965,5.456242521832412e-17,0.1382929531140856,0.16656032781565824,,,
no_decomp,1,2,0.1,True,0.04889678955078125,61.23800015571524,0.9999045882281059,0.9999919615015352,26214,12818,0.04889678955078125,2.0450928381962865,0.09999847412109375,536108.8169761273,0.9998965504966085,20.44912477245927,3.749518797916227e-12,0.17495520465559602,0.16798394458658472,,,
fixed_path,1,2,0.1,True,0.049175262451171875,61.21333674416007,0.9999136049643823,0.99999191610602,26214,12891,0.049175262451171875,2.033511752385385,0.09999847412109375,533072.9048173144,0.9999055217688106,20.33350656260671,3.610792998823378e-21,0.14492300392673746,0.15618460202108253,,,
fixed_plane,1,2,0.1,True,0.048725128173828125,61.253273706439145,0.9998786414416065,0.9999919898084714,26214,12773,0.048725128173828125,2.052297815705003,0.09999847412109375,537997.5586001723,0.9998706322221832,20.520636265031865,1.1224191464256521e-14,0.19623157219674237,0.18189249657997505,,,
single_seg,1,2,0.1,True,0.049190521240234375,61.211989363456155,0.9998528865838427,0.9999919132754952,26214,12895,0.049190521240234375,2.0328809616130283,0.09999847412109375,532907.5468010857,0.9998448010490036,20.325964755811555,2.5410821256950354e-20,0.20971609329143182,0.16846760265364108,,,
no_ga,1,2,0.1,True,0.10676193237304688,57.84663935024112,0.9997797680109936,0.9999824486819723,26214,12407,0.047328948974609375,2.1128395260739903,0.09999847412109375,245536.9570157573,0.9997622205583275,9.364407315755251,1.3271977362085784e-13,0.1133537401705537,0.15140029250194662,,,
unconstrained,1,2,0.1,True,0.049060821533203125,61.22345544589277,0.9999235069519419,0.9999919345663084,26214,12861,0.049060821533203125,2.0382551901096337,0.09999847412109375,534316.3685560998,0.9999154421351999,20.38113938753517,3.752652934203391e-09,0.14376080985235226,0.15933414190377265,,,
full,1,3,0.1,True,0.04924774169921875,61.20694040553151,0.9996645479610775,0.9999936174418717,26214,12910,0.04924774169921875,2.030518977536793,0.09999847412109375,532288.3668474051,0.9996581675439913,20.298558533900238,7.297036535791133e-76,0.18034783367275914,0.1476375875667432,,,
no_T1T2,1,3,0.1,True,0.048847198486328125,61.24240700015123,0.9996817902866557,0.99999366931895,26214,12805,0.048847198486328125,2.047169074580242,0.09999847412109375,536653.089886763,0.9996754616200899,20.465359173052466,8.50979198417919e-81,0.19283700808119514,0.15218191626444,,,
no_T3,1,3,0.1,True,0.0488739013671875,61.24003352827788,0.9997078413024543,0.9999936658704828,26214,12812,0.0488739013671875,2.0460505775835154,0.09999847412109375,536359.882610053,0.9997015090235081,20.454710613601193,1.8543407111831762e-72,0.19218582159178335,0.15168661238504,,,
no_T4,1,3,0.1,True,0.048980712890625,61.230552590867376,0.9996762059920159,0.9999936521972914,26214,12840,0.048980712890625,2.041588785046729,0.09999847412109375,535190.2504672897,0.9996698602446878,20.409459177880333,4.55665851524683e-80,0.19872088867112667,0.1674125818152539,,,
no_decomp,1,3,0.1,True,0.048717498779296875,61.25395377922773,0.9997485633827851,0.9999936862426128,26214,12771,0.048717498779296875,2.052619215409913,0.09999847412109375,538081.8116044162,0.9997422512129076,20.521214681853923,2.386607328472385e-54,0.18608722981700462,0.13538599236148968,,,
fixed_path,1,3,0.1,True,0.049221038818359375,61.20929585545817,0.9996789922580982,0.9999936209412135,26214,12903,0.049221038818359375,2.0316205533596836,0.09999847412109375,532577.1383399209,0.9996726152470389,20.30986422160116,8.50956964290681e-66,0.17690182924259723,0.16295040719723206,,,
fixed_plane,1,3,0.1,True,0.048748016357421875,61.251234126806,0.9996429615601232,0.9999936823507264,26214,12779,0.048748016357421875,2.0513342202050238,0.09999847412109375,537744.9578214257,0.9996366461664933,20.506201500326256,1.1964148539630016e-59,0.18934459789627348,0.1523211802139522,,,
single_seg,1,3,0.1,True,0.0493011474609375,61.20223333473965,0.9996921545769064,0.9999936105000948,26214,12924,0.0493011474609375,2.0283194057567315,0.09999847412109375,531711.7623026926,0.9996857670439795,20.277129813987695,1.2310414013839269e-79,0.20714739481832925,0.146821478656456,,,
no_ga,1,3,0.1,True,0.10605239868164062,57.875598650787964,0.9992971773841168,0.9999862553137228,26214,12324,0.0470123291015625,2.127069133398247,0.09999847412109375,247179.69914751267,0.999283442357916,9.422544466511043,1.0485268555955578e-75,0.13148650717639365,0.10471828291582598,,,
unconstrained,1,3,0.1,True,0.0492706298828125,61.20492246474448,0.9996211683079104,0.9999936146080541,26214,12916,0.0492706298828125,2.029575720037163,0.09999847412109375,532041.0975534221,0.9996147853349533,20.288248551164912,1.900532378945324e-48,0.16988760157440116,0.16341661084670847,,,
full,1,4,0.1,True,0.049015045166015625,61.2275095370334,0.9996827262447683,0.9999893584743771,26214,12849,0.049015045166015625,2.0401587672192387,0.09999847412109375,534815.3798739201,0.9996720880954222,20.395208954913716,2.6317309369051174e-52,0.06299805984150737,0.08173833007475984,,,
no_T1T2,1,4,0.1,True,0.04929351806640625,61.20290546115422,0.9996738441183064,0.9999892979628877,26214,12922,0.04929351806640625,2.0286333384924933,0.09999847412109375,531794.0578857762,0.9996631455717264,20.279809289022957,4.096223959115707e-62,0.06517913689328135,0.10051290199766887,,,
no_T3,1,4,0.1,True,0.048915863037109375,61.236306405520594,0.9996705648341528,0.9999893798880799,26214,12823,0.048915863037109375,2.044295406691102,0.09999847412109375,535899.7750916323,0.9996599482208711,20.43631423741808,2.0226815769537245e-66,0.07516558778492567,0.10539085663794517,,,
no_T4,1,4,0.1,True,0.048740386962890625,61.251913880261604,0.9997111732662249,0.9999894195096416,26214,12777,0.048740386962890625,2.0516553181498005,0.09999847412109375,537829.1317210613,0.999700595831795,20.510723408760278,8.63903570721608e-21,0.07517188465118452,0.10044452186794875,,,
no_decomp,1,4,0.1,True,0.049022674560546875,61.22683359231311,0.9996726993211089,0.9999893566553638,26214,12851,0.049022674560546875,2.0398412574896896,0.09999847412109375,534732.1466033772,0.9996620594600466,20.391830278973966,3.556038881527117e-85,0.07115287633692273,0.10690594155657342,,,
fixed_path,1,4,0.1,True,0.049335479736328125,61.19921005246021,0.9997719760495776,0.9999892893081778,26214,12933,0.049335479736328125,2.0269079099976803,0.09999847412109375,531341.7471584319,0.9997612678000496,20.264549430617507,9.166509364074073e-42,0.055848336851539365,0.07122011048473756,,,
fixed_plane,1,4,0.1,True,0.04888153076171875,61.2393556316373,0.9996842753136043,0.9999893875073664,26214,12814,0.04888153076171875,2.0457312314655844,0.09999847412109375,536276.1679413142,0.9996736661715966,20.450948458318013,6.707348556412434e-57,0.05932510515105098,0.09006128764538934,,,
single_seg,1,4,0.1,True,0.04931640625,61.200889393890606,0.9994604561847071,0.9999892932100397,26214,12928,0.04931640625,2.0276918316831685,0.09999847412109375,531547.2475247525,0.9994497551715291,20.266070283082094,3.6517084509702737e-51,0.12128119986328545,0.1693839794893645,,,
no_ga,1,4,0.1,True,0.08612823486328125,58.77934814116064,0.9996168554313354,0.9999813020658318,26214,13026,0.04969024658203125,2.012436665131276,0.09999847412109375,304360.1211799096,0.9995981646611791,11.605928836785372,9.629511430935381e-55,0.05345333362441195,0.06462679515472491,,,
unconstrained,1,4,0.1,True,0.048961639404296875,61.2322440981211,0.999601385209347,0.9999893697841375,26214,12835,0.048961639404296875,2.0423841059602648,0.09999847412109375,535398.7390728476,0.9995907592308458,20.415794311477278,4.976140528937343e-62,0.08505579553803584,0.11929244466629763,,,
full,1,5,0.1,True,0.04868316650390625,61.25701542533199,0.9996924458544656,0.9999926091294915,26214,12762,0.04868316650390625,2.054066760695816,0.09999847412109375,538461.276915844,0.9996850572570499,20.534511804544124,1.0717161465351458e-69,0.0825697656724894,0.08909914459605944,,,
no_T1T2,1,5,0.1,True,0.04886627197265625,61.24071153074886,0.9996745998356936,0.999992581445029,26214,12810,0.04886627197265625,2.046370023419204,0.09999847412109375,536443.6234192038,0.9996671836947216,20.457201733213825,9.324680317146923e-63,0.09710244460981274,0.0750503829817571,,,
no_T3,1,5,0.1,True,0.049167633056640625,61.21401059130168,0.9997211116319722,0.9999925356148448,26214,12889,0.049167633056640625,2.033827294592288,0.09999847412109375,533155.6223136007,0.9997136493285472,20.332759321094166,9.421506808676238e-67,0.09401601317291326,0.07613250412950733,,,
no_T4,1,5,0.1,True,0.048938751220703125,61.2342747768453,0.9996232277321168,0.9999925704181151,26214,12829,0.048938751220703125,2.0433393093771923,0.09999847412109375,535649.1399173747,0.9996158009494922,20.42585427734848,9.088851509102983e-59,0.09279810794943893,0.08998515740469526,,,
no_decomp,1,5,0.1,True,0.048858642578125,61.24138963908329,0.9997051947881234,0.9999925824990731,26214,12808,0.048858642578125,2.046689569019363,0.09999847412109375,536527.3903810119,0.9996977794739144,20.46102238463537,2.4931318342877023e-61,0.09601134901985524,0.07938691435109839,,,
fixed_path,1,5,0.1,True,0.049449920654296875,61.189147617886796,0.9996963294536015,0.9999924927290507,26214,12963,0.049449920654296875,2.0222170793797734,0.09999847412109375,530112.0740569313,0.9996888244623893,20.21618662345665,1.7258267158162085e-62,0.07492726123505301,0.07663567197374797,,,
fixed_plane,1,5,0.1,True,0.048908233642578125,61.236983826332924,0.9996273499851058,0.9999925750153873,26214,12821,0.048908233642578125,2.044614304656423,0.09999847412109375,535983.3722798533,0.9996199277674137,20.438683904895164,1.0754648470728496e-60,0.11167084552332467,0.09526726900641787,,,
single_seg,1,5,0.1,True,0.04917144775390625,61.21367365466169,0.999708145718784,0.9999925350720189,26214,12890,0.04917144775390625,2.0336695112490304,0.09999847412109375,533114.2603568658,0.9997006829694741,20.330918218491064,3.7487277618383445e-67,0.08864406163624995,0.07480683915121979,,,
no_ga,1,5,0.1,True,0.12411880493164062,57.192427755066404,0.9990542355571413,0.9999811576749893,26214,11519,0.043941497802734375,2.2757183783314523,0.09999847412109375,211200.87334419278,0.9990354110525317,8.049025380181174,1.3731745977759985e-68,0.05597186046519816,0.03874679381012344,,,
unconstrained,1,5,0.1,True,0.0491180419921875,61.21839314805996,0.9997006544566264,0.9999925432962088,26214,12876,0.0491180419921875,2.0358807082945014,0.09999847412109375,533693.9123951538,0.9996931999849662,20.35287156079986,1.0960206677993357e-64,0.08843737844378322,0.07680967243348247,,,
full,1,6,0.1,True,0.04898834228515625,61.229876172390966,0.9997824382071141,0.9999849219307376,26214,12842,0.04898834228515625,2.0412708300887714,0.09999847412109375,535106.9004827909,0.9997673634182636,20.408270963706375,8.13249945272197e-67,0.2054517502613938,0.12897026275491683,,,
no_T1T2,1,6,0.1,True,0.049076080322265625,61.22210492273206,0.9997799153932058,0.9999848947387064,26214,12865,0.049076080322265625,2.0376214535561603,0.09999847412109375,534150.2383210261,0.9997648134563477,20.371733172071576,5.4516676435285266e-64,0.18959986554125383,0.13628119733105304,,,
no_T3,1,6,0.1,True,0.049045562744140625,61.22480638915555,0.9998135116750014,0.999984905152958,26214,12857,0.049045562744140625,2.0388893209924555,0.09999847412109375,534482.6021622462,0.9997984196429722,20.38509426140525,2.3133499214648838e-70,0.19806398755595392,0.11823910889800326,,,
no_T4,1,6,0.1,True,0.049007415771484375,61.228185586975464,0.9997306334100436,0.9999849159113797,26214,12847,0.049007415771484375,2.0404763758075815,0.09999847412109375,534898.6390597026,0.9997155533845729,20.39927096025885,9.904027262112554e-50,0.1933341586805301,0.16134675913107838,,,
no_decomp,1,6,0.1,True,0.04918670654296875,61.21232616944485,0.9997814033832475,0.9999848606673034,26214,12894,0.04918670654296875,2.03303862261517,0.09999847412109375,532948.8766868311,0.9997662673599578,20.325944500605612,2.9421301040907247e-49,0.19349952782900087,0.13810492823664697,,,
fixed_path,1,6,0.1,True,0.049152374267578125,61.215358599326485,0.9998596403405756,0.9999848935379567,26214,12885,0.049152374267578125,2.0344586728754366,0.09999847412109375,533321.1343422584,0.9998445359988702,20.341734268132544,1.80464031059133e-05,0.18355562381602641,0.1014649409257369,,,
fixed_plane,1,6,0.1,True,0.048404693603515625,61.28192885436804,0.9997975950510736,0.9999851017111838,26214,12689,0.048404693603515625,2.0658838363937266,0.09999847412109375,541559.0524075971,0.9997826997777448,20.65466435893586,6.536599376744573e-76,0.20218851513401065,0.12440947811015239,,,
single_seg,1,6,0.1,True,0.049350738525390625,61.197867046707245,0.9997495817666757,0.9999848112155526,26214,12937,0.049350738525390625,2.026281208935611,0.09999847412109375,531177.4612352168,0.9997343967857769,20.2577393299073,4.7388796923524913e-76,0.22762873767231254,0.14364286352849706,,,
no_ga,1,6,0.1,True,0.06962203979492188,59.703336177211135,0.9996135113777408,0.9999785716420924,26214,12370,0.04718780517578125,2.1191592562651578,0.09999847412109375,376518.7012218509,0.9995920913016497,14.357408864291253,1.0487900712861936e-73,0.19889950904891393,0.12033462701590303,,,
unconstrained,1,6,0.1,True,0.04917144775390625,61.21367365466169,0.999778132003731,0.9999848656913213,26214,12890,0.04917144775390625,2.0336695112490304,0.09999847412109375,533114.2603568658,0.999763001052871,20.33218558169153,1.3955443247087966e-52,0.21302529981549304,0.13381513368414913,,,
full,1,7,0.1,True,0.048919677734375,61.235967734734835,0.9997329935009865,0.9999885813432718,26214,12824,0.048919677734375,2.0441359950093574,0.09999847412109375,535857.986275733,0.9997215778931139,20.435980451903653,0.8923703664693375,0.11423574040344789,0.11542529949800316,,,
no_T1T2,1,7,0.1,True,0.049015045166015625,61.2275095370334,0.9997295355574205,0.999988559359152,26214,12849,0.049015045166015625,2.0401587672192387,0.09999847412109375,534815.3798739201,0.9997180980108591,20.39614764456056,0.9604861118615463,0.10463365718730262,0.1378560315316938,,,
no_T3,1,7,0.1,True,0.0489044189453125,61.23732257636774,0.9997907498238154,0.9999885853552389,26214,12820,0.0489044189453125,2.044773790951638,0.09999847412109375,536025.1806552262,0.9997793375675708,20.443537805562656,0.9495231711208804,0.11691831992920668,0.12343061747970065,,,
no_T4,1,7,0.1,True,0.048984527587890625,61.230214368460054,0.9997642797917752,0.9999885661760206,26214,12841,0.048984527587890625,2.0414297951872906,0.09999847412109375,535148.5722295771,0.9997528486629792,20.409563956071025,0.9599496973646855,0.09511424471730479,0.11899698314138231,,,
no_decomp,1,7,0.1,True,0.04895782470703125,61.232582478644,0.9997600043513375,0.9999885724130313,26214,12834,0.04895782470703125,2.042543244506779,0.09999847412109375,535440.4562879851,0.99974857950694,20.420608666531656,0.9241545982269508,0.10787383181867256,0.12785277874596,,,
fixed_path,1,7,0.1,True,0.049388885498046875,61.19451134817912,0.9997706535254216,0.9999884721947923,26214,12947,0.049388885498046875,2.024716150459566,0.09999847412109375,530767.1905460724,0.9997591283640753,20.242593415144217,0.9836024531271408,0.11415946381144305,0.13076725351829732,,,
fixed_plane,1,7,0.1,True,0.04903411865234375,61.22581987245191,0.9997405792702789,0.9999885547197288,26214,12854,0.04903411865234375,2.03936517815466,0.09999847412109375,534607.3452621752,0.9997291369591507,20.388438997901012,0.9403535163658734,0.12715237493440654,0.14122843285312275,,,
single_seg,1,7,0.1,True,0.049266815185546875,61.20525872310236,0.9997478403207616,0.9999885008990086,26214,12915,0.049266815185546875,2.029732868757259,0.09999847412109375,532082.2931475029,0.9997363441193798,20.29228681322731,0.9556609162500529,0.12235292499389096,0.14577019126406232,,,
no_ga,1,7,0.1,True,0.0889739990234375,58.63817250070565,0.9994614107215821,0.9999792320667431,26214,11685,0.044574737548828125,2.2433889602053916,0.09999847412109375,294625.3994169096,0.9994406539737114,11.232951929140997,0.972770967309571,0.07470645541035983,0.10195700075831259,,,
unconstrained,1,7,0.1,True,0.049098968505859375,61.22007992511112,0.9997330849891051,0.9999885393270604,26214,12871,0.049098968505859375,2.036671587289255,0.09999847412109375,533901.2365783545,0.9997216273751911,20.361357026388166,0.8783063446378679,0.10385275086946284,0.1361940492724058,,,
full,1,8,0.1,True,0.049129486083984375,61.2173813962047,0.9996510389398661,0.9999886039550623,26214,12879,0.049129486083984375,2.035406475658048,0.09999847412109375,533569.5951549034,0.9996396468717043,20.34704057687212,3.430404403837238e-44,0.06641739397903042,0.07976379449734065,,,
no_T1T2,1,8,0.1,True,0.0489654541015625,61.23190574396105,0.9996549367463444,0.9999886422443555,26214,12836,0.0489654541015625,2.042224992209411,0.09999847412109375,535357.0283577439,0.999643582909844,20.415282595693217,1.051954751160715e-42,0.05920548508090078,0.06770793878791817,,,
no_T3,1,8,0.1,True,0.049072265625,61.22244251415196,0.9996913706597768,0.9999886167240076,26214,12864,0.049072265625,2.0377798507462686,0.09999847412109375,534191.7611940298,0.9996799908969973,20.371588272209458,5.4858538228242824e-42,0.04539245327367416,0.060651900672497434,,,
no_T4,1,8,0.1,True,0.04886627197265625,61.24071153074886,0.9996048756832511,0.9999886644220153,26214,12810,0.04886627197265625,2.046370023419204,0.09999847412109375,536443.6234192038,0.9995935445842289,20.45569478153693,3.1116115303342775e-33,0.0706801561002138,0.08664375780958228,,,
no_decomp,1,8,0.1,True,0.048725128173828125,61.253273706439145,0.9995551642119617,0.9999886980098223,26214,12773,0.048725128173828125,2.052297815705003,0.09999847412109375,537997.5586001723,0.9995438672493137,20.513929972301266,3.7928298615845194e-40,0.07229599788004419,0.08705208993158652,,,
fixed_path,1,8,0.1,True,0.049434661865234375,61.19048792954593,0.999589767676513,0.9999885329868421,26214,12959,0.049434661865234375,2.0228412686164057,0.09999847412109375,530275.701520179,0.9995783053674945,20.2201910087396,3.5748230838842765e-48,0.06528286916184119,0.08494537978509971,,,
fixed_plane,1,8,0.1,True,0.048999786376953125,61.22886174217207,0.9995725483284915,0.9999886339565786,26214,12845,0.048999786376953125,2.0407940833008955,0.09999847412109375,534981.92417283,0.9995611871435043,20.39929683476425,6.841646756975617e-39,0.07315837048646628,0.09048830935394919,,,
single_seg,1,8,0.1,True,0.049327850341796875,61.19988171110972,0.9993958034674879,0.999988557615281,26214,12931,0.049327850341796875,2.027221405923749,0.09999847412109375,531423.9282344753,0.9993843679962181,20.260042979197323,4.3746962281085204e-42,0.09403061195449806,0.1184577004274707,,,
no_ga,1,8,0.1,True,0.06879806518554688,59.755041361651905,0.9994507115382343,0.9999840408372643,26214,12350,0.04711151123046875,2.122591093117409,0.09999847412109375,381028.1572497921,0.9994347611416826,14.527076574700596,1.517638169371548e-51,0.07043905183572524,0.09066091399250763,,,
unconstrained,1,8,0.1,True,0.049106597900390625,61.21940513567238,0.9995712652798311,0.9999886087997166,26214,12873,0.049106597900390625,2.0363551619669074,0.09999847412109375,533818.287578653,0.9995598789633507,20.35489978334255,2.578330889574293e-50,0.07121129436962861,0.09069335608433383,,,
full,1,9,0.1,True,0.04925537109375,61.20626765441577,0.999473788799221,0.9999901132081144,26214,12912,0.04925537109375,2.0302044609665426,0.09999847412109375,532205.9182156133,0.999463907209876,20.291470453192822,5.608788087144183e-08,0.1171735723286227,0.11931417782531331,,,
no_T1T2,1,9,0.1,True,0.048847198486328125,61.24240700015123,0.9995610164213328,0.9999901947593819,26214,12805,0.048847198486328125,2.047169074580242,0.09999847412109375,536653.089886763,0.9995512154850543,20.462815605787902,4.3587746104487754e-20,0.09599732240478734,0.0967587595808344,,,
no_T3,1,9,0.1,True,0.0489349365234375,61.23461331563169,0.9995458042405652,0.9999901773785796,26214,12828,0.0489349365234375,2.0434985968194574,0.09999847412109375,535690.8961646399,0.9995359860805378,20.42581552347182,1.943075347889051e-20,0.09447249098460911,0.0913100869735378,,,
no_T4,1,9,0.1,True,0.04913330078125,61.21704419795779,0.9995268021220095,0.999990137667754,26214,12880,0.04913330078125,2.035248447204969,0.09999847412109375,533528.1689440993,0.9995169444565982,20.34296350059243,3.630011431502635e-10,0.09894653809702775,0.09633220367525207,,,
no_decomp,1,9,0.1,True,0.049015045166015625,61.2275095370334,0.9995786873190804,0.9999901612002473,26214,12849,0.049015045166015625,2.0401587672192387,0.09999847412109375,534815.3798739201,0.9995688526645388,20.39310275608163,4.113491122549347e-17,0.0854571484765327,0.08810331233626623,,,
fixed_path,1,9,0.1,True,0.049098968505859375,61.22007992511112,0.9995837577391106,0.9999901445787013,26214,12871,0.049098968505859375,2.036671587289255,0.09999847412109375,533901.2365783545,0.9995739064200547,20.35834838975828,3.4829347166705145e-19,0.08938598481378081,0.09128430086692449,,,
fixed_plane,1,9,0.1,True,0.04901885986328125,61.22717155152259,0.9995076257130583,0.9999901606907787,26214,12850,0.04901885986328125,2.04,0.09999847412109375,534773.76,0.9994977912484598,20.3900660691857,4.944285275351666e-21,0.1061508409823414,0.1005847397769628,,,
single_seg,1,9,0.1,True,0.049343109130859375,61.1985384976701,0.9995408994816096,0.9999900954032677,26214,12935,0.049343109130859375,2.0265945110166217,0.09999847412109375,531259.5914959413,0.9995309994320828,20.25674946386733,1.5949260259194118e-18,0.08943421787202308,0.09451415426821559,,,
no_ga,1,9,0.1,True,0.1241607666015625,57.19095975495996,0.998937096287595,0.9999750792482002,26214,11922,0.04547882080078125,2.198792148968294,0.09999847412109375,211129.4953914219,0.9989122020241548,8.045312777664373,6.832926436105545e-13,0.07908189897684632,0.07807265484593501,,,
unconstrained,1,9,0.1,True,0.04897308349609375,61.23122911471313,0.9995105027274407,0.9999901696754567,26214,12838,0.04897308349609375,2.0419068390715065,0.09999847412109375,535273.626421561,0.9995006772148145,20.4091841040505,2.831301731705897e-20,0.09668144206096162,0.10017342374533164,,,
full,1,10,0.1,True,0.049266815185546875,61.20525872310236,0.9999341169183249,0.9999958474226635,26214,12915,0.049266815185546875,2.029732868757259,0.09999847412109375,532082.2931475029,0.999929964614573,20.29621685202653,0.0,0.43963201471410124,0.2754036334135448,,,
no_T1T2,1,10,0.1,True,0.04895782470703125,61.232582478644,0.9998585933746194,0.9999958957507635,26214,12834,0.04895782470703125,2.042543244506779,0.09999847412109375,535440.4562879851,0.999854489705751,20.42277196115197,0.0,0.4697688239777134,0.32408911035950555,,,
no_T3,1,10,0.1,True,0.048664093017578125,61.25871727292579,0.9999032824880391,0.9999959027467449,26214,12757,0.048664093017578125,2.0548718350709416,0.09999847412109375,538672.3223328369,0.9998991856310601,20.54696026636894,0.0,0.43842396706120657,0.28924822486986546,,,
no_T4,1,10,0.1,True,0.049060821533203125,61.22345544589277,0.9998393824104309,0.9999959198722402,26214,12861,0.049060821533203125,2.0382551901096337,0.09999847412109375,534316.3685560998,0.9998353029380115,20.37950592126445,0.0,0.48843700357034364,0.36998956673716515,,,
no_decomp,1,10,0.1,True,0.048748016357421875,61.251234126806,0.9998952296852739,0.9999958953709975,26214,12779,0.048748016357421875,2.0513342202050238,0.09999847412109375,537744.9578214257,0.9998911254863146,20.51142180135257,0.0,0.4286912987193691,0.2650855196919803,,,
fixed_path,1,10,0.1,True,0.04872894287109375,61.25293370997606,0.9998882346028664,0.9999959173409334,26214,12774,0.04872894287109375,2.0521371535932365,0.09999847412109375,537955.4419915454,0.9998841524000998,20.51930728407482,0.0,0.48604735860247683,0.3392667020846247,,,
fixed_plane,1,10,0.1,True,0.049007415771484375,61.228185586975464,0.9999118401567558,0.9999958706691591,26214,12847,0.049007415771484375,2.0404763758075815,0.09999847412109375,534898.6390597026,0.999907711189956,20.40319195471159,0.0,0.4306723383934475,0.27771731955109336,,,
single_seg,1,10,0.1,True,0.04936981201171875,61.196188873333824,0.9998381647338814,0.9999959302766014,26214,12942,0.04936981201171875,2.0254983773759854,0.09999847412109375,530972.2466388503,0.9998340956691076,20.251932404194292,0.0,0.4945259402053262,0.3732907802438139,,,
no_ga,1,10,0.1,True,0.10945510864257812,57.73844324488813,0.9997586859602785,0.9999907755193335,26214,10679,0.040737152099609375,2.454724225114711,0.09999847412109375,239495.44543965426,0.9997494637056087,9.133876674228665,0.0,0.44132085432579354,0.27074690504514026,,,
unconstrained,1,10,0.1,True,0.04900360107421875,61.2285236514149,0.9998913489160487,0.9999958722865891,26214,12846,0.04900360107421875,2.0406352171882296,0.09999847412109375,534940.2783745913,0.9998872216511184,20.40436212303525,0.0,0.4349377375922466,0.288230363784785,,,
full,1,11,0.1,True,0.04925537109375,61.20626765441577,0.9996098591270113,0.9999921127418008,26214,12912,0.04925537109375,2.0302044609665426,0.09999847412109375,532205.9182156133,0.9996019749459538,20.294273553301743,0.0,0.08344765045973121,0.09056901209465718,,,
no_T1T2,1,11,0.1,True,0.048816680908203125,61.245121128710174,0.9995599016290454,0.9999921810568877,26214,12797,0.048816680908203125,2.0484488552004376,0.09999847412109375,536988.5766976635,0.9995520861270373,20.475625698654845,0.0,0.08657911697251111,0.08982387199604035,,,
no_T3,1,11,0.1,True,0.048763275146484375,61.249874938994566,0.9995495620937208,0.9999922383372666,26214,12783,0.048763275146484375,2.05069232574513,0.09999847412109375,537576.6890401314,0.9995418039271345,20.49783983796251,0.0,0.09447830924435091,0.11084169636139497,,,
no_T4,1,11,0.1,True,0.048992156982421875,61.229538002656,0.9996210051576628,0.9999921529280218,26214,12843,0.048992156982421875,2.0411118897453866,0.09999847412109375,535065.2352254146,0.9996131610596845,20.403534415076688,0.0,0.0719273717176299,0.07923480102537815,,,
no_decomp,1,11,0.1,True,0.048595428466796875,61.26484945207,0.9995250238839529,0.9999922320578322,26214,12739,0.048595428466796875,2.057775335583641,0.09999847412109375,539433.4575712379,0.9995172596313721,20.568133488406186,0.0,0.08732491135935776,0.1019971597536027,,,
fixed_path,1,11,0.1,True,0.0494842529296875,61.186133428186366,0.9995964962607936,0.9999920957347767,26214,12972,0.0494842529296875,2.0208140610545793,0.09999847412109375,529744.2812210916,0.9995885951849708,20.20013511379656,0.0,0.09358495645234911,0.09583000561517331,,,
fixed_plane,1,11,0.1,True,0.048885345458984375,61.239016722993085,0.9995494816968138,0.9999921917889953,26214,12815,0.048885345458984375,2.045571595786188,0.09999847412109375,536234.3204057745,0.9995416770035511,20.44665262398899,0.0,0.09123470828866083,0.09940831841060838,,,
single_seg,1,11,0.1,True,0.0492706298828125,61.20492246474448,0.999577884371034,0.9999921082883012,26214,12916,0.0492706298828125,2.029575720037163,0.09999847412109375,532041.0975534221,0.9995699959905501,20.287339503634776,0.0,0.07867757527567525,0.08587546222374041,,,
no_ga,1,11,0.1,True,0.10701370239257812,57.83640971103408,0.9990626758494565,0.999982886291184,26214,12393,0.047275543212890625,2.1152263374485596,0.09999847412109375,244959.28478237623,0.9990455781817331,9.335679037781066,0.0,0.06824916863587654,0.07455416157438759,,,
unconstrained,1,11,0.1,True,0.0489959716796875,61.229199859251075,0.9995664896456639,0.9999921523622984,26214,12844,0.0489959716796875,2.0409529741513546,0.09999847412109375,535023.5764559327,0.9995586454099945,20.40083319389268,0.0,0.08143504849312774,0.08643261783615956,,,
full,1,12,0.1,True,0.048614501953125,61.263145200264965,0.9994998327728101,0.9999884312670465,26214,12744,0.048614501953125,2.0569679849340865,0.09999847412109375,539221.8154425612,0.9994882698261577,20.559467436072527,0.0,0.07349053050332294,0.08120152294781266,,,
no_T1T2,1,12,0.1,True,0.049205780029296875,61.2106424006419,0.9994729801784973,0.9999882901738563,26214,12899,0.049205780029296875,2.0322505620590743,0.09999847412109375,532742.291340414,0.999461276523664,20.31186734421423,0.0,0.0857224297894104,0.09240127703781854,,,
no_T3,1,12,0.1,True,0.048938751220703125,61.2342747768453,0.9994860943413897,0.9999883545729524,26214,12829,0.048938751220703125,2.0433393093771923,0.09999847412109375,535649.1399173747,0.999474454898993,20.422966053865586,0.0,0.07903777067575515,0.09480826618665193,,,
no_T4,1,12,0.1,True,0.049068450927734375,61.22278013181599,0.9994571780990793,0.9999883233107871,26214,12863,0.049068450927734375,2.0379382725647206,0.09999847412109375,534233.2905232061,0.999445507748229,20.36839331284706,0.0,0.08232466839616467,0.0960877468461827,,,
no_decomp,1,12,0.1,True,0.04900360107421875,61.2285236514149,0.9994358447033679,0.9999883382584202,26214,12846,0.04900360107421875,2.0406352171882296,0.09999847412109375,534940.2783745913,0.9994241895408214,20.394913182546247,0.0,0.09294644638853508,0.10835332417257011,,,
fixed_path,1,12,0.1,True,0.049346923828125,61.19820275921227,0.9995366535156014,0.9999882566130381,26214,12936,0.049346923828125,2.0264378478664193,0.09999847412109375,531218.5231910946,0.9995249155698966,20.25506025565515,0.0,0.08445964761666166,0.1002514225896258,,,
fixed_plane,1,12,0.1,True,0.048480987548828125,61.275089031206036,0.9994900269490247,0.9999884630321527,26214,12709,0.048480987548828125,2.062632779919742,0.09999847412109375,540706.8074592808,0.99947849586472,20.61588565740508,0.0,0.07832561834845231,0.08871372976992341,,,
single_seg,1,12,0.1,True,0.049167633056640625,61.21401059130168,0.9995176852468083,0.9999882993967523,26214,12889,0.049167633056640625,2.033827294592288,0.09999847412109375,533155.6223136007,0.9995059902869341,20.328535830380794,0.0,0.07575617892715625,0.07797065576688608,,,
no_ga,1,12,0.1,True,0.06886672973632812,59.75070900667377,0.9992351737511387,0.9999836122944837,26214,12390,0.04726409912109375,2.115738498789346,0.09999847412109375,380648.2477150612,0.9992187985793698,14.509456197573273,0.0,0.07486458421411397,0.09164287273829017,,,
unconstrained,1,12,0.1,True,0.048992156982421875,61.229538002656,0.9995647467045066,0.9999883411718671,26214,12843,0.048992156982421875,2.0411118897453866,0.09999847412109375,535065.2352254146,0.999553092950917,20.402308339058255,0.0,0.07547002229734452,0.07463181523395256,,,
full,1,13,0.1,True,0.04932403564453125,61.200217579391776,0.9996779037496808,0.9999942582702356,26214,12930,0.04932403564453125,2.0273781902552206,0.09999847412109375,531465.0283062645,0.999672163869306,20.26744468100196,1.3041605221227858e-08,0.09203113911230291,0.09215988632890364,,,
no_T1T2,1,13,0.1,True,0.049144744873046875,61.2160327602746,0.9996593997176598,0.9999942791707641,26214,12883,0.049144744873046875,2.034774509042925,0.09999847412109375,533403.9288985485,0.99965368083694,20.341008655539763,1.2297799914986153e-08,0.09293793581495235,0.10436027994015162,,,
no_T3,1,13,0.1,True,0.049175262451171875,61.21333674416007,0.9997779910908471,0.9999942756053274,26214,12891,0.049175262451171875,2.033511752385385,0.09999847412109375,533072.9048173144,0.9997722679670411,20.33079678953937,7.996720938600969e-15,0.06151122853404516,0.060146853944047785,,,
no_T4,1,13,0.1,True,0.0492401123046875,61.20761326087704,0.9996064250382968,0.9999942680240774,26214,12908,0.0492401123046875,2.0308335915711186,0.09999847412109375,532370.8410288193,0.9996006953183364,20.300536463707,2.9794259872359287e-12,0.10274752745524697,0.1104506201230336,,,
no_decomp,1,13,0.1,True,0.049037933349609375,61.22548201840693,0.9997063713551123,0.9999942916730923,26214,12855,0.049037933349609375,2.0392065344224037,0.09999847412109375,534565.7577596266,0.9997006647043329,20.38627234914451,2.0657353558862642e-10,0.08687079292081158,0.09081527090396622,,,
fixed_path,1,13,0.1,True,0.049007415771484375,61.228185586975464,0.9997171497186153,0.9999942951473515,26214,12847,0.049007415771484375,2.0404763758075815,0.09999847412109375,534898.6390597026,0.9997114464795859,20.399187158554103,1.265519801216849e-11,0.08508064850582267,0.084937383349896,,,
fixed_plane,1,13,0.1,True,0.04863739013671875,61.261100980495975,0.9996847472310506,0.9999943382408397,26214,12750,0.04863739013671875,2.056,0.09999847412109375,538968.064,0.9996790872567756,20.553715658810994,5.2484548836335964e-14,0.07972623106919964,0.0775243455827054,,,
single_seg,1,13,0.1,True,0.049251556396484375,61.20660401694693,0.9997727215033385,0.9999942666921071,26214,12911,0.049251556396484375,2.0303617070714894,0.09999847412109375,532247.1393385485,0.9997669894985032,20.29919585586675,9.719949770714686e-15,0.059841875545655454,0.054560119958399836,,,
no_ga,1,13,0.1,True,0.08674240112304688,58.74848921149972,0.9996015864238479,0.9999899029573691,26214,11539,0.044017791748046875,2.271773983880752,0.09999847412109375,302205.1460486389,0.9995914934040159,11.5236779298519,5.319165396910169e-15,0.0606783328170542,0.05868642764522773,,,
unconstrained,1,13,0.1,True,0.0491943359375,61.21165258358556,0.9996731617006237,0.9999942733444588,26214,12896,0.0491943359375,2.032723325062035,0.09999847412109375,532866.2233250621,0.9996674369167728,20.320783233801993,1.5233325001547037e-11,0.08159111835583815,0.08813197502858346,,,
full,1,14,0.1,True,0.048961639404296875,61.2322440981211,0.9995987594796444,0.999985557688595,26214,12835,0.048961639404296875,2.0423841059602648,0.09999847412109375,535398.7390728476,0.9995843229630799,20.41566285616156,4.245295930725298e-23,0.07254036896064753,0.09181693008658412,,,
no_T1T2,1,14,0.1,True,0.049068450927734375,61.22278013181599,0.9995916702619659,0.9999855264880375,26214,12863,0.049068450927734375,2.0379382725647206,0.09999847412109375,534233.2905232061,0.9995772026599687,20.37107721480952,8.993050209180365e-23,0.08278056759307613,0.09938494367463874,,,
no_T3,1,14,0.1,True,0.048931121826171875,61.234951880809724,0.9996467990038486,0.9999855668763667,26214,12827,0.048931121826171875,2.0436579090979965,0.09999847412109375,535732.6589225852,0.9996323709780089,20.429377738961502,5.95553312829208e-24,0.06570131828783,0.08226462785256541,,,
no_T4,1,14,0.1,True,0.0491485595703125,61.215695666719185,0.9994661493538597,0.999985503472878,26214,12884,0.0491485595703125,2.0346165787022663,0.09999847412109375,533362.5284073269,0.999451660565718,20.335319474335577,1.037523405383187e-15,0.10582489012339512,0.12449640760326777,,,
no_decomp,1,14,0.1,True,0.048938751220703125,61.2342747768453,0.9995443555761119,0.9999855660296413,26214,12829,0.048938751220703125,2.0433393093771923,0.09999847412109375,535649.1399173747,0.9995299281825113,20.424099578570132,2.6427476502292227e-20,0.08687961497991957,0.10280538542277262,,,
fixed_path,1,14,0.1,True,0.04914093017578125,61.2163698799968,0.9996380137147027,0.9999855048343028,26214,12882,0.04914093017578125,2.0349324639031208,0.09999847412109375,533445.3358174197,0.9996235237960568,20.34197399642862,1.341881908823306e-15,0.0899156512736547,0.10397888084015465,,,
fixed_plane,1,14,0.1,True,0.048919677734375,61.235967734734835,0.9995277737405083,0.9999855702396689,26214,12824,0.048919677734375,2.0441359950093574,0.09999847412109375,535857.986275733,0.9995133507942889,20.43172394187602,8.837583075405782e-19,0.08884097141034687,0.11029405970479529,,,
single_seg,1,14,0.1,True,0.049167633056640625,61.21401059130168,0.9997531056115727,0.9999854977345426,26214,12889,0.049167633056640625,2.033827294592288,0.09999847412109375,533155.6223136007,0.9997386069266433,20.333266923281712,2.1869171348884652e-23,0.050767891395404746,0.05654581975401263,,,
no_ga,1,14,0.1,True,0.0887298583984375,58.65010572427142,0.9991789527981614,0.9999738277887567,26214,13231,0.050472259521484375,1.9812561408812637,0.09999847412109375,295436.0625967326,0.9991528020755388,11.260615311577387,4.825591849623228e-20,0.0625079980217109,0.06755097852114622,,,
unconstrained,1,14,0.1,True,0.04903411865234375,61.22581987245191,0.9995400233037288,0.9999855366589158,26214,12854,0.04903411865234375,2.03936517815466,0.09999847412109375,534607.3452621752,0.9995255666154444,20.384287391849934,1.1470731080551215e-18,0.08814383962123884,0.10804855975042368,,,
full,1,15,0.1,True,0.04863739013671875,61.261100980495975,0.9996867565081146,0.999994338316536,26214,12750,0.04863739013671875,2.056,0.09999847412109375,538968.064,0.999681096598136,20.553756971499745,9.224532619120346e-13,0.08394639846670555,0.08307569182149269,,,
no_T1T2,1,15,0.1,True,0.049037933349609375,61.22548201840693,0.9997619906762206,0.999994291711902,26214,12855,0.049037933349609375,2.0392065344224037,0.09999847412109375,534565.7577596266,0.9997562837467484,20.387406553598414,3.556528277368836e-15,0.07076488755880395,0.0641026048776809,,,
no_T3,1,15,0.1,True,0.048801422119140625,61.246478829328986,0.9997506647771001,0.9999943193665186,26214,12793,0.048801422119140625,2.049089345735949,0.09999847412109375,537156.4774486047,0.9997449855600007,20.48598057489571,3.858097693768065e-14,0.06988996560765713,0.07014730352790599,,,
no_T4,1,15,0.1,True,0.048824310302734375,61.24444243753533,0.9997621214216805,0.9999943164258854,26214,12799,0.048824310302734375,2.0481287600593796,0.09999847412109375,536904.665677006,0.9997564391995665,20.476611610089158,8.305816617334749e-13,0.06266640575878864,0.06140784497859889,,,
no_decomp,1,15,0.1,True,0.048946380615234375,61.23359777843098,0.9995898638244026,0.9999943023114157,26214,12831,0.048946380615234375,2.0430208089782558,0.09999847412109375,535565.6469487959,0.9995841684726465,20.422024180507634,8.036850629963517e-09,0.11435852872630896,0.120070588756018,,,
fixed_path,1,15,0.1,True,0.049121856689453125,61.21805587125173,0.9997183419458998,0.9999942818183253,26214,12877,0.049121856689453125,2.0357226061970954,0.09999847412109375,533652.4668789314,0.999712625374797,20.35168645385189,1.1083572591587077e-12,0.08152680516093146,0.08143441394103439,,,
fixed_plane,1,15,0.1,True,0.048641204833984375,61.26076037072999,0.9997975804002438,0.9999943377414423,26214,12751,0.048641204833984375,2.0558387577444908,0.09999847412109375,538925.7953101718,0.9997919192878382,20.554423409127995,4.014036049257612e-14,0.05900679058043469,0.05128577558850746,,,
single_seg,1,15,0.1,True,0.04930877685546875,61.201561312329176,0.9995724596722652,0.9999942602362517,26214,12926,0.04930877685546875,2.028005570168652,0.09999847412109375,531629.4921862911,0.9995667223624973,20.271578126798275,8.726951667169607e-09,0.13302039100659444,0.12789558889603744,,,
no_ga,1,15,0.1,True,0.06989288330078125,59.68647404014203,0.9996117409492912,0.999991863934848,26214,12400,0.04730224609375,2.1140322580645163,0.09999847412109375,375059.64501691953,0.99960360804304,14.301936918831716,2.8065860039921437e-16,0.03932624970507948,0.04206507824133486,,,
unconstrained,1,15,0.1,True,0.04885101318359375,61.24206785331423,0.9995565635919292,0.9999943135634831,26214,12806,0.04885101318359375,2.0470092144307355,0.09999847412109375,536611.1835077307,0.9995508796769853,20.461210823211278,4.088139738226342e-06,0.12215351093094524,0.13334844964901688,,,
full,1,16,0.1,True,0.048976898193359375,61.230890839617025,0.9995776423074111,0.9999915078221657,26214,12839,0.048976898193359375,2.041747799672872,0.09999847412109375,535231.9351974453,0.9995691537163135,20.408992618724923,3.985189697132165e-08,0.09532413462064065,0.08519300172388472,,,
no_T1T2,1,16,0.1,True,0.04892730712890625,61.23529047238351,0.9995934659347283,0.9999915161752905,26214,12826,0.04892730712890625,2.0438172462186186,0.09999847412109375,535774.4281927336,0.9995849855589826,20.43000206255839,1.1522067238523842e-09,0.09665857097303499,0.08089433844263612,,,
no_T3,1,16,0.1,True,0.049198150634765625,61.21131582982903,0.9996424125951364,0.9999914695005943,26214,12897,0.049198150634765625,2.0325657129565013,0.09999847412109375,532824.9062572691,0.9996338851461298,20.31852564067202,1.944980575918271e-08,0.09253760065080958,0.0771204444798819,,,
no_T4,1,16,0.1,True,0.04894256591796875,61.23393626444644,0.9996054174326323,0.9999915138763984,26214,12830,0.04894256591796875,2.0431800467653938,0.09999847412109375,535607.3901792674,0.9995969346575071,20.423876760628023,3.059307318814498e-09,0.08911642016052128,0.08134051895277981,,,
no_decomp,1,16,0.1,True,0.048839569091796875,61.24308537328898,0.9996084720125946,0.9999915315423868,26214,12803,0.048839569091796875,2.0474888697961413,0.09999847412109375,536736.9222838397,0.9996000068706197,20.467011184963816,2.857804050707281e-09,0.09273737745345763,0.08010832837505366,,,
fixed_path,1,16,0.1,True,0.04947662353515625,61.186803067354916,0.999647174283545,0.9999914209894072,26214,12970,0.04947662353515625,2.0211256746337702,0.09999847412109375,529825.9688511951,0.9996385982998477,20.20426065633888,2.773289889583014e-11,0.09743461261080742,0.07071092974686045,,,
fixed_plane,1,16,0.1,True,0.048618316650390625,61.26280443014285,0.9996304908463584,0.9999915698059749,26214,12745,0.048618316650390625,2.0568065908199293,0.09999847412109375,539179.5069438996,0.9996220637673672,20.560606220810726,1.3439316322320822e-08,0.09442899616218915,0.08351975036182614,,,
single_seg,1,16,0.1,True,0.049457550048828125,61.18847761714201,0.9995451077212107,0.9999914244042598,26214,12965,0.049457550048828125,2.021905129193984,0.09999847412109375,530030.2981874277,0.9995365360264429,20.209988870043645,9.343668306033628e-10,0.0965552134970556,0.08767991043047098,,,
no_ga,1,16,0.1,True,0.10620498657226562,57.86935452503093,0.9990318548759917,0.999981585338987,26214,12451,0.047496795654296875,2.105373062404626,0.09999847412109375,246824.56865773498,0.9990134580430429,9.406464708352265,2.027774916286613e-09,0.06692159609697272,0.05407951383149826,,,
unconstrained,1,16,0.1,True,0.049022674560546875,61.22683359231311,0.9995529135702522,0.9999914997230306,26214,12851,0.049022674560546875,2.0398412574896896,0.09999847412109375,534732.1466033772,0.9995444170936413,20.389430524830402,1.1300178677482535e-07,0.09423452485296087,0.08965248358860281,,,
full,1,17,0.1,True,0.049106597900390625,61.21940513567238,0.9998104465205746,0.9999893475123719,26214,12873,0.049106597900390625,2.0363551619669074,0.09999847412109375,533818.287578653,0.9997997960521626,20.359785421913937,0.272266793251916,0.1393530256478592,0.09196608972328954,,,
no_T1T2,1,17,0.1,True,0.0491790771484375,61.212999859792745,0.9997691508341664,0.9999893314211046,26214,12892,0.0491790771484375,2.033354017995656,0.09999847412109375,533031.5556934533,0.9997584847181035,20.328939514267958,0.3907827562516753,0.13642363780109004,0.10472795243939391,,,
no_T3,1,17,0.1,True,0.049007415771484375,61.228185586975464,0.9997648111409043,0.9999893687644412,26214,12847,0.049007415771484375,2.0404763758075815,0.09999847412109375,534898.6390597026,0.9997541824056937,20.400059188336435,0.5906245470355408,0.12774137075742562,0.10732245974970282,,,
no_T4,1,17,0.1,True,0.048915863037109375,61.236306405520594,0.9997755114947324,0.9999893884981138,26214,12823,0.048915863037109375,2.044295406691102,0.09999847412109375,535899.7750916323,0.9997649023750065,20.438459843109545,0.2073111272004758,0.12633040140278634,0.10055177825640049,,,
no_decomp,1,17,0.1,True,0.048702239990234375,61.25531424437129,0.9998104676416928,0.999989434813802,26214,12767,0.048702239990234375,2.0532623169107858,0.09999847412109375,538250.396804261,0.9997999044579394,20.52882792779996,0.15741979527726227,0.11757894298424205,0.08040383836763378,,,
fixed_path,1,17,0.1,True,0.049488067626953125,61.18579864731751,0.9998151170537136,0.9999892646438724,26214,12973,0.049488067626953125,2.0206582902952284,0.09999847412109375,529703.4468511523,0.9998043836823702,20.202938437988998,0.11098580674634635,0.13295644629533926,0.09586372604710194,,,
fixed_plane,1,17,0.1,True,0.048839569091796875,61.24308537328898,0.9997880334907212,0.999989405427758,26214,12803,0.048839569091796875,2.0474888697961413,0.09999847412109375,536736.9222838397,0.9997774411641738,20.47064418781076,0.24678679863892458,0.10961148099396505,0.09735063807437136,,,
single_seg,1,17,0.1,True,0.04933929443359375,61.19887426208474,0.9997930157611757,0.9999892966987921,26214,12934,0.04933929443359375,2.0267511983918354,0.09999847412109375,531300.6661512293,0.9997823146753825,20.26340923908021,0.18483732588806912,0.10816332982700315,0.08786832478654102,,,
no_ga,1,17,0.1,True,0.12598419189453125,57.12764306255738,0.9995153412736737,0.9999726709746312,26214,11643,0.044414520263671875,2.2514815769131666,0.09999847412109375,208073.72421728336,0.9994880254935555,7.933439985314075,0.07956712691562962,0.05048229263298206,0.03710363429672195,,,
unconstrained,1,17,0.1,True,0.049365997314453125,61.196524456134995,0.9997801644076446,0.9999892911963191,26214,12941,0.049365997314453125,2.0256548952940268,0.09999847412109375,531013.2768719574,0.9997694579581399,20.25218799064822,0.24399848069060928,0.09881754324478975,0.09350168263212114,,,
full,1,18,0.1,True,0.048908233642578125,61.236983826332924,0.9998502244069408,0.9999834140722444,26214,12821,0.048908233642578125,2.044614304656423,0.09999847412109375,535983.3722798533,0.9998336409633525,20.44305358214625,0.5405302512227419,0.12120568069890986,0.11649661620260804,,,
no_T1T2,1,18,0.1,True,0.0491790771484375,61.212999859792745,0.9998363768151552,0.9999833219587433,26214,12892,0.0491790771484375,2.033354017995656,0.09999847412109375,533031.5556934533,0.9998197015028127,20.33018428721326,0.4092321152887938,0.12154762591866143,0.10206662252120494,,,
no_T3,1,18,0.1,True,0.04885101318359375,61.24206785331423,0.9998572423852907,0.9999834339136764,26214,12806,0.04885101318359375,2.0470092144307355,0.09999847412109375,536611.1835077307,0.999840678663902,20.467143125696545,0.30952089685895084,0.12583266521427042,0.09888428671261322,,,
no_T4,1,18,0.1,True,0.048915863037109375,61.236306405520594,0.9998676202671728,0.9999834116692381,26214,12823,0.048915863037109375,2.044295406691102,0.09999847412109375,535899.7750916323,0.9998510341323696,20.44022065753692,0.6418549461378289,0.10381690434817048,0.0992124521666112,,,
no_decomp,1,18,0.1,True,0.0489044189453125,61.23732257636774,0.9998712564360777,0.999983414900269,26214,12820,0.0489044189453125,2.044773790951638,0.09999847412109375,536025.1806552262,0.9998546734715715,20.445078277888584,0.41970336384842766,0.11875610951333616,0.1121574671400228,,,
fixed_path,1,18,0.1,True,0.049228668212890625,61.208622739396844,0.9998695570758354,0.9999833054950942,26214,12905,0.049228668212890625,2.031305695466873,0.09999847412109375,532494.600232468,0.9998528647486096,20.3103780997024,0.8895760351357007,0.14991096396213188,0.10800663143373221,,,
fixed_plane,1,18,0.1,True,0.048370361328125,61.285010292738576,0.9998661028207021,0.999983596222801,26214,12680,0.048370361328125,2.067350157728707,0.09999847412109375,541943.4397476341,0.9998497012399226,20.67070978563393,0.699372456398335,0.11096367532245877,0.10117366083700349,,,
single_seg,1,18,0.1,True,0.04935455322265625,61.197531360151025,0.9998590994038584,0.9999832628741019,26214,12938,0.04935455322265625,2.026124594218581,0.09999847412109375,531136.4056268357,0.9998423646362313,20.25836117137117,0.40687956559046434,0.11988246587661253,0.11207888896072156,,,
no_ga,1,18,0.1,True,0.14008712768554688,56.66682130164381,0.9996417720048143,0.9999524957616882,26214,11097,0.042331695556640625,2.3622600702892673,0.09999847412109375,187126.40078424965,0.9995942847838506,7.13551845411262,0.2838239678840483,0.08374530534850341,0.06199516890026893,,,
unconstrained,1,18,0.1,True,0.04892730712890625,61.23529047238351,0.999868432054165,0.9999834071428894,26214,12826,0.04892730712890625,2.0438172462186186,0.09999847412109375,535774.4281927336,0.9998518413801425,20.435456191077193,0.7436092180753875,0.11654915992135591,0.0969241150058906,,,
full,1,19,0.1,True,0.04888916015625,61.23867784079409,0.9997521804690023,0.9999942802461864,26214,12816,0.04888916015625,2.0454119850187267,0.09999847412109375,536192.4794007491,0.9997464621326554,20.44924598699304,3.897214622161675e-264,0.10247716025727685,0.10916893874206905,,,
no_T1T2,1,19,0.1,True,0.04875946044921875,61.25021469607035,0.999771008926496,0.999994294627961,26214,12782,0.04875946044921875,2.0508527616961354,0.09999847412109375,537618.7463620717,0.9997653048609362,20.504027231846756,0.0,0.09886977652551941,0.10143711491094634,,,
no_T3,1,19,0.1,True,0.0490570068359375,61.22379314231368,0.9997648977665888,0.9999942600036882,26214,12860,0.0490570068359375,2.0384136858475896,0.09999847412109375,534357.9172628305,0.999759159119763,20.37953849209107,2.30902109717193e-299,0.11714628075234526,0.10735507335190891,,,
no_T4,1,19,0.1,True,0.04875946044921875,61.25021469607035,0.9997860298092989,0.9999942947431673,26214,12782,0.04875946044921875,2.0508527616961354,0.09999847412109375,537618.7463620717,0.9997803257732211,20.50433529334183,3.69329957714e-311,0.10426930849897838,0.1078963971788359,,,
no_decomp,1,19,0.1,True,0.048793792724609375,61.247157838839286,0.999823460358002,0.9999942908272133,26214,12791,0.048793792724609375,2.049409741224298,0.09999847412109375,537240.4672035024,0.9998177521931105,20.49067507082408,1.3448694913909015e-295,0.09917213391333375,0.09249644755835483,,,
fixed_path,1,19,0.1,True,0.0493011474609375,61.20223333473965,0.9998177277232516,0.9999942344786574,26214,12924,0.0493011474609375,2.0283194057567315,0.09999847412109375,531711.7623026926,0.9998119632528037,20.279689515238548,4.2715339723282255e-208,0.09621224897051261,0.10381251710005669,,,
fixed_plane,1,19,0.1,True,0.048526763916015625,61.270990302012436,0.9997612404231702,0.9999943219548597,26214,12721,0.048526763916015625,2.0606870529046457,0.09999847412109375,540196.7467966354,0.9997555637337175,20.602147826382488,2.4568704924498688e-285,0.1184283118208053,0.10821499690337961,,,
single_seg,1,19,0.1,True,0.049190521240234375,61.211989363456155,0.9997365579144862,0.9999942442351385,26214,12895,0.049190521240234375,2.0328809616130283,0.09999847412109375,532907.5468010857,0.9997308036659355,20.323647289352692,0.0,0.10441846840043263,0.11280518839871129,,,
no_ga,1,19,0.1,True,0.08834457397460938,58.66900480089654,0.9996993870507406,0.9999896632780417,26214,13265,0.050601959228515625,1.9761779117979645,0.09999847412109375,296724.50520316075,0.9996890534361348,11.315794603565012,0.0,0.07420018727945973,0.0700941157978221,,,
unconstrained,1,19,0.1,True,0.0488433837890625,61.24274617347477,0.9997565912071528,0.9999942847214986,26214,12804,0.0488433837890625,2.047328959700094,0.09999847412109375,536695.0028116214,0.9997508773198005,20.468501560771774,1.1771945170670665e-292,0.10092132886396803,0.10390100631314439,,,
full,1,20,0.1,True,0.049098968505859375,61.22007992511112,0.9998955659187727,0.9999954630603213,26214,12871,0.049098968505859375,2.036671587289255,0.09999847412109375,533901.2365783545,0.9998910294529051,20.364807243019374,0.0,0.4874634714846158,0.23394186201396236,,,
no_T1T2,1,20,0.1,True,0.048755645751953125,61.25055447972808,0.9999105388586663,0.9999954937730618,26214,12781,0.048755645751953125,2.0510132227525233,0.09999847412109375,537660.8102652375,0.9999060330348604,20.508517887793634,0.0,0.4940019287296792,0.25011825811046084,,,
no_T3,1,20,0.1,True,0.04914093017578125,61.2163698799968,0.9998684783010235,0.999995458188876,26214,12882,0.04914093017578125,2.0349324639031208,0.09999847412109375,533445.3358174197,0.9998639370872463,20.3468663191895,0.0,0.4910044487941294,0.27248317527821964,,,
no_T4,1,20,0.1,True,0.049022674560546875,61.22683359231311,0.9997604597761867,0.9999954710919189,26214,12851,0.049022674560546875,2.0398412574896896,0.09999847412109375,534732.1466033772,0.9997559319529612,20.39374515803261,0.0,0.5268504209831479,0.3109619003190754,,,
no_decomp,1,20,0.1,True,0.04889678955078125,61.23800015571524,0.9996939710668585,0.999995487055618,26214,12818,0.04889678955078125,2.0450928381962865,0.09999847412109375,536108.8169761273,0.9996894595035681,20.444889504766998,0.0,0.5116294514228408,0.30344213714013685,,,
fixed_path,1,20,0.1,True,0.049411773681640625,61.192499172937396,0.9997000567573011,0.9999954370816905,26214,12953,0.049411773681640625,2.0237782753030187,0.09999847412109375,530521.3322010345,0.9996954952076081,20.231928965930923,0.0,0.5522909230717382,0.3644557999531639,,,
fixed_plane,1,20,0.1,True,0.048885345458984375,61.239016722993085,0.9998167831310044,0.9999954823649151,26214,12815,0.048885345458984375,2.045571595786188,0.09999847412109375,536234.3204057745,0.9998122663236264,20.452187806721867,0.0,0.4988569312401521,0.2704722186017555,,,
single_seg,1,20,0.1,True,0.04946136474609375,61.18814265552687,0.9999068939813901,0.9999954284738024,26214,12966,0.04946136474609375,2.021749190189727,0.09999847412109375,529989.4197130958,0.9999023228808291,20.21582558454975,0.0,0.47760560028920146,0.22617310297657586,,,
no_ga,1,20,0.1,True,0.10741424560546875,57.820184782234335,0.9995147392546352,0.9999900794941554,26214,12316,0.0469818115234375,2.1284507957128938,0.09999847412109375,244045.84189217983,0.9995048235628227,9.305142143193855,0.0,0.4724194746058343,0.2450413506740028,,,
unconstrained,1,20,0.1,True,0.04877471923828125,61.248855827217255,0.9997723769520201,0.9999954937211049,26214,12786,0.04877471923828125,2.050211168465509,0.09999847412109375,537450.5565462224,0.999767871698858,20.49766533385151,0.0,0.5067077158345817,0.2731787808517398,,,
full,1,21,0.1,True,0.048725128173828125,61.253273706439145,0.9996024943733571,0.9999710768041559,26214,12773,0.048725128173828125,2.052297815705003,0.09999847412109375,537997.5586001723,0.9995735826746461,20.514539830631993,2.1216554892107175e-27,0.09346512066109722,0.08199422158703402,,,
no_T1T2,1,21,0.1,True,0.048908233642578125,61.236983826332924,0.9994820815218689,0.999970968359216,26214,12821,0.048908233642578125,2.044614304656423,0.09999847412109375,535983.3722798533,0.9994530649171081,20.435272151129425,5.981691076021962e-30,0.12302807378539102,0.10888943662489343,,,
no_T3,1,21,0.1,True,0.048992156982421875,61.229538002656,0.9994970837436022,0.9999709171658682,26214,12843,0.048992156982421875,2.0411118897453866,0.09999847412109375,535065.2352254146,0.9994680155357005,20.40057178732311,2.281326490056669e-36,0.12061093764166608,0.09862633695654965,,,
no_T4,1,21,0.1,True,0.0491180419921875,61.21839314805996,0.9995329981722635,0.9999708420127031,26214,12876,0.0491180419921875,2.0358807082945014,0.09999847412109375,533693.9123951538,0.9995038538018,20.349016639563455,3.008831115781113e-35,0.108368082849647,0.09276469284639542,,,
no_decomp,1,21,0.1,True,0.0488739013671875,61.24003352827788,0.9994297711175608,0.9999709875973604,26214,12812,0.0488739013671875,2.0460505775835154,0.09999847412109375,536359.882610053,0.9994007752586311,20.448557354776664,4.9772082481812205e-26,0.13398388981327966,0.12046777254049836,,,
fixed_path,1,21,0.1,True,0.048969268798828125,61.23156741615976,0.9995016282232346,0.9999709304838518,26214,12837,0.048969268798828125,2.0420659032484227,0.09999847412109375,535315.3241411545,0.9994725731945128,20.410200064462284,6.223655836439527e-28,0.11450837247360876,0.1079405334103891,,,
fixed_plane,1,21,0.1,True,0.048553466796875,61.268601161810466,0.9995767219357161,0.9999711777203509,26214,12728,0.048553466796875,2.0595537397862977,0.09999847412109375,539899.6555625392,0.9995479118559057,20.58654052526356,3.4426506053936283e-28,0.10050990896156183,0.08682138415421775,,,
single_seg,1,21,0.1,True,0.049297332763671875,61.20256938494442,0.9995292574191716,0.9999707353559639,26214,12923,0.049297332763671875,2.0284763599783333,0.09999847412109375,531752.9069101602,0.9995000065512496,20.27493072176513,3.423199066161026e-25,0.1075745080799833,0.09780080167721769,,,
no_ga,1,21,0.1,True,0.08780670166015625,58.69552697092172,0.9992276733312329,0.9999478754985738,26214,13097,0.049961090087890625,2.0015270672673133,0.09999847412109375,298542.1329394387,0.9991755890869491,11.379263429733651,6.797520053115323e-25,0.07963784299376676,0.0628264018121185,,,
unconstrained,1,21,0.1,True,0.048969268798828125,61.23156741615976,0.9994625788219621,0.9999709294909964,26214,12837,0.048969268798828125,2.0420659032484227,0.09999847412109375,535315.3241411545,0.9994335239360657,20.409402640702343,1.6169129777707535e-27,0.12976880847178868,0.1166968537699605,,,
full,1,22,0.1,True,0.049106597900390625,61.21940513567238,0.9995242520151907,0.9999878802954693,26214,12873,0.049106597900390625,2.0363551619669074,0.09999847412109375,533818.287578653,0.9995121380765849,20.3539275944961,0.0,0.131970852445768,0.11550210290264173,,,
no_T1T2,1,22,0.1,True,0.048610687255859375,61.26348599712778,0.9995622413814226,0.9999880113653209,26214,12743,0.048610687255859375,2.0571294043788746,0.09999847412109375,539264.1305814957,0.9995502579948716,20.562356025410626,2.535922727792695e-175,0.14049025001169874,0.11764068685872331,,,
no_T3,1,22,0.1,True,0.048961639404296875,61.2322440981211,0.9995841759537254,0.9999879197394751,26214,12835,0.048961639404296875,2.0423841059602648,0.09999847412109375,535398.7390728476,0.9995721007164633,20.415413227130234,1.8302776936984313e-257,0.12061214585909782,0.09768983253164536,,,
no_T4,1,22,0.1,True,0.04909515380859375,61.22041735915185,0.999626642362611,0.9999878829125728,26214,12870,0.04909515380859375,2.036829836829837,0.09999847412109375,533942.7207459208,0.999614529799191,20.360757676742743,0.0,0.12259480310956443,0.09665039705841073,,,
no_decomp,1,22,0.1,True,0.0487060546875,61.25497408812918,0.9994452132970978,0.9999879830089169,26214,12768,0.0487060546875,2.0531015037593985,0.09999847412109375,538208.2406015038,0.9994332029728815,20.519691224946982,1.1631495524979173e-200,0.14818803950024584,0.12950450975458844,,,
fixed_path,1,22,0.1,True,0.0494537353515625,61.188812604594,0.999628560934304,0.9999877942386012,26214,12964,0.0494537353515625,2.022061092255477,0.09999847412109375,530071.1829682197,0.9996163597066018,20.213161909821615,0.0,0.12227069780927831,0.09547022987391733,,,
fixed_plane,1,22,0.1,True,0.048793792724609375,61.247157838839286,0.9994926761687227,0.999987967554165,26214,12791,0.048793792724609375,2.049409741224298,0.09999847412109375,537240.4672035024,0.9994806498272342,20.483766356681297,5.5911377802433524e-154,0.14526536928261718,0.12233212491630925,,,
single_seg,1,22,0.1,True,0.049037933349609375,61.22548201840693,0.9996592534558538,0.9999879015194434,26214,12855,0.049037933349609375,2.0392065344224037,0.09999847412109375,534565.7577596266,0.9996471590978127,20.385181242671102,2.111269124071371e-224,0.1292970398596702,0.10242998747289055,,,
no_ga,1,22,0.1,True,0.1060638427734375,57.875130029819715,0.9987563047588416,0.9999738296741977,26214,12368,0.04718017578125,2.1195019404915914,0.09999847412109375,247153.02891670263,0.998730166980949,9.416311354231546,2.11523503024163e-217,0.11027731459680525,0.07991203035251612,,,
unconstrained,1,22,0.1,True,0.049190521240234375,61.211989363456155,0.9995153400041625,0.9999878618728893,26214,12895,0.049190521240234375,2.0328809616130283,0.09999847412109375,532907.5468010857,0.9995032077599165,20.319020464910086,2.4731551931810676e-234,0.14390611136719045,0.12184130508466436,,,
full,1,23,0.1,True,0.048992156982421875,61.229538002656,0.9996051556953953,0.9999926081062065,26214,12843,0.048992156982421875,2.0411118897453866,0.09999847412109375,535065.2352254146,0.999597766720249,20.4032201945895,5.903806458330618e-15,0.08984749631377534,0.11189127885757885,,,
no_T1T2,1,23,0.1,True,0.0489044189453125,61.23732257636774,0.9996610553345029,0.999992621360378,26214,12820,0.0489044189453125,2.044773790951638,0.09999847412109375,536025.1806552262,0.9996536791958315,20.440968336904216,3.929034049486151e-16,0.09533517928761746,0.11291293945829091,,,
no_T3,1,23,0.1,True,0.04894256591796875,61.23393626444644,0.9996738082266783,0.9999926155589989,26214,12830,0.04894256591796875,2.0431800467653938,0.09999847412109375,535607.3901792674,0.999666426194421,20.425296619509766,9.750578240487427e-18,0.10543582882130029,0.11730278416931728,,,
no_T4,1,23,0.1,True,0.049045562744140625,61.22480638915555,0.9995843470756809,0.9999925999743783,26214,12857,0.049045562744140625,2.0388893209924555,0.09999847412109375,534482.6021622462,0.9995769501259014,20.380578674170046,3.287653074925987e-14,0.11690705740696009,0.14077687378583795,,,
no_decomp,1,23,0.1,True,0.048900604248046875,61.23766135282713,0.9995953883355315,0.9999926219203331,26214,12819,0.048900604248046875,2.0449333021296514,0.09999847412109375,536066.9955534753,0.9995880132411217,20.441220075129152,1.948032153126405e-15,0.09389513942161137,0.12244751150761769,,,
fixed_path,1,23,0.1,True,0.049343109130859375,61.1985384976701,0.9996885818617003,0.9999925550714714,26214,12935,0.049343109130859375,2.0265945110166217,0.09999847412109375,531259.5914959413,0.9996811392516575,20.25979223563869,1.7648873974020363e-15,0.08386353367987313,0.11294853768174914,,,
fixed_plane,1,23,0.1,True,0.048984527587890625,61.230214368460054,0.9996275870069479,0.9999926093163619,26214,12841,0.048984527587890625,2.0414297951872906,0.09999847412109375,535148.5722295771,0.9996201990756964,20.4068559665524,9.52881575969249e-14,0.11647987484868394,0.10783456322114289,,,
single_seg,1,23,0.1,True,0.04920196533203125,61.21097910218249,0.9996942719415277,0.999992576404224,26214,12898,0.04920196533203125,2.032408125290743,0.09999847412109375,532783.5955962165,0.9996868506153532,20.318026807854796,5.443038108953663e-16,0.0778993231589241,0.08363562490439574,,,
no_ga,1,23,0.1,True,0.08893585205078125,58.64003490684897,0.9992892374770663,0.9999865818214903,26214,13243,0.050518035888671875,1.9794608472400514,0.09999847412109375,294751.7721540705,0.999275828835695,11.235916739911831,1.1971385219078584e-15,0.03250666823427691,0.07306644035316855,,,
unconstrained,1,23,0.1,True,0.0490875244140625,61.2210923058964,0.9996768163896717,0.9999925938169879,26214,12868,0.0490875244140625,2.037146409698477,0.09999847412109375,534025.7084239975,0.9996694126002166,20.36504029349325,1.9942215157197808e-15,0.08132893597965346,0.09687486618258025,,,
full,1,24,0.1,True,0.048992156982421875,61.229538002656,0.9994195870303072,0.9999886988006726,26214,12843,0.048992156982421875,2.0411118897453866,0.09999847412109375,535065.2352254146,0.9994082923903425,20.39935275250128,8.856975954631834e-32,0.09903192522838634,0.1093117009986215,,,
no_T1T2,1,24,0.1,True,0.049114227294921875,61.218730451063436,0.9994242894874491,0.999988670965385,26214,12875,0.049114227294921875,2.0360388349514564,0.09999847412109375,533735.3643495146,0.9994129669750784,20.348746626385626,2.1956167114163794e-42,0.09405676578592043,0.10454512886553385,,,
no_T3,1,24,0.1,True,0.049037933349609375,61.22548201840693,0.9994982206696333,0.9999886884048619,26214,12855,0.049037933349609375,2.0392065344224037,0.09999847412109375,534565.7577596266,0.9994869147504198,20.381913479605917,3.843225358651494e-36,0.07643562843773274,0.08820240505813928,,,
no_T4,1,24,0.1,True,0.0491485595703125,61.215695666719185,0.9995081458203605,0.9999886628844007,26214,12884,0.0491485595703125,2.0346165787022663,0.09999847412109375,533362.5284073269,0.9994968142809689,20.336238193330512,2.157722904898126e-35,0.07662426667362937,0.0857417964769626,,,
no_decomp,1,24,0.1,True,0.048847198486328125,61.24240700015123,0.9994621395318777,0.999988732091932,26214,12805,0.048847198486328125,2.047169074580242,0.09999847412109375,536653.089886763,0.9994508776843719,20.460761490018896,1.885004126542553e-34,0.08579480420867906,0.095166357662852,,,
fixed_path,1,24,0.1,True,0.049045562744140625,61.22480638915555,0.9995556557485471,0.9999886875960942,26214,12857,0.049045562744140625,2.0388893209924555,0.09999847412109375,534482.6021622462,0.999544348371243,20.37991395033298,5.536620397540914e-32,0.08212236161355405,0.08711152155555647,,,
fixed_plane,1,24,0.1,True,0.04894256591796875,61.23393626444644,0.9994589285145907,0.999988710370343,26214,12830,0.04894256591796875,2.0431800467653938,0.09999847412109375,535607.3901792674,0.9994476449934304,20.420826457455792,7.920577757415954e-36,0.08634571130381029,0.09843045271902545,,,
single_seg,1,24,0.1,True,0.04949951171875,61.18479445952491,0.9994116791071912,0.9999885823847101,26214,12976,0.04949951171875,2.0201911220715165,0.09999847412109375,529580.9815043156,0.999400268209123,20.190103568851136,3.919779821851868e-32,0.09203647767667832,0.10035713864794839,,,
no_ga,1,24,0.1,True,0.1070404052734375,57.83532616127231,0.9987302865321525,0.9999753093189865,26214,12392,0.047271728515625,2.115397030342156,0.09999847412109375,244898.17590876692,0.9987056272012291,9.33017419590303,1.3472351040816978e-39,0.06229135229560765,0.05406442714060404,,,
unconstrained,1,24,0.1,True,0.049121856689453125,61.21805587125173,0.9994296332058019,0.9999886692319183,26214,12877,0.049121856689453125,2.0357226061970954,0.09999847412109375,533652.4668789314,0.999418308900414,20.345694895425186,1.4974954747566718e-36,0.09197680987606564,0.10041997367172607,,,
full,1,25,0.1,True,0.04904937744140625,61.22446861394099,0.9996317612585123,0.9999895706963376,26214,12858,0.04904937744140625,2.0387307512832478,0.09999847412109375,534441.0340643957,0.9996213357953235,20.3798985418206,5.938466225093814e-44,0.061917461612379675,0.06874534399701678,,,
no_T1T2,1,25,0.1,True,0.048980712890625,61.230552590867376,0.9994903837514304,0.9999895848121829,26214,12840,0.048980712890625,2.041588785046729,0.09999847412109375,535190.2504672897,0.9994799738713622,20.40558241982355,4.751651146240422e-38,0.08680564624555251,0.10318179706225722,,,
no_T3,1,25,0.1,True,0.049304962158203125,61.20189731053592,0.9994314375384785,0.9999895167909966,26214,12925,0.049304962158203125,2.0281624758220502,0.09999847412109375,531670.6240618955,0.9994209602898342,20.270190190655185,2.0826238820717183e-45,0.10565197972655904,0.1210992362836627,,,
no_T4,1,25,0.1,True,0.049121856689453125,61.21805587125173,0.9996165348785503,0.9999895548736559,26214,12877,0.049121856689453125,2.0357226061970954,0.09999847412109375,533652.4668789314,0.9996060937575478,20.34951773254474,6.883876409228153e-48,0.06759926703074397,0.08078456835457462,,,
no_decomp,1,25,0.1,True,0.048999786376953125,61.22886174217207,0.999497934036719,0.9999895807512734,26214,12845,0.048999786376953125,2.0407940833008955,0.09999847412109375,534981.92417283,0.9994875200191427,20.397793417508613,4.499129813566512e-48,0.07981106173822385,0.09487542066224106,,,
fixed_path,1,25,0.1,True,0.049503326416015625,61.184459781852105,0.9996165369158806,0.9999894738906945,26214,12977,0.049503326416015625,2.0200354473298914,0.09999847412109375,529540.172304847,0.9996060148429494,20.192703949679444,1.7563524087986136e-40,0.0747982623700727,0.08497696501179057,,,
fixed_plane,1,25,0.1,True,0.04869842529296875,61.25565442725786,0.9994339009620511,0.999989645159054,26214,12766,0.04869842529296875,2.0534231552561493,0.09999847412109375,538292.559611468,0.9994235519829706,20.522707787170912,4.33030263172936e-48,0.09863717687705179,0.10787196854397839,,,
single_seg,1,25,0.1,True,0.04943084716796875,61.19082307210264,0.9996589483715327,0.999989489202481,26214,12958,0.04943084716796875,2.022997376138293,0.09999847412109375,530316.6241703967,0.9996484411587383,20.223170316338656,1.423468707552893e-34,0.05948366448957987,0.0675869696337687,,,
no_ga,1,25,0.1,True,0.08739471435546875,58.71595193630174,0.9991139729612181,0.9999814165923815,26214,13214,0.05040740966796875,1.9838050552444377,0.09999847412109375,299949.4900043649,0.9990954060190012,11.431988918177435,3.3147638911197765e-49,0.07243536151048477,0.06977448567653748,,,
unconstrained,1,25,0.1,True,0.04894256591796875,61.23393626444644,0.999567205327337,0.9999895929608998,26214,12830,0.04894256591796875,2.0431800467653938,0.09999847412109375,535607.3901792674,0.9995568027923479,20.423056781854815,1.44139232204121e-42,0.07820561146082959,0.08777900817923424,,,
full,1,26,0.1,True,0.048961639404296875,61.2322440981211,0.9998782424133965,0.9999863047411212,26214,12835,0.048961639404296875,2.0423841059602648,0.09999847412109375,535398.7390728476,0.9998645488220194,20.421386231897113,0.9032642235059516,0.062330027850913974,0.07886983033424805,,,
no_T1T2,1,26,0.1,True,0.049388885498046875,61.19451134817912,0.9999087106106276,0.9999861861966959,26214,12947,0.049388885498046875,2.024716150459566,0.09999847412109375,530767.1905460724,0.9998948980683772,20.245342408220953,0.9730429426388606,0.07744889506327712,0.06633114785479319,,,
no_T3,1,26,0.1,True,0.0490570068359375,61.22379314231368,0.9998804648751198,0.9999862785451027,26214,12860,0.0490570068359375,2.0384136858475896,0.09999847412109375,534357.9172628305,0.9998667450604184,20.38173157209318,0.9502030262724044,0.039902463211836756,0.08155121720982295,,,
no_T4,1,26,0.1,True,0.048892974853515625,61.23833898503619,0.9999336439386124,0.9999863241661202,26214,12817,0.048892974853515625,2.045252399157369,0.09999847412109375,536150.6449247093,0.999919969012207,20.451199216410703,0.8953538163072549,0.03895275109200707,0.04142905947170692,,,
no_decomp,1,26,0.1,True,0.048809051513671875,61.245799925963674,0.9998565456510405,0.9999863479553682,26214,12795,0.048809051513671875,2.0487690504103164,0.09999847412109375,537072.513950762,0.999842895564854,20.484784370062766,0.8755385204813299,0.07786081796646416,0.11578545888748736,,,
fixed_path,1,26,0.1,True,0.049396514892578125,61.193840519506324,0.9998740918341918,0.9999861835232724,26214,12949,0.049396514892578125,2.0244034288362034,0.09999847412109375,530685.2124488377,0.9998602770970715,20.24151459412578,0.9523965801544979,0.056250640978258604,0.09496548312098746,,,
fixed_plane,1,26,0.1,True,0.0489654541015625,61.23190574396105,0.999839548346345,0.9999863045303699,26214,12836,0.0489654541015625,2.042224992209411,0.09999847412109375,535357.0283577439,0.9998258550741757,20.41900506018734,0.9685810215722483,0.10792105871457447,0.1269384756483864,,,
single_seg,1,26,0.1,True,0.049285888671875,61.20357769160506,0.9998637747581927,0.999986214655669,26214,12920,0.049285888671875,2.028947368421053,0.09999847412109375,531876.3789473685,0.9998499912917734,20.286739637553456,0.7035250501615534,0.0926002465612654,0.11332727957989923,,,
no_ga,1,26,0.1,True,0.08810806274414062,58.68064708470971,0.9998465099172791,0.9999753557457832,26214,13221,0.050434112548828125,1.9827547084184252,0.09999847412109375,297521.0120794908,0.9998218694457109,11.34767736692975,0.8174950921338332,0.03805189659833126,0.0787043913300201,,,
unconstrained,1,26,0.1,True,0.049289703369140625,61.2032415633731,0.9998746653031231,0.9999862130370447,26214,12921,0.049289703369140625,2.0287903413048527,0.09999847412109375,531835.2152310193,0.9998608800681527,20.285390491802943,0.8348327940082707,0.07183396793364716,0.08893935890293919,,,
full,1,27,0.1,True,0.04912567138671875,61.21771862063467,0.9993764557965304,0.9999880367722797,26214,12878,0.04912567138671875,2.035564528653518,0.09999847412109375,533611.0277993478,0.9993645000284114,20.343019684380174,0.0,0.06921341524385378,0.08722842471683157,,,
no_T1T2,1,27,0.1,True,0.04900360107421875,61.2285236514149,0.999326980455802,0.9999880722719865,26214,12846,0.04900360107421875,2.0406352171882296,0.09999847412109375,534940.2783745913,0.9993150607553826,20.392686228137865,0.0,0.07829367050706376,0.09757854241660648,,,
no_T3,1,27,0.1,True,0.048664093017578125,61.25871727292579,0.999361408305498,0.9999881497012426,26214,12757,0.048664093017578125,2.0548718350709416,0.09999847412109375,538672.3223328369,0.999349565574243,20.535666106286303,0.0,0.0694384217986969,0.08960169409745801,,,
no_T4,1,27,0.1,True,0.04923248291015625,61.20828622048465,0.99939551027708,0.999988010043169,26214,12906,0.04923248291015625,2.0311483031148305,0.09999847412109375,532453.3407717341,0.9993835275680546,20.299271304106625,0.0,0.07547624083563291,0.09292744377382728,,,
no_decomp,1,27,0.1,True,0.04894256591796875,61.23393626444644,0.9993644952225618,0.9999880839950017,26214,12830,0.04894256591796875,2.0431800467653938,0.09999847412109375,535607.3901792674,0.9993525867902416,20.418884217579198,0.0,0.07642088553110649,0.09881806700833008,,,
fixed_path,1,27,0.1,True,0.0494537353515625,61.188812604594,0.9994108857533154,0.9999879558631787,26214,12964,0.0494537353515625,2.022061092255477,0.09999847412109375,530071.1829682197,0.9993988487118667,20.20876363751339,0.0,0.07328342196736452,0.09261150313505198,,,
fixed_plane,1,27,0.1,True,0.048793792724609375,61.247157838839286,0.9993376122950872,0.999988118462085,26214,12791,0.048793792724609375,2.049409741224298,0.09999847412109375,537240.4672035024,0.9993257386273569,20.480591543016953,0.0,0.07065257519049375,0.09076803046215041,,,
single_seg,1,27,0.1,True,0.0492401123046875,61.20761326087704,0.9994189707870467,0.9999880094713134,26214,12908,0.0492401123046875,2.0308335915711186,0.09999847412109375,532370.8410288193,0.9994069872252075,20.29660251465485,0.0,0.06625548304368487,0.07861491964266946,,,
no_ga,1,27,0.1,True,0.12382125854492188,57.20285146909511,0.9984556552143715,0.9999698450379786,26214,11474,0.04376983642578125,2.2846435419208646,0.09999847412109375,211708.39569918974,0.9984255468220085,8.063442082199346,0.0,0.03456465421576406,0.04503522908344806,,,
unconstrained,1,27,0.1,True,0.04920196533203125,61.21097910218249,0.9993575072061477,0.999988019638435,26214,12898,0.04920196533203125,2.032408125290743,0.09999847412109375,532783.5955962165,0.9993455345418787,20.311089766393724,0.0,0.08419440265344097,0.10213516921707347,,,
full,1,28,0.1,True,0.049152374267578125,61.215358599326485,0.9996896497512215,0.9999890001624665,26214,12885,0.049152374267578125,2.0344586728754366,0.09999847412109375,533321.1343422584,0.9996786533274904,20.338359402241494,0.00853466049594894,0.07229214991073354,0.10513362100186208,,,
no_T1T2,1,28,0.1,True,0.049083709716796875,61.221429818608364,0.9997183400443079,0.9999890153992149,26214,12867,0.049083709716796875,2.0373047330380043,0.09999847412109375,534067.2119375146,0.999707358537445,20.36739611381363,0.06386799252218237,0.056352943518617436,0.09764123593569968,,,
no_T3,1,28,0.1,True,0.048938751220703125,61.2342747768453,0.9998323506668103,0.9999890481136889,26214,12829,0.048938751220703125,2.0433393093771923,0.09999847412109375,535649.1399173747,0.9998214006165757,20.430055440270607,0.004524199355704451,0.04034252991482659,0.05344181238044969,,,
no_T4,1,28,0.1,True,0.04907989501953125,61.221767357552224,0.9997805845216766,0.9999890162341103,26214,12866,0.04907989501953125,2.0374630809886525,0.09999847412109375,534108.7219026893,0.9997696031657951,20.370247384757825,0.0006344580818925307,0.07110969694696716,0.07576606274075802,,,
no_decomp,1,28,0.1,True,0.048847198486328125,61.24240700015123,0.9998091062828711,0.9999890684640768,26214,12805,0.048847198486328125,2.047169074580242,0.09999847412109375,536653.089886763,0.9997981768337094,20.46787139928902,0.0034488182032745758,0.04879931364030361,0.06561961911410623,,,
fixed_path,1,28,0.1,True,0.04931640625,61.200889393890606,0.9997374834761467,0.9999889634716207,26214,12928,0.04931640625,2.0276918316831685,0.09999847412109375,531547.2475247525,0.9997264498450384,20.271680883986523,0.0038844472148054417,0.0594840504353627,0.10096633648657659,,,
fixed_plane,1,28,0.1,True,0.0487518310546875,61.25089428997191,0.9997358224553113,0.9999890899455377,26214,12780,0.0487518310546875,2.051173708920188,0.09999847412109375,537702.8807511737,0.9997249152830404,20.506407526757226,0.017149569312653046,0.06030740551129056,0.0930814090294887,,,
single_seg,1,28,0.1,True,0.049320220947265625,61.200553473650736,0.9996584904368221,0.9999889626543479,26214,12929,0.049320220947265625,2.0275349988398172,0.09999847412109375,531506.134735865,0.999647456860529,20.268511325798322,0.01056216606576876,0.1083668666990796,0.13687943113739157,,,
no_ga,1,28,0.1,True,0.06734085083007812,59.84801761609519,0.9995248643597707,0.9999849297522913,26214,12268,0.0467987060546875,2.1367786110205413,0.09999847412109375,389273.3708718065,0.9995098012724738,14.842547858424709,0.025765907948709435,0.07539946693712178,0.10049023345413653,,,
unconstrained,1,28,0.1,True,0.04915618896484375,61.215021558092445,0.9997601562825782,0.9999889990925687,26214,12886,0.04915618896484375,2.034300791556728,0.09999847412109375,533279.746701847,0.9997491580136454,20.338215371591577,0.030869717442462096,0.05226880687463952,0.07750913402019725,,,
full,2,0,0.1,True,0.04903411865234375,61.22581987245191,0.9987661814910728,0.9999799945675729,26214,12854,0.04903411865234375,2.03936517815466,0.09999847412109375,534607.3452621752,0.9987462007417185,20.36839303308208,0.0,0.0774746930570043,0.0910804738180886,,,
no_T1T2,2,0,0.1,True,0.048976898193359375,61.230890839617025,0.9983859918028957,0.9999799909819895,26214,12839,0.048976898193359375,2.041747799672872,0.09999847412109375,535231.9351974453,0.9983660150796043,20.38442718724416,0.0,0.09434232299189706,0.10951834209750706,,,
no_T3,2,0,0.1,True,0.0490875244140625,61.2210923058964,0.9985877733084584,0.9999799421741791,26214,12868,0.0490875244140625,2.037146409698477,0.09999847412109375,534025.7084239975,0.9985677438088344,20.34259734481062,0.0,0.09189762808795224,0.10891778245408239,,,
no_T4,2,0,0.1,True,0.04888153076171875,61.2393556316373,0.9976999373106293,0.9999800595467458,26214,12814,0.04888153076171875,2.0457312314655844,0.09999847412109375,536276.1679413142,0.9976800427216678,20.41016365843834,0.0,0.10029615684181631,0.11731569134015461,,,
no_decomp,2,0,0.1,True,0.048793792724609375,61.247157838839286,0.9979466032687226,0.9999800830119548,26214,12791,0.048793792724609375,2.049409741224298,0.09999847412109375,537240.4672035024,0.9979267271781557,20.451919628597487,0.0,0.09844497265508034,0.11635162163851348,,,
fixed_path,2,0,0.1,True,0.048992156982421875,61.229538002656,0.9982843378436519,0.9999799958873494,26214,12843,0.048992156982421875,2.0411118897453866,0.09999847412109375,535065.2352254146,0.9982643680513004,20.37600362052792,0.0,0.09688438265766787,0.11668755309052134,,,
fixed_plane,2,0,0.1,True,0.048648834228515625,61.260079231327865,0.9984746176215697,0.9999801411511217,26214,12753,0.048648834228515625,2.0555163490943307,0.09999847412109375,538841.2778169842,0.9984547890650295,20.523714594578774,0.0,0.08538555167393636,0.09623784764749052,,,
single_seg,2,0,0.1,True,0.049373626708984375,61.195853316461424,0.9968769016192615,0.9999798254782546,26214,12943,0.049373626708984375,2.0253418836436685,0.09999847412109375,530931.2227458858,0.9968567901045322,20.190066165893725,0.0,0.10878780566155433,0.13533455723970145,,,
no_ga,2,0,0.1,True,0.08815383911132812,58.67839130238707,0.9969413972600188,0.9999639848855328,26214,13158,0.05019378662109375,1.9922480620155039,0.09999847412109375,297366.51590289496,0.9969054923014795,11.308701950490244,0.0,0.07836303258458908,0.07754444991043927,,,
unconstrained,2,0,0.1,True,0.0487823486328125,61.24817655219921,0.9984568210259912,0.9999800667545985,26214,12788,0.0487823486328125,2.049890522364717,0.09999847412109375,537366.5010947763,0.9984369185411549,20.46717606928781,0.0,0.09139263215514631,0.10677938013784698,,,
full,2,1,0.1,True,0.04886627197265625,61.24071153074886,0.9997822322080743,0.9999889585182027,26214,12810,0.04886627197265625,2.046370023419204,0.09999847412109375,536443.6234192038,0.999771193130756,20.459330183611936,0.00013231659421323794,0.10194384999114148,0.0987720816860777,,,
no_T1T2,2,1,0.1,True,0.048870086669921875,61.240372516282505,0.999808828013651,0.9999889579847219,26214,12811,0.048870086669921875,2.046210288033721,0.09999847412109375,536401.7497463118,0.9997977881092969,20.45827736836496,0.00025898617210949533,0.05820246113269227,0.08914454919579184,,,
no_T3,2,1,0.1,True,0.04923248291015625,61.20828622048465,0.9997564669865865,0.9999888757784607,26214,12906,0.04923248291015625,2.0311483031148305,0.09999847412109375,532453.3407717341,0.9997453454741624,20.30662047450634,4.017947520274785e-06,0.10469954017556538,0.12375509008755062,,,
no_T4,2,1,0.1,True,0.0489349365234375,61.23461331563169,0.9997528236430733,0.9999889431445275,26214,12828,0.0489349365234375,2.0434985968194574,0.09999847412109375,535690.8961646399,0.999741769520594,20.430020769348815,2.47785982810971e-05,0.11691915501697345,0.1193590299780072,,,
no_decomp,2,1,0.1,True,0.0487518310546875,61.25089428997191,0.999777144796766,0.9999889845417388,26214,12780,0.0487518310546875,2.051173708920188,0.09999847412109375,537702.8807511737,0.999766131793357,20.50725296188089,0.00024022631168678848,0.09919560531318933,0.10250612701328599,,,
fixed_path,2,1,0.1,True,0.04933929443359375,61.19887426208474,0.9998068481307191,0.9999888517414784,26214,12934,0.04933929443359375,2.0267511983918354,0.09999847412109375,531300.6661512293,0.9997957020255045,20.263680571499446,1.9304976461977695e-05,0.04891765288699407,0.08869726958540874,,,
fixed_plane,2,1,0.1,True,0.048786163330078125,61.24783695452777,0.9998139803109548,0.9999889768626045,26214,12789,0.048786163330078125,2.0497302369223553,0.09999847412109375,537324.4832277739,0.9998029592240799,20.493576272017922,9.012803756211851e-06,0.03417605000267233,0.0723502896336144,,,
single_seg,2,1,0.1,True,0.04940032958984375,61.19350514402301,0.9998029812469754,0.9999888381927556,26214,12950,0.04940032958984375,2.024247104247104,0.09999847412109375,530644.2328957529,0.9997918216388164,20.238565814029798,1.6516499317961485e-05,0.042531170852132164,0.08619054480000912,,,
no_ga,2,1,0.1,True,0.0869903564453125,58.736092504874776,0.9996430077394381,0.999980346348777,26214,11583,0.044185638427734375,2.2631442631442633,0.09999847412109375,301343.7474127346,0.9996233611044165,11.491197437877398,1.6529009082229167e-07,0.040602783345412785,0.05893489375567698,,,
unconstrained,2,1,0.1,True,0.049388885498046875,61.19451134817912,0.9997789911692289,0.9999888403496339,26214,12947,0.049388885498046875,2.024716150459566,0.09999847412109375,530767.1905460724,0.999767833985244,20.242769681951636,2.5767487719039992e-05,0.09355726917913947,0.10626245535571921,,,
full,2,2,0.1,True,0.049106597900390625,61.21940513567238,0.9998867496958239,0.9999919270453806,26214,12873,0.049106597900390625,2.0363551619669074,0.09999847412109375,533818.287578653,0.9998786776554691,20.361391756025427,2.4140394143793804e-16,0.1950635211523885,0.17625082806540193,,,
no_T1T2,2,2,0.1,True,0.0484771728515625,61.27543076664462,0.9998972900977994,0.9999920307834057,26214,12708,0.0484771728515625,2.062795089707271,0.09999847412109375,540749.3559962228,0.9998893216997226,20.625982558046275,2.116888038972579e-16,0.19143061066211983,0.16810053223652008,,,
no_T3,2,2,0.1,True,0.049198150634765625,61.21131582982903,0.9999004554155204,0.9999919121017364,26214,12897,0.049198150634765625,2.0325657129565013,0.09999847412109375,532824.9062572691,0.9998923683223633,20.32377956125437,7.418439076707108e-14,0.15040627611411692,0.17477699469666555,,,
no_T4,2,2,0.1,True,0.04918670654296875,61.21232616944485,0.9999208142962847,0.9999919141586903,26214,12894,0.04918670654296875,2.03303862261517,0.09999847412109375,532948.8766868311,0.999912729095258,20.328922169687242,3.266299784419991e-07,0.18982309665075642,0.15880694122071937,,,
no_decomp,2,2,0.1,True,0.048686981201171875,61.256675135825915,0.9998918963931672,0.9999919960168604,26214,12763,0.048686981201171875,2.053905821515318,0.09999847412109375,538419.0876753115,0.999883893275287,20.536986861925634,1.6350350346319646e-17,0.14493006180378568,0.15618336899166163,,,
fixed_path,2,2,0.1,True,0.04926300048828125,61.20559500749751,0.9999133303590051,0.9999919016701792,26214,12914,0.04926300048828125,2.0298900418150843,0.09999847412109375,532123.4951215734,0.9999052327310636,20.29728645880842,7.003414258339323e-22,0.1188868732288347,0.15009423968865857,,,
fixed_plane,2,2,0.1,True,0.0490264892578125,61.22649565940091,0.9999110640428398,0.9999919402143664,26214,12852,0.0490264892578125,2.0396825396825395,0.09999847412109375,534690.5396825396,0.999903004974011,20.395158211632985,3.5338187377449257e-13,0.11504170904237572,0.12970227190395517,,,
single_seg,2,2,0.1,True,0.049228668212890625,61.208622739396844,0.9998594647404784,0.9999919069818672,26214,12905,0.049228668212890625,2.031305695466873,0.09999847412109375,532494.600232468,0.9998513728597,20.31034779441559,1.9470209640247454e-14,0.15786144988364437,0.18578973379319622,,,
no_ga,2,2,0.1,True,0.06945037841796875,59.71405744424399,0.9998359528547888,0.9999885825748638,26214,12283,0.046855926513671875,2.134169176911178,0.09999847412109375,377449.34724815993,0.9998245373026485,14.396243189424668,9.594818756216229e-12,0.16177971207422792,0.14937633277317533,,,
unconstrained,2,2,0.1,True,0.049076080322265625,61.22210492273206,0.9998934543391873,0.9999919320509839,26214,12865,0.049076080322265625,2.0376214535561603,0.09999847412109375,534150.2383210261,0.9998853872497762,20.374190047042777,3.2359547686187364e-14,0.16418184020053958,0.16118914179805055,,,
full,2,3,0.1,True,0.048992156982421875,61.229538002656,0.9996357881151656,0.9999936507120039,26214,12843,0.048992156982421875,2.0411118897453866,0.09999847412109375,535065.2352254146,0.9996294411396557,20.403866714795132,1.2328044420001772e-55,0.1967222906905901,0.15503662931774945,,,
no_T1T2,2,3,0.1,True,0.04909515380859375,61.22041735915185,0.9996557950727153,0.9999936371857407,26214,12870,0.04909515380859375,2.036829836829837,0.09999847412109375,533942.7207459208,0.999649434448568,20.36146863590407,1.7257421025341665e-52,0.19895772398342224,0.15026943003104692,,,
no_T3,2,3,0.1,True,0.048915863037109375,61.236306405520594,0.9996667916611516,0.9999936604282075,26214,12823,0.048915863037109375,2.044295406691102,0.09999847412109375,535899.7750916323,0.9996604542017572,20.43632458131993,4.1019927678539234e-58,0.18248422811098927,0.14202983872456423,,,
no_T4,2,3,0.1,True,0.04933929443359375,61.19887426208474,0.9996491729256063,0.9999936056982149,26214,12934,0.04933929443359375,2.0267511983918354,0.09999847412109375,531300.6661512293,0.9996427808671154,20.260581192796437,8.956081892962544e-66,0.21289221067649952,0.16771888564261936,,,
no_decomp,2,3,0.1,True,0.0485687255859375,61.267236528706064,0.9996460098337795,0.99999370540453,26214,12732,0.0485687255859375,2.0589066918001886,0.09999847412109375,539730.0358152686,0.9996397174665345,20.581963092644298,2.6016633338555023e-66,0.19499674437990225,0.16784634096968576,,,
fixed_path,2,3,0.1,True,0.04936981201171875,61.196188873333824,0.9996804326984305,0.9999936017256505,26214,12942,0.04936981201171875,2.0254983773759854,0.09999847412109375,530972.2466388503,0.9996740364687604,20.248690358218724,5.913720365461738e-66,0.19401904788344304,0.16744115112700214,,,
fixed_plane,2,3,0.1,True,0.048511505126953125,61.27235611531688,0.9997052366786213,0.9999937128510771,26214,12717,0.048511505126953125,2.0613352205708892,0.09999847412109375,540366.6600613352,0.9996989513829193,20.60746102943493,1.8132100474700599e-68,0.18031266861193868,0.14035302483371578,,,
single_seg,2,3,0.1,True,0.0491485595703125,61.215695666719185,0.9997306853572804,0.9999936302463512,26214,12884,0.0491485595703125,2.0346165787022663,0.09999847412109375,533362.5284073269,0.9997243173190995,20.34086707849255,5.531817703857313e-82,0.18221860401295142,0.13668663650754243,,,
no_ga,2,3,0.1,True,0.06984329223632812,59.68955658143316,0.9994364992621723,0.9999909482339494,26214,12416,0.04736328125,2.111307989690722,0.09999847412109375,375325.9498607242,0.9994274525967985,14.309569617867451,4.50751054919104e-64,0.18002173533408078,0.1553982245886256,,,
unconstrained,2,3,0.1,True,0.049266815185546875,61.20525872310236,0.999646125361147,0.9999936150057428,26214,12915,0.049266815185546875,2.029732868757259,0.09999847412109375,532082.2931475029,0.9996397426263773,20.290326031052967,3.9721532306399404e-77,0.19702642585352992,0.16317825098471378,,,
full,2,4,0.1,True,0.049037933349609375,61.22548201840693,0.9996548002744904,0.9999893591362683,26214,12855,0.049037933349609375,2.0392065344224037,0.09999847412109375,534565.7577596266,0.999644163083982,20.385120146829045,2.0404505406784225e-34,0.08333578569205927,0.11517349523514664,,,
no_T1T2,2,4,0.1,True,0.049037933349609375,61.22548201840693,0.9996547767667577,0.9999893533474423,26214,12855,0.049037933349609375,2.0392065344224037,0.09999847412109375,534565.7577596266,0.9996441337896719,20.385119549448444,6.905378352413983e-72,0.07921487809984892,0.11123168683494872,,,
no_T3,2,4,0.1,True,0.04889678955078125,61.23800015571524,0.9996984911601758,0.9999893841177874,26214,12818,0.04889678955078125,2.0450928381962865,0.09999847412109375,536108.8169761273,0.9996878784787455,20.444857170848202,3.110981314656515e-26,0.07090136237535963,0.09820049462814587,,,
no_T4,2,4,0.1,True,0.048828125,61.24410313171704,0.9997183375645529,0.999989400801953,26214,12800,0.048828125,2.04796875,0.09999847412109375,536862.72,0.9997077413519018,20.474014542886948,2.8078940579929676e-19,0.0896933544049597,0.11896864776218734,,,
no_decomp,2,4,0.1,True,0.049041748046875,61.22514419064284,0.9996838245397107,0.999989353106201,26214,12856,0.049041748046875,2.039047915370255,0.09999847412109375,534524.1767268202,0.9996731810121983,20.384126195026578,2.6042443832113164e-64,0.07094826774076844,0.09615383652899522,,,
fixed_path,2,4,0.1,True,0.049713134765625,61.16609211519119,0.9997746317126343,0.9999892074188005,26214,13032,0.049713134765625,2.011510128913444,0.09999847412109375,527305.3112338858,0.9997638415637403,20.11065780255411,1.4573183274830754e-42,0.05696436772535366,0.07179364530591517,,,
fixed_plane,2,4,0.1,True,0.04889678955078125,61.23800015571524,0.9996283329006039,0.9999893845572074,26214,12818,0.04889678955078125,2.0450928381962865,0.09999847412109375,536108.8169761273,0.9996177214032222,20.44342237162789,7.078081232018859e-59,0.07562674157400803,0.10794575931429813,,,
single_seg,2,4,0.1,True,0.0491943359375,61.21165258358556,0.9995794080501416,0.9999893201726004,26214,12896,0.0491943359375,2.032723325062035,0.09999847412109375,532866.2233250621,0.9995687327145915,20.318776819845986,5.46411081446426e-87,0.10833687071543556,0.17227802217552562,,,
no_ga,2,4,0.1,True,0.0680694580078125,59.80128068249993,0.9996309897284283,0.9999852257651256,26214,12313,0.046970367431640625,2.1289693819540325,0.09999847412109375,385106.63618022867,0.9996162209453984,14.68523843440431,4.6600667343149e-58,0.06576682507965281,0.09515376082860799,,,
unconstrained,2,4,0.1,True,0.048732757568359375,61.25259374012821,0.9996892588935289,0.9999894212014859,26214,12775,0.048732757568359375,2.051976516634051,0.09999847412109375,537913.3319765166,0.9996786833822824,20.513484835738947,9.977675647824811e-26,0.06804726605563895,0.09963080444406247,,,
full,2,5,0.1,True,0.048984527587890625,61.230214368460054,0.9996675445049076,0.9999925636210618,26214,12841,0.048984527587890625,2.0414297951872906,0.09999847412109375,535148.5722295771,0.9996601105982345,20.407670744697732,4.095007949816032e-73,0.10921876469571569,0.08104392678370395,,,
no_T1T2,2,5,0.1,True,0.048992156982421875,61.229538002656,0.999724006400403,0.9999925625959601,26214,12843,0.048992156982421875,2.0411118897453866,0.09999847412109375,535065.2352254146,0.9997165710490391,20.405645160872016,9.236901451895785e-65,0.08392906045560446,0.08043219262321784,,,
no_T3,2,5,0.1,True,0.049072265625,61.22244251415196,0.9996414504875865,0.9999925502303851,26214,12864,0.049072265625,2.0377798507462686,0.09999847412109375,534191.7611940298,0.9996340033890828,20.370651133739717,3.567865423967141e-59,0.0986902013895331,0.09242215621194777,,,
no_T4,2,5,0.1,True,0.04901123046875,61.22784754884967,0.9996703417446151,0.9999925593362741,26214,12848,0.04901123046875,2.0403175591531757,0.09999847412109375,534857.0062266501,0.9996629035337654,20.396608980693912,7.026562591960608e-69,0.10031846438905055,0.08683206529073301,,,
no_decomp,2,5,0.1,True,0.04888916015625,61.23867784079409,0.999663864514098,0.9999925778624914,26214,12816,0.04888916015625,2.0454119850187267,0.09999847412109375,536192.4794007491,0.9996564448714332,20.447404735048142,5.253942914895095e-58,0.09490424183569769,0.08821144881922577,,,
fixed_path,2,5,0.1,True,0.04959869384765625,61.1761012111611,0.9996951738804092,0.9999924702149179,26214,13002,0.04959869384765625,2.0161513613290265,0.09999847412109375,528521.9824642363,0.9996876463906023,20.15552364062591,2.9281521805502143e-64,0.08605795344420966,0.08171017853967011,,,
fixed_plane,2,5,0.1,True,0.049106597900390625,61.21940513567238,0.9996487514763024,0.9999925449947551,26214,12873,0.049106597900390625,2.0363551619669074,0.09999847412109375,533818.287578653,0.9996412990896171,20.356557811586157,2.373278623119366e-60,0.10925117102999031,0.08750467553020834,,,
single_seg,2,5,0.1,True,0.049411773681640625,61.192499172937396,0.9996411480350587,0.9999924985702884,26214,12953,0.049411773681640625,2.0237782753030187,0.09999847412109375,530521.3322010345,0.9996336492972498,20.23067732273437,2.083146289516949e-62,0.10285882524105279,0.08733973480020515,,,
no_ga,2,5,0.1,True,0.06897354125976562,59.74397836631998,0.9995327654689237,0.9999895289807915,26214,12391,0.047267913818359375,2.1155677507868615,0.09999847412109375,380058.7808196449,0.999522299342137,14.491387292668833,1.0847567079830572e-56,0.10103187106444354,0.09732266344681148,,,
unconstrained,2,5,0.1,True,0.0489349365234375,61.23461331563169,0.9996847893462399,0.9999925709527216,26214,12828,0.0489349365234375,2.0434985968194574,0.09999847412109375,535690.8961646399,0.9996773626406764,20.428704595578225,3.1475567999998687e-62,0.10210976690699658,0.09002665067168333,,,
full,2,6,0.1,True,0.049144744873046875,61.2160327602746,0.9998015698220643,0.9999848736768359,26214,12883,0.049144744873046875,2.034774509042925,0.09999847412109375,533403.9288985485,0.9997864465004191,20.343710178638972,4.461404950999857e-58,0.17738764109765273,0.12460320332040914,,,
no_T1T2,2,6,0.1,True,0.049053192138671875,61.22413086499507,0.9997450914321719,0.9999849018103274,26214,12859,0.049053192138671875,2.0385722062368767,0.09999847412109375,534399.4724317598,0.9997299970911573,20.380528840303626,3.000933797263736e-53,0.17931150872024798,0.1433806402715118,,,
no_T3,2,6,0.1,True,0.04888916015625,61.23867784079409,0.9997797417360952,0.9999849525564815,26214,12816,0.04888916015625,2.0454119850187267,0.09999847412109375,536192.4794007491,0.9997646976069005,20.449618983260248,7.854011578874853e-65,0.1848041113620526,0.12531448122103528,,,
no_T4,2,6,0.1,True,0.049106597900390625,61.21940513567238,0.9997430685975159,0.9999848853443808,26214,12873,0.049106597900390625,2.0363551619669074,0.09999847412109375,533818.287578653,0.9997279578253264,20.358322518151354,6.520327052112493e-65,0.20300633096035264,0.14190919607359323,,,
no_decomp,2,6,0.1,True,0.0489349365234375,61.23461331563169,0.9997958489173183,0.9999849383430981,26214,12828,0.0489349365234375,2.0434985968194574,0.09999847412109375,535690.8961646399,0.99978079033527,20.430818171316574,3.038975093202842e-75,0.1776788161193938,0.12473905136632063,,,
fixed_path,2,6,0.1,True,0.049163818359375,61.2143475540841,0.9998614306276762,0.9999848846882907,26214,12888,0.049163818359375,2.0339851024208566,0.09999847412109375,533196.990689013,0.9998463174104861,20.33703546176711,0.0011631174978687757,0.16204509693064995,0.10253260457175965,,,
fixed_plane,2,6,0.1,True,0.0486907958984375,61.25633487298099,0.9997534723158766,0.9999850135680607,26214,12764,0.0486907958984375,2.0537449075524914,0.09999847412109375,538376.9050454403,0.9997384895785076,20.532391617993444,3.951777957760788e-53,0.18106346360370995,0.1355590004500804,,,
single_seg,2,6,0.1,True,0.049297332763671875,61.20256938494442,0.9997467701712522,0.9999848266547577,26214,12923,0.049297332763671875,2.0284763599783333,0.09999847412109375,531752.9069101602,0.9997316006683536,20.279628625366005,1.254962361113728e-63,0.18468077350752304,0.13707802413663486,,,
no_ga,2,6,0.1,True,0.124481201171875,57.17976590510534,0.9994242476019958,0.9999616854119084,26214,13165,0.050220489501953125,1.9911887580706418,0.09999847412109375,210586.01421917137,0.9993859550736202,8.028408672677712,2.1191583670940635e-72,0.1664730484348148,0.10393287598328495,,,
unconstrained,2,6,0.1,True,0.049304962158203125,61.20189731053592,0.9997776111077753,0.9999848249259233,26214,12925,0.049304962158203125,2.0281624758220502,0.09999847412109375,531670.6240618955,0.9997624394084665,20.27711604768225,4.434616840659465e-74,0.19529991448304726,0.11909113190953434,,,
full,2,7,0.1,True,0.048980712890625,61.230552590867376,0.9997834810196764,0.9999885669880207,26214,12840,0.048980712890625,2.041588785046729,0.09999847412109375,535190.2504672897,0.9997720504831612,20.411545514163382,0.9855937925551757,0.0659685372835013,0.11797261175429706,,,
no_T1T2,2,7,0.1,True,0.048858642578125,61.24138963908329,0.9997400351311322,0.9999885958417818,26214,12808,0.048858642578125,2.046689569019363,0.09999847412109375,536527.3903810119,0.9997286339375945,20.461653889361084,0.9235756425735002,0.09212515769230457,0.12733742174269977,,,
no_T3,2,7,0.1,True,0.048786163330078125,61.24783695452777,0.9997860137451062,0.9999886129677302,26214,12789,0.048786163330078125,2.0497302369223553,0.09999847412109375,537324.4832277739,0.9997746291495049,20.49299557305245,0.9853689569459967,0.07745142068997406,0.11768970064593164,,,
no_T4,2,7,0.1,True,0.049190521240234375,61.211989363456155,0.999771106610806,0.999988517986278,26214,12895,0.049190521240234375,2.0328809616130283,0.09999847412109375,532907.5468010857,0.999759627225241,20.32423324694328,0.9328383013724738,0.11023680618811205,0.1389085726331336,,,
no_decomp,2,7,0.1,True,0.049022674560546875,61.22683359231311,0.9997505035661146,0.9999885571623708,26214,12851,0.049022674560546875,2.0398412574896896,0.09999847412109375,534732.1466033772,0.9997390635834326,20.393401064821052,0.9334070846276673,0.09029209159778301,0.12473133638336746,,,
fixed_path,2,7,0.1,True,0.048946380615234375,61.23359777843098,0.9997742027821829,0.9999885759073353,26214,12831,0.048946380615234375,2.0430208089782558,0.09999847412109375,535565.6469487959,0.9997627812690465,20.425673332787227,0.9712724375409164,0.11520704049736691,0.1304575938852057,,,
fixed_plane,2,7,0.1,True,0.048583984375,61.265872324259774,0.9997255631028564,0.9999886601274516,26214,12736,0.048583984375,2.0582600502512562,0.09999847412109375,539560.5226130653,0.9997142263423875,20.577032518082508,0.9717863759694781,0.10423825753305759,0.1319533642542449,,,
single_seg,2,7,0.1,True,0.049106597900390625,61.21940513567238,0.9997832195510686,0.9999885380362507,26214,12873,0.049106597900390625,2.0363551619669074,0.09999847412109375,533818.287578653,0.9997717600720489,20.359214501074124,0.9701551933522073,0.11895375720995567,0.10864688293346028,,,
no_ga,2,7,0.1,True,0.06941986083984375,59.71596622125265,0.999679884772188,0.999983797022468,26214,12373,0.047199249267578125,2.1186454376464883,0.09999847412109375,377615.27728321793,0.9996636869814759,14.400254838997254,0.8835007044667456,0.07874337003660925,0.1185093761837685,,,
unconstrained,2,7,0.1,True,0.04897308349609375,61.23122911471313,0.999758405264729,0.9999885690348453,26214,12838,0.04897308349609375,2.0419068390715065,0.09999847412109375,535273.626421561,0.9997469770612354,20.41421339420007,0.8868810157637579,0.08755567071523256,0.1134427833282249,,,
full,2,8,0.1,True,0.048961639404296875,61.2322440981211,0.999575453754226,0.9999886433963434,26214,12835,0.048961639404296875,2.0423841059602648,0.09999847412109375,535398.7390728476,0.9995641019719729,20.415249859551295,3.077202357377095e-36,0.07088620662680024,0.0843724131731186,,,
no_T1T2,2,8,0.1,True,0.048641204833984375,61.26076037072999,0.9995904454734424,0.9999887169156148,26214,12751,0.048641204833984375,2.0558387577444908,0.09999847412109375,538925.7953101718,0.9995791670100955,20.5500494986036,4.050831591684973e-50,0.07214443527486517,0.08549266482969599,,,
no_T3,2,8,0.1,True,0.04914093017578125,61.2163698799968,0.9994341494330176,0.9999886008270141,26214,12882,0.04914093017578125,2.0349324639031208,0.09999847412109375,533445.3358174197,0.9994227567102602,20.337888459482567,1.0820148300845787e-27,0.10472121907182577,0.12911691803275388,,,
no_T4,2,8,0.1,True,0.04907989501953125,61.221767357552224,0.9995710199778917,0.9999886150686437,26214,12866,0.04907989501953125,2.0374630809886525,0.09999847412109375,534108.7219026893,0.9995596399304434,20.36596939607696,1.0385228708714373e-33,0.0712441744637979,0.09359093869411855,,,
no_decomp,2,8,0.1,True,0.048938751220703125,61.2342747768453,0.9994859997126155,0.9999886477215473,26214,12829,0.048938751220703125,2.0433393093771923,0.09999847412109375,535649.1399173747,0.9994746532692372,20.422970107304618,1.3372568404220864e-42,0.087456559846454,0.10563891342836206,,,
fixed_path,2,8,0.1,True,0.04914093017578125,61.2163698799968,0.9995917309257193,0.99998860098754,26214,12882,0.04914093017578125,2.0349324639031208,0.09999847412109375,533445.3358174197,0.9995803365671236,20.3410951520767,1.1830578111163944e-48,0.075095869749849,0.08665463013100584,,,
fixed_plane,2,8,0.1,True,0.048828125,61.24410313171704,0.9994263868243659,0.9999886734583608,26214,12800,0.048828125,2.04796875,0.09999847412109375,536862.72,0.9994150667797803,20.4680205676499,4.737849062705648e-24,0.09922107978283329,0.12354731265857055,,,
single_seg,2,8,0.1,True,0.049213409423828125,61.20996907586242,0.9997650677929935,0.9999885848241484,26214,12901,0.049213409423828125,2.031935508875281,0.09999847412109375,532659.7020386016,0.9997536552989343,20.314659500401817,9.985147248506236e-24,0.042518962622638115,0.05499024517608748,,,
no_ga,2,8,0.1,True,0.08691024780273438,58.74009372661127,0.9991100919004292,0.9999798403804246,26214,11448,0.043670654296875,2.289832285115304,0.09999847412109375,301621.50796646625,0.9990899502210626,11.495651841757022,9.103057193881197e-33,0.05382718907590132,0.07503467409934755,,,
unconstrained,2,8,0.1,True,0.04912567138671875,61.21771862063467,0.9995823297983382,0.999988605172793,26214,12878,0.04912567138671875,2.035564528653518,0.09999847412109375,533611.0277993478,0.9995709397304109,20.3472219618488,4.477118028692385e-27,0.07439431356347799,0.08873541506688296,,,
full,2,9,0.1,True,0.049083709716796875,61.221429818608364,0.9995326445304147,0.9999901474677759,26214,12867,0.049083709716796875,2.0373047330380043,0.09999847412109375,534067.2119375146,0.9995227966028254,20.363635967408957,6.711596034657511e-18,0.0933027758771222,0.09350579936777847,,,
no_T1T2,2,9,0.1,True,0.048862457275390625,61.24105057168107,0.9996058905931499,0.9999901920826978,26214,12809,0.048862457275390625,2.046529783745804,0.09999847412109375,536485.50363026,0.9995960865412401,20.457343782517516,6.782619730425553e-18,0.08205677739405352,0.0760588654271478,,,
no_T3,2,9,0.1,True,0.048755645751953125,61.25055447972808,0.999540735271572,0.9999902133713581,26214,12781,0.048755645751953125,2.0510132227525233,0.09999847412109375,537660.8102652375,0.9995309531375833,20.500824832117882,1.2192492396860926e-20,0.09439369252047893,0.09287189277565662,,,
no_T4,2,9,0.1,True,0.048831939697265625,61.243763852405976,0.9996546554621275,0.9999901980130917,26214,12801,0.048831939697265625,2.047808764940239,0.09999847412109375,536820.780876494,0.9996448568602819,20.471127361673442,6.129425567901121e-19,0.08153858246923225,0.08181727206473788,,,
no_decomp,2,9,0.1,True,0.04865264892578125,61.25973870168336,0.9995320967560578,0.9999902342978938,26214,12754,0.04865264892578125,2.055355182687784,0.09999847412109375,538799.0290105065,0.9995223356233554,20.544047604645513,1.2797844340272432e-20,0.09355442254665589,0.09493950548521887,,,
fixed_path,2,9,0.1,True,0.0493621826171875,61.1968600648689,0.9995792618600478,0.9999900917373918,26214,12940,0.0493621826171875,2.0258114374034,0.09999847412109375,531054.3134466769,0.9995693577662236,20.24969936029899,6.181964404274101e-18,0.09285498110943702,0.09308659421359541,,,
fixed_plane,2,9,0.1,True,0.0489959716796875,61.229199859251075,0.9996196424038934,0.9999901652004374,26214,12844,0.0489959716796875,2.0409529741513546,0.09999847412109375,535023.5764559327,0.9996098113450715,20.401877482500968,2.5219362795164405e-15,0.07588749892134344,0.0777857076445349,,,
single_seg,2,9,0.1,True,0.04901123046875,61.22784754884967,0.999456083531063,0.9999901622452063,26214,12848,0.04901123046875,2.0403175591531757,0.09999847412109375,534857.0062266501,0.9994462511271861,20.39218851614921,1.494985521056838e-19,0.1045013777058745,0.1141264142380167,,,
no_ga,2,9,0.1,True,0.10480117797851562,57.927141966677794,0.9989713822885624,0.9999789631212059,26214,10694,0.04079437255859375,2.4512810922012345,0.09999847412109375,250130.77625304845,0.9989503670486745,9.531862010687137,9.047347890682715e-13,0.05853836511824789,0.06509078524799039,,,
unconstrained,2,9,0.1,True,0.0488739013671875,61.24003352827788,0.9995318489673786,0.9999901896941157,26214,12812,0.0488739013671875,2.0460505775835154,0.09999847412109375,536359.882610053,0.9995220432541991,20.45103859716116,3.8497229957433505e-11,0.10578799513028883,0.09872960354684547,,,
full,2,10,0.1,True,0.04921722412109375,61.20963245261541,0.9998641340322343,0.9999958526600516,26214,12902,0.04921722412109375,2.0317780189117967,0.09999847412109375,532618.416989614,0.9998599872557683,20.315245427001717,0.0,0.44478409402631336,0.2975522428793987,,,
no_T1T2,2,10,0.1,True,0.049083709716796875,61.221429818608364,0.999917409671739,0.9999958648915815,26214,12867,0.049083709716796875,2.0373047330380043,0.09999847412109375,534067.2119375146,0.9999132749048405,20.37159132172647,0.0,0.43559413088196336,0.2718181739474891,,,
no_T3,2,10,0.1,True,0.048923492431640625,61.235629090357186,0.9999138874094827,0.9999958775275045,26214,12825,0.048923492431640625,2.0439766081871347,0.09999847412109375,535816.2039766082,0.999909765291984,20.438233568241863,0.0,0.432313479417816,0.2712219634854168,,,
no_T4,2,10,0.1,True,0.0490264892578125,61.22649565940091,0.9999103876852905,0.999995893815955,26214,12852,0.0490264892578125,2.0396825396825395,0.09999847412109375,534690.5396825396,0.9999062818692102,20.395225050912092,0.0,0.5193331767735183,0.37028971145588324,,,
no_decomp,2,10,0.1,True,0.049076080322265625,61.22210492273206,0.9998958851167248,0.9999958768957865,26214,12865,0.049076080322265625,2.0376214535561603,0.09999847412109375,534150.2383210261,0.9998917624417878,20.374319951305093,0.0,0.4337753897042722,0.291494044491772,,,
fixed_path,2,10,0.1,True,0.049182891845703125,61.2126630015557,0.9998893323804728,0.9999958801945542,26214,12893,0.049182891845703125,2.0331963080741486,0.09999847412109375,532990.2129837896,0.9998852130309561,20.329939446582404,0.0,0.47490972434990786,0.33244770209107577,,,
fixed_plane,2,10,0.1,True,0.04888916015625,61.23867784079409,0.9998960578105062,0.9999958788342286,26214,12816,0.04888916015625,2.0454119850187267,0.09999847412109375,536192.4794007491,0.9998919370730978,20.452221594264213,0.0,0.44228098801439725,0.28096890241244693,,,
single_seg,2,10,0.1,True,0.049259185791015625,61.205931317933974,0.9998440787931859,0.9999959342091501,26214,12913,0.049259185791015625,2.0300472392162936,0.09999847412109375,532164.7034771161,0.9998400136362791,20.29753430919761,0.0,0.494792602234688,0.3679481160589553,,,
no_ga,2,10,0.1,True,0.14643096923828125,56.474474238523484,0.9997184887395659,0.9999876576720726,26214,12354,0.04712677001953125,2.1219038368139875,0.09999847412109375,179019.50752878655,0.9997061498861428,6.827149714889622,0.0,0.4289728101560648,0.24551132287675012,,,
unconstrained,2,10,0.1,True,0.04914093017578125,61.2163698799968,0.9999197135128093,0.999995856237657,26214,12882,0.04914093017578125,2.0349324639031208,0.09999847412109375,533445.3358174197,0.9999155700831543,20.347917031817918,0.0,0.4412097905374962,0.2747716940871227,,,
full,2,11,0.1,True,0.0492401123046875,61.20761326087704,0.9995432372084686,0.9999921183240092,26214,12908,0.0492401123046875,2.0308335915711186,0.09999847412109375,532370.8410288193,0.9995353591325342,20.299209574251552,0.0,0.08254385798029854,0.09916247302144181,,,
no_T1T2,2,11,0.1,True,0.04886627197265625,61.24071153074886,0.9995444814106906,0.9999921730767295,26214,12810,0.04886627197265625,2.046370023419204,0.09999847412109375,536443.6234192038,0.9995366580527292,20.454530654845794,0.0,0.07979115446499743,0.09904318873309778,,,
no_T3,2,11,0.1,True,0.048633575439453125,61.261441616977514,0.9995588263181538,0.9999922250431711,26214,12749,0.048633575439453125,2.056161267550396,0.09999847412109375,539010.339320731,0.9995510547914312,20.55269524725429,0.0,0.09613585484798687,0.10826259195965861,,,
no_T4,2,11,0.1,True,0.049190521240234375,61.211989363456155,0.9996000850604493,0.9999921282314514,26214,12895,0.049190521240234375,2.0328809616130283,0.09999847412109375,532907.5468010857,0.9995922164399386,20.32082993303073,0.0,0.07423083816092163,0.09122080649421097,,,
no_decomp,2,11,0.1,True,0.0486602783203125,61.2590577224865,0.9996133369176344,0.9999922106481177,26214,12756,0.0486602783203125,2.055032925682032,0.09999847412109375,538714.5512699906,0.9996055505776069,20.542536645548463,0.0,0.08095169027186072,0.08944826499210898,,,
fixed_path,2,11,0.1,True,0.0493316650390625,61.19954586880054,0.9995989438138939,0.9999921193396955,26214,12932,0.0493316650390625,2.0270646458397774,0.09999847412109375,531382.8345190226,0.9995910663141769,20.262666291978316,0.0,0.09059863913687037,0.09965610683785817,,,
fixed_plane,2,11,0.1,True,0.049022674560546875,61.22683359231311,0.9996142703662378,0.99999215087573,26214,12851,0.049022674560546875,2.0398412574896896,0.09999847412109375,534732.1466033772,0.9996064242696077,20.390695392088713,0.0,0.0819399571412186,0.0942769011310369,,,
single_seg,2,11,0.1,True,0.049266815185546875,61.20525872310236,0.999554007728253,0.9999921206963924,26214,12915,0.049266815185546875,2.029732868757259,0.09999847412109375,532082.2931475029,0.999546131938754,20.288425955164747,0.0,0.08540693752477224,0.09597862432519061,,,
no_ga,2,11,0.1,True,0.12511444091796875,57.15772921286132,0.9990045479190159,0.999979960525403,26214,11595,0.044231414794921875,2.2608020698576974,0.09999847412109375,209520.1785474724,0.9989845283927556,7.984566138514255,0.0,0.04144730012180251,0.04357916323523595,,,
unconstrained,2,11,0.1,True,0.0490570068359375,61.22379314231368,0.9995074552506752,0.9999921520429521,26214,12860,0.0490570068359375,2.0384136858475896,0.09999847412109375,534357.9172628305,0.9994996111590974,20.374247750209207,0.0,0.08930466614228282,0.10312237798990988,,,
full,2,12,0.1,True,0.048839569091796875,61.24308537328898,0.9994572744718297,0.9999883777596112,26214,12803,0.048839569091796875,2.0474888697961413,0.09999847412109375,536736.9222838397,0.9994456585391276,20.463850871833248,0.0,0.08159210926105638,0.09641449741526059,,,
no_T1T2,2,12,0.1,True,0.049102783203125,61.21974251728599,0.9995152932484364,0.999988316229647,26214,12872,0.049102783203125,2.036513362336855,0.09999847412109375,533859.7588564325,0.9995036151412857,20.355335277159508,0.0,0.07499146590725363,0.08417683233188417,,,
no_T3,2,12,0.1,True,0.048885345458984375,61.239016722993085,0.9994804492586168,0.9999883677185609,26214,12815,0.048885345458984375,2.045571595786188,0.09999847412109375,536234.3204057745,0.9994688230207381,20.445162320869947,0.0,0.0874220054717243,0.09657996544453691,,,
no_T4,2,12,0.1,True,0.048797607421875,61.24681832081394,0.9994686194294073,0.9999883872676483,26214,12792,0.048797607421875,2.049249530956848,0.09999847412109375,537198.4690431519,0.999457012867836,20.4816806739545,0.0,0.08847038267557775,0.09613591446973026,,,
no_decomp,2,12,0.1,True,0.04901885986328125,61.22717155152259,0.9994716658716299,0.9999883349457898,26214,12850,0.04901885986328125,2.04,0.09999847412109375,534773.76,0.999460006980466,20.389295258356988,0.0,0.08678877208934872,0.10576300550424579,,,
fixed_path,2,12,0.1,True,0.04920196533203125,61.21097910218249,0.9995376959081398,0.9999882912426206,26214,12898,0.04920196533203125,2.032408125290743,0.09999847412109375,532783.5955962165,0.9995259925637668,20.31475746585797,0.0,0.08312631972022501,0.09829595426066144,,,
fixed_plane,2,12,0.1,True,0.048427581787109375,61.27987577609831,0.9995143925457273,0.9999884759232972,26214,12695,0.048427581787109375,2.0649074438755415,0.09999847412109375,541303.09696731,0.999502874065202,20.63912417636458,0.0,0.07611646506384395,0.08079837714466488,,,
single_seg,2,12,0.1,True,0.0489959716796875,61.229199859251075,0.9995210400115567,0.999988340661158,26214,12844,0.0489959716796875,2.0409529741513546,0.09999847412109375,535023.5764559327,0.9995093862570715,20.399827822405307,0.0,0.07216806531104222,0.07744957487346384,,,
no_ga,2,12,0.1,True,0.0501556396484375,61.12760587409986,0.9995092218214796,0.9999880649785815,26214,13148,0.0501556396484375,1.9937633100091268,0.09999847412109375,522653.0891390325,0.9994972926575092,19.927914381381967,0.0,0.07932744995207704,0.09134742962856032,,,
unconstrained,2,12,0.1,True,0.04900360107421875,61.2285236514149,0.99949655868955,0.9999883384819376,26214,12846,0.04900360107421875,2.0406352171882296,0.09999847412109375,534940.2783745913,0.9994849030423775,20.396152142545617,0.0,0.08183594244073825,0.08702251050312095,,,
full,2,13,0.1,True,0.048816680908203125,61.245121128710174,0.9997131505280844,0.9999943173361261,26214,12797,0.048816680908203125,2.0484488552004376,0.09999847412109375,536988.5766976635,0.9997074694942796,20.478808696030978,3.143821221697624e-13,0.07756101149573469,0.07175684893263382,,,
no_T1T2,2,13,0.1,True,0.049224853515625,61.208959284386665,0.9997472087017371,0.9999942698101068,26214,12904,0.049224853515625,2.031463112213267,0.09999847412109375,532535.8660880347,0.999741479960386,20.309689284154945,4.829774197926474e-14,0.07445181143035716,0.060700888819876626,,,
no_T3,2,13,0.1,True,0.048614501953125,61.263145200264965,0.9996851743667639,0.9999943408572246,26214,12744,0.048614501953125,2.0569679849340865,0.09999847412109375,539221.8154425612,0.9996795170056316,20.563401389353757,3.602271512606101e-11,0.08417265058904498,0.08502927478310583,,,
no_T4,2,13,0.1,True,0.06594467163085938,59.93900650823318,0.9995109034568512,0.9999923235010549,26214,12068,0.0460357666015625,2.1721909181305934,0.09999847412109375,397515.0584832533,0.9995032307124553,15.156694331687735,2.70752428926455e-12,0.07697121645657251,0.08150103178554602,,,
no_decomp,2,13,0.1,True,0.0489349365234375,61.23461331563169,0.9997198456900155,0.9999943036463791,26214,12828,0.0489349365234375,2.0434985968194574,0.09999847412109375,535690.8961646399,0.9997141509322526,20.429456375271627,2.407153376532956e-10,0.09626871917269356,0.08085562430337692,,,
fixed_path,2,13,0.1,True,0.049190521240234375,61.211989363456155,0.9997184357739964,0.9999942737920254,26214,12895,0.049190521240234375,2.0328809616130283,0.09999847412109375,532907.5468010857,0.9997127111783172,20.32327948500417,3.830363065264664e-12,0.08090287506027899,0.08250646924429855,,,
fixed_plane,2,13,0.1,True,0.04897308349609375,61.23122911471313,0.9997519704381217,0.9999942992396537,26214,12838,0.04897308349609375,2.0419068390715065,0.09999847412109375,535273.626421561,0.9997462710917324,20.414198978740544,2.2728435869465434e-12,0.0629741844297934,0.061814816591434535,,,
single_seg,2,13,0.1,True,0.04931640625,61.200889393890606,0.9997187094526971,0.9999942592817285,26214,12928,0.04931640625,2.0276918316831685,0.09999847412109375,531547.2475247525,0.9997129703492353,20.271407557180535,2.9592983542289116e-11,0.09723410808236335,0.09952351648366972,,,
no_ga,2,13,0.1,True,0.08865737915039062,58.653654721331854,0.999490928128701,0.9999896797622683,26214,11683,0.044567108154296875,2.243773003509373,0.09999847412109375,295677.5877113721,0.999480613144712,11.273518602995026,7.950752055509412e-13,0.06450895879705434,0.060163017055790975,,,
unconstrained,2,13,0.1,True,0.049182891845703125,61.2126630015557,0.9996347642176425,0.9999942748199311,26214,12893,0.049182891845703125,2.0331963080741486,0.09999847412109375,532990.2129837896,0.9996290411286143,20.324730889445394,1.4966128112465357e-10,0.10318728448366342,0.10906793081028478,,,
full,2,14,0.1,True,0.0486602783203125,61.2590577224865,0.999529897629886,0.9999856470966572,26214,12756,0.0486602783203125,2.055032925682032,0.09999847412109375,538714.5512699906,0.999515551473877,20.540687106112262,1.0247658796881904e-23,0.09988931267067372,0.1131937673524377,,,
no_T1T2,2,14,0.1,True,0.048786163330078125,61.24783695452777,0.999473016231325,0.9999856101040578,26214,12789,0.048786163330078125,2.0497302369223553,0.09999847412109375,537324.4832277739,0.9994586339186244,20.486518424424418,2.473784836212013e-15,0.11254820172882078,0.12639193918504457,,,
no_T3,2,14,0.1,True,0.0489349365234375,61.23461331563169,0.9995346914145763,0.999985565777282,26214,12828,0.0489349365234375,2.0434985968194574,0.09999847412109375,535690.8961646399,0.9995202639082261,20.425494236198787,1.365710882917038e-19,0.09124015867133728,0.10640920169951976,,,
no_T4,2,14,0.1,True,0.04917144775390625,61.21367365466169,0.9995625433049693,0.9999854960660328,26214,12890,0.04917144775390625,2.0336695112490304,0.09999847412109375,533114.2603568658,0.9995480457158451,20.327814033835104,4.643587365623994e-25,0.08829764225455296,0.09908225307775849,,,
no_decomp,2,14,0.1,True,0.04883575439453125,61.243424599598,0.9995297650222473,0.9999855956190116,26214,12802,0.04883575439453125,2.0476488048742385,0.09999847412109375,536778.8483049524,0.9995153674147027,20.466876775156994,1.4378999834155994e-19,0.0966954041657106,0.10931918793667052,,,
fixed_path,2,14,0.1,True,0.04927825927734375,61.20425002612441,0.9996395323267964,0.9999854643175466,26214,12918,0.04927825927734375,2.0292614955875523,0.09999847412109375,531958.7254993033,0.9996250018839866,20.285314792837575,6.401346048904792e-14,0.08793063107329767,0.09967564135510024,,,
fixed_plane,2,14,0.1,True,0.04850006103515625,61.27338075725134,0.9995408852965273,0.9999856944719835,26214,12714,0.04850006103515625,2.061821613968853,0.09999847412109375,540494.165172251,0.999526586336389,20.60876965931779,2.183284557210954e-19,0.09562062486818666,0.1108738338639878,,,
single_seg,2,14,0.1,True,0.0494232177734375,61.191493434814326,0.9997963276324695,0.9999854217181205,26214,12956,0.0494232177734375,2.0233096634763816,0.09999847412109375,530398.4884223526,0.9997817523197833,20.228989478243076,1.8982228109766616e-27,0.037315344110337496,0.0399923188481195,,,
no_ga,2,14,0.1,True,0.08948898315429688,58.61310787560873,0.9991708431591938,0.9999736033221588,26214,11595,0.044231414794921875,2.2608020698576974,0.09999847412109375,292929.91244298563,0.9991444683683386,11.164999680973176,6.236918955188579e-25,0.0435093209274162,0.05384251195724284,,,
unconstrained,2,14,0.1,True,0.04901123046875,61.22784754884967,0.9996418625203487,0.9999855431526455,26214,12848,0.04901123046875,2.0403175591531757,0.09999847412109375,534857.0062266501,0.9996274108505331,20.395884806195685,3.4692847792943755e-27,0.07232174271851133,0.08265666293666626,,,
full,2,15,0.1,True,0.0488433837890625,61.24274617347477,0.9997221614315219,0.9999943141923248,26214,12804,0.0488433837890625,2.047328959700094,0.09999847412109375,536695.0028116214,0.9997164772035834,20.46779726648361,3.891756590863386e-15,0.08207706340846539,0.07749003092081506,,,
no_T1T2,2,15,0.1,True,0.0491790771484375,61.212999859792745,0.9998104333396168,0.9999942752050113,26214,12892,0.0491790771484375,2.033354017995656,0.09999847412109375,533031.5556934533,0.9998047096298583,20.32987944471064,3.5960817532970577e-13,0.0782270379468777,0.057307105796264336,,,
no_T3,2,15,0.1,True,0.049190521240234375,61.211989363456155,0.999791833460263,0.9999942738537354,26214,12895,0.049190521240234375,2.0328809616130283,0.09999847412109375,532907.5468010857,0.9997861085059905,20.32477158807246,3.804888732422764e-15,0.06093806406703116,0.046289253205157935,,,
no_T4,2,15,0.1,True,0.049037933349609375,61.22548201840693,0.9996746517537155,0.9999942916480963,26214,12855,0.049037933349609375,2.0392065344224037,0.09999847412109375,534565.7577596266,0.9996689452590141,20.385625514272967,2.4084591678276877e-12,0.08921135496609535,0.08489886760748916,,,
no_decomp,2,15,0.1,True,0.049182891845703125,61.2126630015557,0.9997183490215067,0.9999942747244382,26214,12893,0.049182891845703125,2.0331963080741486,0.09999847412109375,532990.2129837896,0.9997126253584744,20.326430346852703,1.4883496070174576e-12,0.079020692044043,0.07153077438588767,,,
fixed_path,2,15,0.1,True,0.04931640625,61.200889393890606,0.9997175130651224,0.9999942591915694,26214,12928,0.04931640625,2.0276918316831685,0.09999847412109375,531547.2475247525,0.999711773878395,20.27138329606884,1.1260012231693566e-11,0.08268776346905392,0.08083199960061162,,,
fixed_plane,2,15,0.1,True,0.04898834228515625,61.229876172390966,0.9997190038129643,0.9999942975155459,26214,12842,0.04898834228515625,2.0412708300887714,0.09999847412109375,535106.9004827909,0.9997133029308866,20.407167425908295,3.0056755867510383e-13,0.07618251709747062,0.07310490366276369,,,
single_seg,2,15,0.1,True,0.049137115478515625,61.21670702588983,0.999726615809247,0.999994280076887,26214,12881,0.049137115478515625,2.0350904432885644,0.09999847412109375,533486.7491654374,0.9997208974498706,20.345534891786265,4.066516301109405e-15,0.06711953141304033,0.06684371639911489,,,
no_ga,2,15,0.1,True,0.08795166015625,58.68836319349658,0.9994408155506291,0.9999897618115784,26214,11557,0.044086456298828125,2.2682357013065673,0.09999847412109375,298050.08743927826,0.9994305830872433,11.363407823248712,1.8143627941173471e-12,0.061771338680134534,0.06520602692430735,,,
unconstrained,2,15,0.1,True,0.04906463623046875,61.22311777572823,0.9997130193731124,0.999994288823058,26214,12862,0.04906463623046875,2.0380967190172603,0.09999847412109375,534274.8263100607,0.9997073098351675,20.37531278412612,2.020121621451064e-10,0.09274317943708361,0.08375510185754988,,,
full,2,16,0.1,True,0.048839569091796875,61.24308537328898,0.999584768694111,0.9999915314822861,26214,12803,0.048839569091796875,2.0474888697961413,0.09999847412109375,536736.9222838397,0.9995763036927907,20.466525857630472,4.2429893493730706e-08,0.10005859849798728,0.08552193336508943,,,
no_T1T2,2,16,0.1,True,0.048999786376953125,61.22886174217207,0.9995937114400947,0.9999915036097862,26214,12845,0.048999786376953125,2.0407940833008955,0.09999847412109375,534981.92417283,0.999585218501867,20.399787272787343,6.416871433893627e-08,0.10301944185718345,0.08633536051305593,,,
no_T3,2,16,0.1,True,0.04878997802734375,61.247497383409176,0.9995872445410816,0.9999915402154342,26214,12790,0.04878997802734375,2.0495699765441753,0.09999847412109375,537282.4719311963,0.9995787882483381,20.487379348441934,2.2542440099256084e-08,0.0973971413257955,0.08723092642670056,,,
no_T4,2,16,0.1,True,0.048686981201171875,61.256675135825915,0.9995619183654582,0.9999915582201104,26214,12763,0.048686981201171875,2.053905821515318,0.09999847412109375,538419.0876753115,0.9995534802837573,20.530200386704166,0.00039454710677750516,0.10382020686981706,0.10048435350837867,,,
no_decomp,2,16,0.1,True,0.04883575439453125,61.243424599598,0.9996208568715068,0.9999915320225821,26214,12802,0.04883575439453125,2.0476488048742385,0.09999847412109375,536778.8483049524,0.9996123921046643,20.468863530376904,1.3432107862749395e-05,0.08929232258620946,0.07925096846323618,,,
fixed_path,2,16,0.1,True,0.04944610595703125,61.18948265702439,0.9996465487770203,0.9999914261200914,26214,12962,0.04944610595703125,2.0223730905724424,0.09999847412109375,530152.9714550223,0.99963797792756,20.216717951384222,4.16906208401677e-11,0.08986734054768285,0.07792071724711094,,,
fixed_plane,2,16,0.1,True,0.048885345458984375,61.239016722993085,0.9996325324194821,0.9999915235508804,26214,12815,0.048885345458984375,2.045571595786188,0.09999847412109375,536234.3204057745,0.9996240590851828,20.44833783416513,1.6953055884062257e-08,0.0862471072087601,0.0714542144144556,,,
single_seg,2,16,0.1,True,0.049297332763671875,61.20256938494442,0.9995527351515144,0.9999914519723372,26214,12923,0.049297332763671875,2.0284763599783333,0.09999847412109375,531752.9069101602,0.9995441909470839,20.275827005465633,4.555047221171043e-08,0.09691463831721148,0.08799633349753148,,,
no_ga,2,16,0.1,True,0.08774566650390625,58.69854683706272,0.9991700602765492,0.9999847858756457,26214,11463,0.043727874755859375,2.2868359068306727,0.09999847412109375,298749.79636553343,0.999154858779001,11.386942496294342,2.4232332048418813e-08,0.08639703916173472,0.06994946941676307,,,
unconstrained,2,16,0.1,True,0.04897308349609375,61.23122911471313,0.9996198285435832,0.999991508190554,26214,12838,0.04897308349609375,2.0419068390715065,0.09999847412109375,535273.626421561,0.9996113399624809,20.41144376874315,3.8881218633436316e-09,0.09429611297141806,0.07834242291473886,,,
full,2,17,0.1,True,0.04912567138671875,61.21771862063467,0.9998421624180408,0.9999893431800765,26214,12878,0.04912567138671875,2.035564528653518,0.09999847412109375,533611.0277993478,0.999831507280164,20.352526063398923,0.19857161338446022,0.07625689965925213,0.06071197664038006,,,
no_T1T2,2,17,0.1,True,0.048854827880859375,61.24172873295962,0.9997325415389531,0.9999894017293166,26214,12807,0.048854827880859375,2.046849379245725,0.09999847412109375,536569.2836729913,0.9997219461028668,20.463114690340433,0.25148240088731155,0.15532959422254808,0.12259616378279647,,,
no_T3,2,17,0.1,True,0.048877716064453125,61.23969456673086,0.999814387485041,0.9999893968690811,26214,12813,0.048877716064453125,2.045890892062749,0.09999847412109375,536318.0220088973,0.9998037863221959,20.45520672454895,0.1997452660547541,0.10844518838716935,0.09721977588192716,,,
no_T4,2,17,0.1,True,0.048961639404296875,61.2322440981211,0.9997713243012931,0.9999893786566559,26214,12835,0.048961639404296875,2.0423841059602648,0.09999847412109375,535398.7390728476,0.9997607053867922,20.419265317718367,0.25122133120044765,0.12196926166165091,0.10203637782723962,,,
no_decomp,2,17,0.1,True,0.049068450927734375,61.22278013181599,0.9997850868095538,0.9999893555634036,26214,12863,0.049068450927734375,2.0379382725647206,0.09999847412109375,534233.2905232061,0.9997744446605873,20.375096946365932,0.10400148049381285,0.14096852610125607,0.08103108792664865,,,
fixed_path,2,17,0.1,True,0.0494232177734375,61.191493434814326,0.9998142624982701,0.9999892787047442,26214,12956,0.0494232177734375,2.0233096634763816,0.09999847412109375,530398.4884223526,0.9998035431943609,20.229430381841816,0.17600422184571843,0.11554288036924378,0.09340107126624159,,,
fixed_plane,2,17,0.1,True,0.049022674560546875,61.22683359231311,0.9998290513659918,0.999989365296362,26214,12851,0.049022674560546875,2.0398412574896896,0.09999847412109375,534732.1466033772,0.9998184184803418,20.395019803448037,0.26453191680218807,0.0666620698861045,0.08040873481517533,,,
single_seg,2,17,0.1,True,0.0493316650390625,61.19954586880054,0.999743955340913,0.9999892982923044,26214,12932,0.0493316650390625,2.0270646458397774,0.09999847412109375,531382.8345190226,0.9997332563733325,20.2655486203782,0.1258862025351947,0.13197862491729187,0.10160040410303398,,,
no_ga,2,17,0.1,True,0.10660171508789062,57.85316168867648,0.9995508393661009,0.9999768753348198,26214,10714,0.04087066650390625,2.4467052454732126,0.09999847412109375,245905.9873322598,0.99952772508761,9.376281838087902,0.1051548902980187,0.044455869384888255,0.04857512321395353,,,
unconstrained,2,17,0.1,True,0.049266815185546875,61.20525872310236,0.9997814734665872,0.999989312384298,26214,12915,0.049266815185546875,2.029732868757259,0.09999847412109375,532082.2931475029,0.9997707881864129,20.292985946445143,0.6204388308063736,0.1452112198476933,0.08904663512201709,,,
full,2,18,0.1,True,0.0491180419921875,61.21839314805996,0.9998499982142379,0.9999833422259516,26214,12876,0.0491180419921875,2.0358807082945014,0.09999847412109375,533693.9123951538,0.9998333429388854,20.35572474769891,0.38128110154742456,0.12439946769130801,0.1036238784574383,,,
no_T1T2,2,18,0.1,True,0.048954010009765625,61.23292088553388,0.999852554917056,0.9999833987804869,26214,12833,0.048954010009765625,2.0427024078547493,0.09999847412109375,535482.1800046754,0.9998359561453112,20.42398479605365,0.32466423819525997,0.11746066227264274,0.1028817908748953,,,
no_T3,2,18,0.1,True,0.04872894287109375,61.25293370997606,0.999858137704437,0.9999834744752143,26214,12774,0.04872894287109375,2.0521371535932365,0.09999847412109375,537955.4419915454,0.9998416145240001,20.518434335194886,0.2814999435930265,0.11235355383873459,0.09037771140049891,,,
no_T4,2,18,0.1,True,0.04898834228515625,61.229876172390966,0.9998533891378575,0.9999833865692118,26214,12842,0.04898834228515625,2.0412708300887714,0.09999847412109375,535106.9004827909,0.9998367781427787,20.409687927850847,0.6157495520137841,0.1380453083604756,0.10936297431705395,,,
no_decomp,2,18,0.1,True,0.048885345458984375,61.239016722993085,0.9998896180467113,0.9999834219271975,26214,12815,0.048885345458984375,2.045571595786188,0.09999847412109375,536234.3204057745,0.9998730418038289,20.453431031652197,0.6006087846645478,0.10611099764259807,0.09931231414038008,,,
fixed_path,2,18,0.1,True,0.049407958984375,61.19283447074254,0.9998683585622286,0.9999832449391277,26214,12952,0.049407958984375,2.0239345274861025,0.09999847412109375,530562.2927733168,0.9998516057070166,20.236650658312243,0.8294207251025821,0.15354336047089173,0.1127760855945143,,,
fixed_plane,2,18,0.1,True,0.048557281494140625,61.26825996333294,0.9998615000192812,0.9999835329705739,26214,12729,0.048557281494140625,2.059391939665331,0.09999847412109375,539857.2406316285,0.9998450352705384,20.591042259875874,0.45748047227427646,0.09701371668835371,0.10006609451734774,,,
single_seg,2,18,0.1,True,0.04937744140625,61.19551778551375,0.9998448425641837,0.9999832545572497,26214,12944,0.04937744140625,2.025185414091471,0.09999847412109375,530890.2051915945,0.9998280997196134,20.2486818118741,0.4825567697018591,0.0950556845022308,0.10892087599065643,,,
no_ga,2,18,0.1,True,0.10527420043945312,57.90758409242025,0.9997003458376456,0.9999643009598077,26214,10696,0.040802001953125,2.450822737471952,0.09999847412109375,249006.87813892815,0.9996646574948193,9.495818095239406,0.4596216589500495,0.08847083557896986,0.0820086774995148,,,
unconstrained,2,18,0.1,True,0.048931121826171875,61.234951880809724,0.9998220891144396,0.9999834065764845,26214,12827,0.048931121826171875,2.0436579090979965,0.09999847412109375,535732.6589225852,0.9998054986430748,20.43291593016997,0.9029148486676847,0.14269683012031792,0.11539686620756298,,,
full,2,19,0.1,True,0.04918670654296875,61.21232616944485,0.9998161234164453,0.9999942446321268,26214,12894,0.04918670654296875,2.03303862261517,0.09999847412109375,532948.8766868311,0.9998103691068495,20.326841119834494,1.139467400023e-311,0.08881125609579894,0.08006587491336901,,,
no_T1T2,2,19,0.1,True,0.049041748046875,61.22514419064284,0.9997247722141426,0.9999942625675312,26214,12856,0.049041748046875,2.039047915370255,0.09999847412109375,534524.1767268202,0.9997190363607746,20.38506122182319,2.697736984413365e-280,0.1266381447749565,0.12707547179009424,,,
no_T3,2,19,0.1,True,0.048839569091796875,61.24308537328898,0.9997863885954409,0.9999942852664679,26214,12803,0.048839569091796875,2.0474888697961413,0.09999847412109375,536736.9222838397,0.9997806750826411,20.4707104029418,4.224236589563398e-291,0.09997463003681908,0.10030173190847988,,,
no_T4,2,19,0.1,True,0.04889678955078125,61.23800015571524,0.9997723376959224,0.9999942787034989,26214,12818,0.04889678955078125,2.0450928381962865,0.09999847412109375,536108.8169761273,0.9997666177019449,20.44646748563416,6.070666054863637e-223,0.09731999496136615,0.1015134886748457,,,
no_decomp,2,19,0.1,True,0.048824310302734375,61.24444243753533,0.9997875612787295,0.9999942871864982,26214,12799,0.048824310302734375,2.0481287600593796,0.09999847412109375,536904.665677006,0.9997818496788504,20.477132057364837,0.0,0.10566167538548073,0.10396016019658509,,,
fixed_path,2,19,0.1,True,0.04925537109375,61.20626765441577,0.9998239911527408,0.999994239527044,26214,12912,0.04925537109375,2.0302044609665426,0.09999847412109375,532205.9182156133,0.999818231693679,20.298664074435237,2.488195030920712e-203,0.10275931713753851,0.10325177269226633,,,
fixed_plane,2,19,0.1,True,0.048686981201171875,61.256675135825915,0.9997798721852615,0.9999943030707347,26214,12763,0.048686981201171875,2.053905821515318,0.09999847412109375,538419.0876753115,0.9997741765100489,20.53473334851134,5.4446276289200055e-295,0.10259715979013392,0.09660720934917166,,,
single_seg,2,19,0.1,True,0.049243927001953125,61.20727682017354,0.999767003022406,0.99999423794297,26214,12909,0.049243927001953125,2.0306762723681153,0.09999847412109375,532329.6007436672,0.9997612423079179,20.30222411523486,0.0,0.09837633007793806,0.10558024347592128,,,
no_ga,2,19,0.1,True,0.0894775390625,58.61366329858538,0.9996406747720181,0.9999895302635229,26214,11555,0.044078826904296875,2.268628299437473,0.09999847412109375,292967.377899045,0.9996302087975815,11.17185630350585,1.562309096914e-311,0.0800602239325677,0.07858960578464247,,,
unconstrained,2,19,0.1,True,0.048549652099609375,61.26894238709597,0.9997583076807787,0.9999943193170144,26214,12727,0.048549652099609375,2.059715565333543,0.09999847412109375,539942.0771587963,0.9997526283707705,20.59237471608606,0.0,0.10791713599442014,0.10678397006491554,,,
full,2,20,0.1,True,0.04868316650390625,61.25701542533199,0.9999034618481034,0.9999955022957981,26214,12762,0.04868316650390625,2.054066760695816,0.09999847412109375,538461.276915844,0.9998989645781016,20.53890567076962,0.0,0.4713004543367347,0.23956881322272972,,,
no_T1T2,2,20,0.1,True,0.0488433837890625,61.24274617347477,0.9997879370203578,0.9999954922475863,26214,12804,0.0488433837890625,2.047328959700094,0.09999847412109375,536695.0028116214,0.9997834302238716,20.46916803597365,0.0,0.48610039451914805,0.24214611015983123,,,
no_T3,2,20,0.1,True,0.049072265625,61.22244251415196,0.9997629093033144,0.9999954683923814,26214,12864,0.049072265625,2.0377798507462686,0.09999847412109375,534191.7611940298,0.9997583787700978,20.373185668867265,0.0,0.519940148790165,0.31206086962010743,,,
no_T4,2,20,0.1,True,0.049083709716796875,61.221429818608364,0.999874242618956,0.9999954647895074,26214,12867,0.049083709716796875,2.0373047330380043,0.09999847412109375,534067.2119375146,0.9998697079787996,20.37070371713643,0.0,0.46796803200244463,0.22937143269853874,,,
no_decomp,2,20,0.1,True,0.048793792724609375,61.247157838839286,0.9998758122792432,0.9999954945835499,26214,12791,0.048793792724609375,2.049409741224298,0.09999847412109375,537240.4672035024,0.9998713074223105,20.49177265365602,0.0,0.488814514327408,0.23632511906196219,,,
fixed_path,2,20,0.1,True,0.049602508544921875,61.175767202714944,0.9997068589154822,0.9999954187162322,26214,13003,0.049602508544921875,2.015996308544182,0.09999847412109375,528481.3363070061,0.9997022789746769,20.15426857029437,0.0,0.5556850865991497,0.36827630593412314,,,
fixed_plane,2,20,0.1,True,0.048732757568359375,61.25259374012821,0.9997676157616464,0.9999954997221324,26214,12775,0.048732757568359375,2.051976516634051,0.09999847412109375,537913.3319765166,0.9997631165295725,20.51521741053059,0.0,0.49561956180087324,0.25851017364253065,,,
single_seg,2,20,0.1,True,0.049343109130859375,61.1985384976701,0.9998281648098264,0.9999954445728096,26214,12935,0.049343109130859375,2.0265945110166217,0.09999847412109375,531259.5914959413,0.9998236101654188,20.262679587414265,0.0,0.4661984861778296,0.2488293942757315,,,
no_ga,2,20,0.1,True,0.10945510864257812,57.73844324488813,0.9993908327163845,0.99998988811347,26214,10677,0.040729522705078125,2.4551840404608036,0.09999847412109375,239495.44543965426,0.9993807269896849,9.130507834523542,0.0,0.481796293151369,0.24795907543920184,,,
unconstrained,2,20,0.1,True,0.0491180419921875,61.21839314805996,0.9998657429766401,0.9999954604290451,26214,12876,0.0491180419921875,2.0358807082945014,0.09999847412109375,533693.9123951538,0.9998612040151544,20.35629197463099,0.0,0.4845886155836272,0.2706409938374546,,,
full,2,21,0.1,True,0.04898834228515625,61.229876172390966,0.9995846678570409,0.9999709198119523,26214,12842,0.04898834228515625,2.0412708300887714,0.09999847412109375,535106.9004827909,0.9995555997469301,20.403948227695004,2.7969779658831318e-28,0.09052062938634924,0.07829296004130289,,,
no_T1T2,2,21,0.1,True,0.0489501953125,61.233259318794836,0.999491070687933,0.9999709414385214,26214,12832,0.0489501953125,2.042861596009975,0.09999847412109375,535523.9102244389,0.999462026915208,20.417937467554573,6.740967645418366e-29,0.11369327486075516,0.10832060130253666,,,
no_T3,2,21,0.1,True,0.048915863037109375,61.236306405520594,0.9995752061924823,0.9999709623151025,26214,12823,0.048915863037109375,2.044295406691102,0.09999847412109375,535899.7750916323,0.9995461808426136,20.433988460641512,9.387095007065038e-28,0.09496986576560298,0.0841440244652285,,,
no_T4,2,21,0.1,True,0.0491485595703125,61.215695666719185,0.9995323120267958,0.9999708235954002,26214,12884,0.0491485595703125,2.0346165787022663,0.09999847412109375,533362.5284073269,0.9995031492676496,20.336367087986552,1.514002255381336e-20,0.11257789809420703,0.09193811618407802,,,
no_decomp,2,21,0.1,True,0.048801422119140625,61.246478829328986,0.9995426897739389,0.9999710292939451,26214,12793,0.048801422119140625,2.049089345735949,0.09999847412109375,537156.4774486047,0.9995137323164841,20.481241917014962,1.8152374983563665e-19,0.10312114260506333,0.09112234469224077,,,
fixed_path,2,21,0.1,True,0.04932403564453125,61.200217579391776,0.9994977172746178,0.9999707192832804,26214,12930,0.04932403564453125,2.0273781902552206,0.09999847412109375,531465.0283062645,0.9994684512650964,20.263314593073275,2.529591915127385e-29,0.11761736365015829,0.10860079796161873,,,
fixed_plane,2,21,0.1,True,0.0489044189453125,61.23732257636774,0.9994880204700904,0.9999709694193857,26214,12820,0.0489044189453125,2.044773790951638,0.09999847412109375,536025.1806552262,0.9994590047525391,20.436987624169237,6.2916390081796515e-34,0.11406995602891977,0.10074884188222799,,,
single_seg,2,21,0.1,True,0.04938507080078125,61.1948468013766,0.9995528605054823,0.9999706829129343,26214,12946,0.04938507080078125,2.0248725475050207,0.09999847412109375,530808.1890931561,0.9995235565272441,20.239386930501922,7.070800712434975e-28,0.09192987578234373,0.08751080168704518,,,
no_ga,2,21,0.1,True,0.08745193481445312,58.71310938477513,0.9992475391825654,0.9999480870216486,26214,11561,0.044101715087890625,2.2674509125508173,0.09999847412109375,299753.23079607415,0.9991956652666961,11.42565533154516,3.332070867587002e-30,0.07656072914988196,0.06328885025386868,,,
unconstrained,2,21,0.1,True,0.049030303955078125,61.22615775278187,0.999574878311797,0.9999708937565551,26214,12853,0.049030303955078125,2.0395238465727847,0.09999847412109375,534648.9392359761,0.9995457844420476,20.386285701141844,2.953520780482413e-34,0.09792794146168274,0.08110953712729285,,,
full,2,22,0.1,True,0.048954010009765625,61.23292088553388,0.9994781446491837,0.9999879322467427,26214,12833,0.048954010009765625,2.0427024078547493,0.09999847412109375,535482.1800046754,0.999466083193548,20.416429277073906,1.6509791550236557e-137,0.1511122487735889,0.12324173384809368,,,
no_T1T2,2,22,0.1,True,0.04907989501953125,61.221767357552224,0.9995521561233398,0.999987886521508,26214,12866,0.04907989501953125,2.0374630809886525,0.09999847412109375,534108.7219026893,0.999540048069795,20.36557021305832,0.0,0.13296492083637695,0.11416930727115414,,,
no_T3,2,22,0.1,True,0.0489654541015625,61.23190574396105,0.9995810677350123,0.9999879153295635,26214,12836,0.0489654541015625,2.042224992209411,0.09999847412109375,535357.0283577439,0.9995689881272343,20.413759179154386,0.0,0.12213573263795847,0.09770757973741422,,,
no_T4,2,22,0.1,True,0.049312591552734375,61.20122534011542,0.9994651109946279,0.9999878292800556,26214,12927,0.049312591552734375,2.0278486887909026,0.09999847412109375,531588.3666744024,0.9994529467846678,20.26770273705577,1.9419452450680772e-294,0.14322248232140605,0.11742811522265784,,,
no_decomp,2,22,0.1,True,0.048740386962890625,61.251913880261604,0.9994983406574264,0.9999879703004446,26214,12777,0.048740386962890625,2.0516553181498005,0.09999847412109375,537829.1317210613,0.9994863169926822,20.506327078479273,0.0,0.13806348848567895,0.11301175609652553,,,
fixed_path,2,22,0.1,True,0.049228668212890625,61.208622739396844,0.999627951228175,0.9999878498091804,26214,12905,0.049228668212890625,2.031305695466873,0.09999847412109375,532494.600232468,0.999615805557819,20.305562629380002,0.0,0.12091152499573835,0.09878814944313183,,,
fixed_plane,2,22,0.1,True,0.0485992431640625,61.26450854820241,0.9994650749317558,0.999988007182313,26214,12740,0.0485992431640625,2.057613814756672,0.09999847412109375,539391.115855573,0.9994530885293276,20.56519862161947,6.158592878748668e-241,0.1482462471940096,0.1263999401294712,,,
single_seg,2,22,0.1,True,0.04944610595703125,61.18948265702439,0.9994723138787228,0.9999877961097169,26214,12962,0.04944610595703125,2.0223730905724424,0.09999847412109375,530152.9714550223,0.9994601164282633,20.213120873396903,0.0,0.142267663387446,0.11711946327611328,,,
no_ga,2,22,0.1,True,0.08796310424804688,58.68779813507847,0.9990566559617429,0.999978293979903,26214,13153,0.050174713134765625,1.993005398008059,0.09999847412109375,298011.31081139686,0.9990349704178906,11.357431947839347,7.322258806352353e-179,0.13345791566279577,0.10763696834476173,,,
unconstrained,2,22,0.1,True,0.049041748046875,61.22514419064284,0.999414372401409,0.9999878970338272,26214,12856,0.049041748046875,2.039047915370255,0.09999847412109375,534524.1767268202,0.9994022765230671,20.378602238399417,0.0,0.1331864198881837,0.1107852181442407,,,
full,2,23,0.1,True,0.048793792724609375,61.247157838839286,0.9996964757856229,0.9999926379341907,26214,12791,0.048793792724609375,2.049409741224298,0.09999847412109375,537240.4672035024,0.9996891159543788,20.488038746989655,7.292493122088595e-16,0.06972894047598163,0.08228101833374746,,,
no_T1T2,2,23,0.1,True,0.049060821533203125,61.22345544589277,0.9997129153702451,0.9999925978540297,26214,12861,0.049060821533203125,2.0382551901096337,0.09999847412109375,534316.3685560998,0.9997055153493172,20.376860478635518,8.694506712571896e-16,0.07660351556153201,0.09662861654052306,,,
no_T3,2,23,0.1,True,0.048969268798828125,61.23156741615976,0.9997181830779797,0.9999926114689422,26214,12837,0.048969268798828125,2.0420659032484227,0.09999847412109375,535315.3241411545,0.999710796629135,20.415064818224504,1.1195285504831e-17,0.10290361445993378,0.08630833536855545,,,
no_T4,2,23,0.1,True,0.048809051513671875,61.245799925963674,0.9997128662569655,0.9999926357979367,26214,12795,0.048809051513671875,2.0487690504103164,0.09999847412109375,537072.513950762,0.9997055041694132,20.481969494723458,6.518647445836422e-12,0.0579475383984915,0.08771657378771404,,,
no_decomp,2,23,0.1,True,0.04885101318359375,61.24206785331423,0.9996813385061367,0.9999926292672212,26214,12806,0.04885101318359375,2.0470092144307355,0.09999847412109375,536611.1835077307,0.9996739701221267,20.46373053441315,3.761149460778712e-17,0.05580127159799776,0.10170526076254642,,,
fixed_path,2,23,0.1,True,0.04943084716796875,61.19082307210264,0.9996869664133622,0.9999925418610791,26214,12958,0.04943084716796875,2.022997376138293,0.09999847412109375,530316.6241703967,0.9996795106090893,20.223798860094853,7.4477100046383965e-16,0.0695705771164903,0.10466192831928797,,,
fixed_plane,2,23,0.1,True,0.04854583740234375,61.26928363919366,0.9996764672853583,0.9999926753806444,26214,12726,0.04854583740234375,2.0598774163130598,0.09999847412109375,539984.5054219707,0.9996691450357567,20.592273169594012,9.776998942048142e-17,0.06057767279941003,0.09361492692052384,,,
single_seg,2,23,0.1,True,0.049236297607421875,61.20794972764607,0.9996686060184076,0.999992571311291,26214,12907,0.049236297607421875,2.0309909351514683,0.09999847412109375,532412.0877043465,0.9996611797915214,20.303337748141985,2.8330196258424487e-14,0.08233501332390718,0.09553323785410987,,,
no_ga,2,23,0.1,True,0.1273040771484375,57.08238047907788,0.9990480517039152,0.9999807926753379,26214,11590,0.04421234130859375,2.261777394305436,0.09999847412109375,205916.42143113987,0.9990288626636331,7.847579473034144,6.8634741871462e-19,0.03871297044999222,0.0653828011189847,,,
unconstrained,2,23,0.1,True,0.049015045166015625,61.2275095370334,0.999640799591005,0.9999926047582433,26214,12849,0.049015045166015625,2.0401587672192387,0.09999847412109375,534815.3798739201,0.9996334070056222,20.394419787227164,2.0474713888605688e-15,0.07704598912256508,0.10797923324438001,,,
full,2,24,0.1,True,0.04898834228515625,61.229876172390966,0.9995134033443785,0.9999887001089786,26214,12842,0.04898834228515625,2.0412708300887714,0.09999847412109375,535106.9004827909,0.9995021089518463,20.40285631903697,1.830887166494666e-39,0.08538418446652797,0.09348217168002593,,,
no_T1T2,2,24,0.1,True,0.0488433837890625,61.24274617347477,0.9994532169101531,0.9999887328849274,26214,12804,0.0488433837890625,2.047328959700094,0.09999847412109375,536695.0028116214,0.9994419559557485,20.46217682771507,1.7620928102419144e-35,0.08856557204885629,0.09730000562023353,,,
no_T3,2,24,0.1,True,0.049037933349609375,61.22548201840693,0.9994005236488743,0.99998868872865,26214,12855,0.049037933349609375,2.0392065344224037,0.09999847412109375,534565.7577596266,0.999389219158364,20.37992123430962,4.5917233718811366e-29,0.09556059620679594,0.11092037547248605,,,
no_T4,2,24,0.1,True,0.048919677734375,61.235967734734835,0.999456185687216,0.9999887154206091,26214,12824,0.048919677734375,2.0441359950093574,0.09999847412109375,535857.986275733,0.9994449072445408,20.430324841290776,3.043403112834801e-39,0.08425042650531006,0.09528008902986798,,,
no_decomp,2,24,0.1,True,0.048892974853515625,61.23833898503619,0.999520101493392,0.9999887219503557,26214,12817,0.048892974853515625,2.045252399157369,0.09999847412109375,536150.6449247093,0.9995088288560668,20.44279023419246,2.4620341647365023e-36,0.08191353566005502,0.08655771934336912,,,
fixed_path,2,24,0.1,True,0.049610137939453125,61.175099262876806,0.9995489105993931,0.999988556980276,26214,13005,0.049610137939453125,2.015686274509804,0.09999847412109375,528400.062745098,0.999537472741494,20.147847078381098,2.1564408206204924e-30,0.08359567537814828,0.09013118437774427,,,
fixed_plane,2,24,0.1,True,0.04872894287109375,61.25293370997606,0.9994922380835118,0.9999887595244615,26214,12774,0.04872894287109375,2.0521371535932365,0.09999847412109375,537955.4419915454,0.9994810033154587,20.511033985684016,1.504994263013168e-28,0.09493742423529965,0.10236595394388935,,,
single_seg,2,24,0.1,True,0.04912567138671875,61.21771862063467,0.999540974983477,0.9999886680493827,26214,12878,0.04912567138671875,2.035564528653518,0.09999847412109375,533611.0277993478,0.9995296482345085,20.346381433979424,3.040145055952208e-45,0.06641064136710452,0.07683800403583192,,,
no_ga,2,24,0.1,True,0.1053466796875,57.90459508784457,0.9988680786544611,0.9999756993205576,26214,12415,0.047359466552734375,2.1114780507450663,0.09999847412109375,248835.5596755504,0.9988438054814766,9.481492994790564,2.7126995452132075e-33,0.05647873151810874,0.06800672057356795,,,
unconstrained,2,24,0.1,True,0.048892974853515625,61.23833898503619,0.9993932322998618,0.9999887231763103,26214,12817,0.048892974853515625,2.045252399157369,0.09999847412109375,536150.6449247093,0.9993819623185844,20.44019545369767,2.4106263625645663e-23,0.0958925159789506,0.1123375867619976,,,
full,2,25,0.1,True,0.049449920654296875,61.189147617886796,0.9996678754358328,0.9999894851931066,26214,12963,0.049449920654296875,2.0222170793797734,0.09999847412109375,530112.0740569313,0.999657364121165,20.21555041735545,4.382247081668394e-34,0.06370476581797363,0.06602097790751543,,,
no_T1T2,2,25,0.1,True,0.0489501953125,61.233259318794836,0.9994815637381124,0.9999895915291658,26214,12832,0.0489501953125,2.042861596009975,0.09999847412109375,535523.9102244389,0.9994711606634069,20.418124060235982,4.979611778460415e-46,0.08791657884711411,0.09941258301442658,,,
no_T3,2,25,0.1,True,0.04888153076171875,61.2393556316373,0.9995655548236854,0.9999896060316941,26214,12814,0.04888153076171875,2.0457312314655844,0.09999847412109375,536276.1679413142,0.9995551653709889,20.448524213439402,9.91471569104259e-41,0.08598044218814072,0.09665697066532623,,,
no_T4,2,25,0.1,True,0.049182891845703125,61.2126630015557,0.9996203229824049,0.9999895419015616,26214,12893,0.049182891845703125,2.0331963080741486,0.09999847412109375,532990.2129837896,0.9996098688546662,20.324341073531187,2.281468741064407e-39,0.061595719401792974,0.06892209831042322,,,
no_decomp,2,25,0.1,True,0.048610687255859375,61.26348599712778,0.9995576651000917,0.9999896641101084,26214,12743,0.048610687255859375,2.0571294043788746,0.09999847412109375,539264.1305814957,0.9995473337821249,20.562295869652463,7.302992885079178e-45,0.08297003004886426,0.08641718440156476,,,
fixed_path,2,25,0.1,True,0.049320220947265625,61.200553473650736,0.999617105259069,0.9999895126768549,26214,12929,0.049320220947265625,2.0275349988398172,0.09999847412109375,531506.134735865,0.9996066219514648,20.267683371091714,6.723577826680289e-42,0.07460297124462234,0.08581568951817393,,,
fixed_plane,2,25,0.1,True,0.048656463623046875,61.259398198737635,0.9994587798422586,0.9999896541739673,26214,12755,0.048656463623046875,2.0551940415523324,0.09999847412109375,538756.7868286946,0.9994484396155956,20.54091820890558,2.666810641829918e-48,0.10195076986002963,0.10810472548494575,,,
single_seg,2,25,0.1,True,0.04918670654296875,61.21232616944485,0.9993310397181,0.9999895416043627,26214,12894,0.04918670654296875,2.03303862261517,0.09999847412109375,532948.8766868311,0.999320588318714,20.316883535304868,3.373473105972752e-48,0.11434363623020813,0.13014789410946415,,,
no_ga,2,25,0.1,True,0.10707855224609375,57.83377870185133,0.9991518831420164,0.9999772317318439,26214,10743,0.040981292724609375,2.440100530578051,0.09999847412109375,244810.93038831494,0.9991291341840124,9.330805406182177,1.9562091874457253e-47,0.04409866465251439,0.04834337444405881,,,
unconstrained,2,25,0.1,True,0.04907989501953125,61.221767357552224,0.9995431987359866,0.9999895638352094,26214,12866,0.04907989501953125,2.0374630809886525,0.09999847412109375,534108.7219026893,0.9995327673384493,20.365421868581567,2.821984134929992e-38,0.08830292357093408,0.10185025369903197,,,
full,2,26,0.1,True,0.04931640625,61.200889393890606,0.99989281609833,0.9999862058571751,26214,12928,0.04931640625,2.0276918316831685,0.09999847412109375,531547.2475247525,0.9998790234340152,20.274774653394687,0.9059075720341747,0.0559381552168992,0.07604776524572969,,,
no_T1T2,2,26,0.1,True,0.049060821533203125,61.22345544589277,0.9998949680415687,0.9999862784432433,26214,12861,0.049060821533203125,2.0382551901096337,0.09999847412109375,534316.3685560998,0.999881247926014,20.380442411656713,0.957821514589642,0.07253081776468796,0.08332396610460968,,,
no_T3,2,26,0.1,True,0.048915863037109375,61.236306405520594,0.9998376431239783,0.9999863177724418,26214,12823,0.048915863037109375,2.044295406691102,0.09999847412109375,535899.7750916323,0.9998239631178238,20.439667237585496,0.888388025130283,0.11332248147739556,0.10741926689488679,,,
no_T4,2,26,0.1,True,0.04876708984375,61.24953520849655,0.9998140336033429,0.9999863593685476,26214,12784,0.04876708984375,2.050531914893617,0.09999847412109375,537534.6382978724,0.9998003955085896,20.501539023795658,0.9824898287409696,0.09407147955475297,0.11773067036297293,,,
no_decomp,2,26,0.1,True,0.048828125,61.24410313171704,0.9998653011006188,0.9999863428729638,26214,12800,0.048828125,2.04796875,0.09999847412109375,536862.72,0.9998516458131826,20.47696170625398,0.953040895377014,0.08241820394377225,0.08975431615971141,,,
fixed_path,2,26,0.1,True,0.04913330078125,61.21704419795779,0.999873461858243,0.9999862570524812,26214,12880,0.04913330078125,2.035248447204969,0.09999847412109375,533528.1689440993,0.9998597206497313,20.34993995419279,0.7897849557781037,0.025791430348611283,0.09256567614956576,,,
fixed_plane,2,26,0.1,True,0.048748016357421875,61.251234126806,0.9998741042034167,0.9999863647887626,26214,12779,0.048748016357421875,2.0513342202050238,0.09999847412109375,537744.9578214257,0.999860470708795,20.51079295981582,0.8526859731582234,0.046859902254579464,0.08865522692528582,,,
single_seg,2,26,0.1,True,0.049304962158203125,61.20189731053592,0.9999485967393077,0.9999862088396966,26214,12925,0.049304962158203125,2.0281624758220502,0.09999847412109375,531670.6240618955,0.9999348062879149,20.28061198139568,0.5676396195777574,0.029408352086151175,0.03375754136227372,,,
no_ga,2,26,0.1,True,0.08600997924804688,58.78531517985624,0.9997679801512848,0.9999759422373944,26214,11535,0.044002532958984375,2.2725617685305592,0.09999847412109375,304778.58766132966,0.9997439279705576,11.623580620655247,0.8403427504877681,0.02032116752496052,0.04262185730397422,,,
unconstrained,2,26,0.1,True,0.049358367919921875,61.19719569953958,0.9998950985069883,0.9999861938940985,26214,12939,0.049358367919921875,2.025968003709715,0.09999847412109375,531095.3563644795,0.999881293849368,20.25758419467105,0.8321998783151212,0.022950246214744018,0.07121984875838892,,,
full,2,27,0.1,True,0.048992156982421875,61.229538002656,0.9994432983074414,0.9999880686433013,26214,12843,0.048992156982421875,2.0411118897453866,0.09999847412109375,535065.2352254146,0.9994313735929491,20.399823872860704,0.0,0.07082148265005593,0.08440942874417907,,,
no_T1T2,2,27,0.1,True,0.04874420166015625,61.251573990234505,0.9993197982123466,0.9999881325262976,26214,12778,0.04874420166015625,2.0514947566129287,0.09999847412109375,537787.0414775396,0.9993079388109211,20.501062788515423,0.0,0.0810981524885953,0.09979786148048561,,,
no_T3,2,27,0.1,True,0.04891204833984375,61.23664510271859,0.9993303223772657,0.9999880906051425,26214,12822,0.04891204833984375,2.044454843238184,0.09999847412109375,535941.5704258305,0.9993184209578634,20.430925607828588,0.0,0.07177331187188318,0.09344599933425411,,,
no_T4,2,27,0.1,True,0.049121856689453125,61.21805587125173,0.9993785602213237,0.999988037266354,26214,12877,0.049121856689453125,2.0357226061970954,0.09999847412109375,533652.4668789314,0.9993666049217962,20.344642329783284,0.0,0.07807636380655478,0.09890037537444842,,,
no_decomp,2,27,0.1,True,0.048809051513671875,61.245799925963674,0.999316045176669,0.9999881178466297,26214,12795,0.048809051513671875,2.0487690504103164,0.09999847412109375,537072.513950762,0.9993041711501548,20.473746982570237,0.0,0.07935969779220779,0.09764236624531994,,,
fixed_path,2,27,0.1,True,0.04920196533203125,61.21097910218249,0.9994119743857646,0.9999880174753166,26214,12898,0.04920196533203125,2.032408125290743,0.09999847412109375,532783.5955962165,0.9993999989071126,20.31219672146892,0.0,0.07368538720401517,0.09298084134307517,,,
fixed_plane,2,27,0.1,True,0.048828125,61.24410313171704,0.9993745033607231,0.9999881105454733,26214,12800,0.048828125,2.04796875,0.09999847412109375,536862.72,0.9993626213430102,20.46694648510485,0.0,0.0796661079036327,0.09913138175390156,,,
single_seg,2,27,0.1,True,0.0492095947265625,61.21030572520323,0.9994264209833859,0.9999880152668656,26214,12900,0.0492095947265625,2.032093023255814,0.09999847412109375,532700.9934883721,0.9994144431244429,20.309341068094106,0.0,0.06113730757538965,0.07314771555532198,,,
no_ga,2,27,0.1,True,0.11796951293945312,57.41310574518414,0.9986185754665209,0.9999713025169856,26214,11526,0.04396820068359375,2.274336283185841,0.09999847412109375,222209.9536297494,0.9985899176269136,8.464813431411145,0.0,0.03242200336312618,0.04292464985969144,,,
unconstrained,2,27,0.1,True,0.04883575439453125,61.243424599598,0.9992798909250122,0.999988106762742,26214,12802,0.04883575439453125,2.0476488048742385,0.09999847412109375,536778.8483049524,0.9992680062521823,20.461811609980632,0.0,0.08132183816806332,0.10128162165959377,,,
full,2,28,0.1,True,0.048885345458984375,61.239016722993085,0.9996896452745746,0.9999890599701212,26214,12815,0.048885345458984375,2.045571595786188,0.09999847412109375,536234.3204057745,0.9996787086399858,20.4494557469934,0.007196400748844358,0.08597045160954456,0.10772667321047222,,,
no_T1T2,2,28,0.1,True,0.048976898193359375,61.230890839617025,0.9997039262577877,0.999989039295009,26214,12839,0.048976898193359375,2.041747799672872,0.09999847412109375,535231.9351974453,0.9996929687979736,20.411520649005062,0.05759423603553933,0.06170531001668544,0.10141921920263482,,,
no_T3,2,28,0.1,True,0.0489959716796875,61.229199859251075,0.9996753482942401,0.9999890350866961,26214,12844,0.0489959716796875,2.0409529741513546,0.09999847412109375,535023.5764559327,0.999664386940714,20.402991361739844,0.012798488950587938,0.0956345415331213,0.10798124693354298,,,
no_T4,2,28,0.1,True,0.04885101318359375,61.24206785331423,0.999736591651412,0.9999890674678917,26214,12806,0.04885101318359375,2.0470092144307355,0.09999847412109375,536611.1835077307,0.999725661999024,20.464788688042493,0.026223084543794233,0.07571747963862115,0.09036134990648141,,,
no_decomp,2,28,0.1,True,0.0490570068359375,61.22379314231368,0.999701914015649,0.9999890218958112,26214,12860,0.0490570068359375,2.0384136858475896,0.09999847412109375,534357.9172628305,0.9996909391838792,20.378147866362273,0.0015929134170582864,0.06973220911972346,0.10183862193864678,,,
fixed_path,2,28,0.1,True,0.04946136474609375,61.18814265552687,0.9997395803464864,0.9999889308416425,26214,12966,0.04946136474609375,2.021749190189727,0.09999847412109375,529989.4197130958,0.9997285140707552,20.212311552719733,0.007177425752930285,0.06928653406911266,0.09380679478020332,,,
fixed_plane,2,28,0.1,True,0.048725128173828125,61.253273706439145,0.9997158918227432,0.9999890957793847,26214,12773,0.048725128173828125,2.052297815705003,0.09999847412109375,537997.5586001723,0.9997049907001061,20.51723675581998,0.014722115323077595,0.059002471037598016,0.08668576814234996,,,
single_seg,2,28,0.1,True,0.049251556396484375,61.20660401694693,0.9997575653515182,0.9999889780802017,26214,12911,0.049251556396484375,2.0303617070714894,0.09999847412109375,532247.1393385485,0.9997465461038151,20.29878077467574,0.0007877504571328185,0.06316133988906807,0.0715269207806839,,,
no_ga,2,28,0.1,True,0.06881332397460938,59.754078242544104,0.9996558291120977,0.999984600481887,26214,12469,0.047565460205078125,2.1023337877937283,0.09999847412109375,380943.66738732747,0.9996404348940505,14.526844180102334,0.018298153783233552,0.07118721587321301,0.07946452478808383,,,
unconstrained,2,28,0.1,True,0.049129486083984375,61.2173813962047,0.9997884679893132,0.9999890055311527,26214,12879,0.049129486083984375,2.035406475658048,0.09999847412109375,533569.5951549034,0.999777475846148,20.349845999550634,0.006750778624174226,0.045493727453341466,0.07039299853292327,,,
full,3,0,0.1,True,0.049152374267578125,61.215358599326485,0.9975703871517365,0.9999799288982384,26214,12885,0.049152374267578125,2.0344586728754366,0.09999847412109375,533321.1343422584,0.9975503648149816,20.295059591312267,0.0,0.10109838899855421,0.12053591147657476,,,
no_T1T2,3,0,0.1,True,0.0489044189453125,61.23732257636774,0.9986824862066797,0.999980017752564,26214,12820,0.0489044189453125,2.044773790951638,0.09999847412109375,536025.1806552262,0.9986625302861303,20.420701274518514,0.0,0.08911680635779536,0.09866975547350093,,,
no_T3,3,0,0.1,True,0.04895782470703125,61.232582478644,0.9981846686626838,0.9999800051276296,26214,12834,0.04895782470703125,2.042543244506779,0.09999847412109375,535440.4562879851,0.9981647100876319,20.388256955057827,0.0,0.0981971363693151,0.12085940603422314,,,
no_T4,3,0,0.1,True,0.04914093017578125,61.2163698799968,0.9980658964750828,0.9999799288364752,26214,12882,0.04914093017578125,2.0349324639031208,0.09999847412109375,533445.3358174197,0.9980458641312662,20.309869197859545,0.0,0.0981249230241937,0.11184291115923431,,,
no_decomp,3,0,0.1,True,0.048858642578125,61.24138963908329,0.9978024144201878,0.999980044120591,26214,12808,0.048858642578125,2.046689569019363,0.09999847412109375,536527.3903810119,0.9977825023955317,20.421822010304048,0.0,0.10173442434986552,0.12197687763707665,,,
fixed_path,3,0,0.1,True,0.049449920654296875,61.189147617886796,0.9982665642846983,0.999979810055441,26214,12963,0.049449920654296875,2.0222170793797734,0.09999847412109375,530112.0740569313,0.9982464093381103,20.187017413371102,0.0,0.09743240717098582,0.11670007781818476,,,
fixed_plane,3,0,0.1,True,0.049083709716796875,61.221429818608364,0.99796253669522,0.9999799515821873,26214,12867,0.049083709716796875,2.0373047330380043,0.09999847412109375,534067.2119375146,0.9979425291253229,20.331440612033003,0.0,0.09402720808722745,0.10636293150172793,,,
single_seg,3,0,0.1,True,0.04925537109375,61.20626765441577,0.9975393952638606,0.9999798949168708,26214,12912,0.04925537109375,2.0302044609665426,0.09999847412109375,532205.9182156133,0.9975193396513942,20.25199115346771,0.0,0.10026741165876854,0.12126897504884097,,,
no_ga,3,0,0.1,True,0.09432220458984375,58.3846641791134,0.9972568120088946,0.9999615122280613,26214,10830,0.04131317138671875,2.420498614958449,0.09999847412109375,277919.7126910944,0.9972184298161497,10.57246736494883,0.0,0.07009563629862378,0.07312766308339623,,,
unconstrained,3,0,0.1,True,0.048831939697265625,61.243763852405976,0.9984895180794775,0.9999800470269864,26214,12801,0.048831939697265625,2.047808764940239,0.09999847412109375,536820.780876494,0.9984695952450688,20.447059884065567,0.0,0.09216577585191116,0.10533783402926519,,,
full,3,1,0.1,True,0.048885345458984375,61.239016722993085,0.9997786958285766,0.9999889541589461,26214,12815,0.048885345458984375,2.045571595786188,0.09999847412109375,536234.3204057745,0.9997676524320134,20.451275183701732,2.754923904412653e-05,0.04626718135926359,0.08093595637864488,,,
no_T1T2,3,1,0.1,True,0.04906463623046875,61.22311777572823,0.9997388167673015,0.9999889137879435,26214,12862,0.04906463623046875,2.0380967190172603,0.09999847412109375,534274.8263100607,0.9997277334507777,20.37572904351739,3.8608198992877326e-07,0.09081013052565129,0.12363467191552906,,,
no_T3,3,1,0.1,True,0.0489044189453125,61.23732257636774,0.9997694802027907,0.9999889501259467,26214,12820,0.0489044189453125,2.044773790951638,0.09999847412109375,536025.1806552262,0.9997584328759521,20.443110345384834,1.3151082171192095e-05,0.12427723433001128,0.11635948619825345,,,
no_T4,3,1,0.1,True,0.049243927001953125,61.20727682017354,0.9997985635974251,0.9999888732440491,26214,12909,0.049243927001953125,2.0306762723681153,0.09999847412109375,532329.6007436672,0.9997874390828079,20.302756095044046,4.49389512727998e-05,0.11196484464493209,0.09833952811869152,,,
no_decomp,3,1,0.1,True,0.04886627197265625,61.24071153074886,0.9997924899549977,0.9999889584703823,26214,12810,0.04886627197265625,2.046370023419204,0.09999847412109375,536443.6234192038,0.9997814507166083,20.459540094976937,0.0006845459737478791,0.07461218831901466,0.10718122827904777,,,
fixed_path,3,1,0.1,True,0.0493316650390625,61.19954586880054,0.9998076078284903,0.9999888534134017,26214,12932,0.0493316650390625,2.0270646458397774,0.09999847412109375,531382.8345190226,0.999796463386408,20.26682988694452,1.9145875463210392e-06,0.06716012849281239,0.0935665829840139,,,
fixed_plane,3,1,0.1,True,0.04854583740234375,61.26928363919366,0.9997738215440196,0.9999890310251534,26214,12726,0.04854583740234375,2.0598774163130598,0.09999847412109375,539984.5054219707,0.9997628550501187,20.594203510471345,0.0015366701076121468,0.05726863975218123,0.0956954050589856,,,
single_seg,3,1,0.1,True,0.0492095947265625,61.21030572520323,0.9997946811331261,0.9999888809325702,26214,12900,0.0492095947265625,2.032093023255814,0.09999847412109375,532700.9934883721,0.9997835643486506,20.31684206919478,3.3501098177871394e-05,0.061797339064636136,0.10634552690025707,,,
no_ga,3,1,0.1,True,0.10678482055664062,57.84570838671794,0.9994670804448553,0.999975871906223,26214,12446,0.04747772216796875,2.1062188654989553,0.09999847412109375,245484.32879648483,0.9994429652094112,9.359410448035433,1.6623140513575885e-06,0.03963066934974655,0.06119859272594901,,,
unconstrained,3,1,0.1,True,0.049106597900390625,61.21940513567238,0.9998298058912223,0.9999889041809474,26214,12873,0.049106597900390625,2.0363551619669074,0.09999847412109375,533818.287578653,0.9998187119606128,20.360170622869795,2.4186718080305424e-05,0.08654858088273114,0.0902160065607879,,,
full,3,2,0.1,True,0.048923492431640625,61.235629090357186,0.9998968034460833,0.9999919571193089,26214,12825,0.048923492431640625,2.0439766081871347,0.09999847412109375,535816.2039766082,0.9998887613953898,20.437804246957743,1.0182324436536783e-07,0.17382556945028987,0.15560485001820507,,,
no_T1T2,3,2,0.1,True,0.04894256591796875,61.23393626444644,0.9998932397928956,0.9999919540222825,26214,12830,0.04894256591796875,2.0431800467653938,0.09999847412109375,535607.3901792674,0.9998851946741683,20.429766521641866,2.3406253195217718e-17,0.19210007090876047,0.17220811524826718,,,
no_T3,3,2,0.1,True,0.0487213134765625,61.253613729521646,0.999871376675143,0.999991990361069,26214,12772,0.0487213134765625,2.0524585029752584,0.09999847412109375,538039.6818039462,0.9998633680664384,20.522093858315724,6.176860554226206e-14,0.18839042872563172,0.17943516264089032,,,
no_T4,3,2,0.1,True,0.04901123046875,61.22784754884967,0.9999245426159882,0.9999919432401998,26214,12848,0.04901123046875,2.0403175591531757,0.09999847412109375,534857.0062266501,0.99991648646413,20.401782956697765,0.008924672568516033,0.19602709919782085,0.16118525614814766,,,
no_decomp,3,2,0.1,True,0.048900604248046875,61.23766135282713,0.9998695866855833,0.999991960893606,26214,12819,0.048900604248046875,2.0449333021296514,0.09999847412109375,536066.9955534753,0.9998615486275958,20.446813776693382,7.199976418385119e-16,0.18345883032795565,0.18207922031590024,,,
fixed_path,3,2,0.1,True,0.049282073974609375,61.20391384585417,0.999912647772429,0.9999918982865074,26214,12919,0.049282073974609375,2.029104419846737,0.09999847412109375,531917.5490363031,0.9999045467666391,20.28941694462372,9.260516510416185e-21,0.14952361016786456,0.1540729581403412,,,
fixed_plane,3,2,0.1,True,0.048763275146484375,61.249874938994566,0.9999188818753689,0.9999919835548166,26214,12783,0.048763275146484375,2.05069232574513,0.09999847412109375,537576.6890401314,0.9999108660804645,20.505408282703378,6.96159559870956e-17,0.1619789852013258,0.12704430397804473,,,
single_seg,3,2,0.1,True,0.049251556396484375,61.20660401694693,0.9999303073606579,0.9999919032168758,26214,12911,0.049251556396484375,2.0303617070714894,0.09999847412109375,532247.1393385485,0.9999222111418199,20.302347464763475,2.184807455999849e-13,0.11262381580175111,0.13226106852877506,,,
no_ga,3,2,0.1,True,0.08676528930664062,58.74734341653598,0.9998250217438581,0.9999857361939111,26214,13094,0.04994964599609375,2.0019856422789064,0.09999847412109375,302125.4260716641,0.9998107604336252,11.523165178417772,6.18184236943494e-19,0.14628080967699317,0.14920431501950937,,,
unconstrained,3,2,0.1,True,0.0493316650390625,61.19954586880054,0.9998519545014944,0.99999189004492,26214,12932,0.0493316650390625,2.0270646458397774,0.09999847412109375,531382.8345190226,0.9998438457470568,20.267790372681446,2.3620879413348382e-14,0.16741482506876754,0.21055792912347016,,,
full,3,3,0.1,True,0.049007415771484375,61.228185586975464,0.9996980049696871,0.9999936485798773,26214,12847,0.049007415771484375,2.0404763758075815,0.09999847412109375,534898.6390597026,0.9996916554676617,20.398783321469192,3.2877661793707896e-80,0.18486801093169794,0.1524886146573318,,,
no_T1T2,3,3,0.1,True,0.0489654541015625,61.23190574396105,0.9997132862890468,0.999993653974576,26214,12836,0.0489654541015625,2.042224992209411,0.09999847412109375,535357.0283577439,0.9997069420831152,20.41657655230883,1.6387061210652742e-71,0.16999984850502212,0.13673786177068714,,,
no_T3,3,3,0.1,True,0.049091339111328125,61.22075481941225,0.9997493121791455,0.9999936376993614,26214,12869,0.049091339111328125,2.036988110964333,0.09999847412109375,533984.2113606341,0.9997429514734583,20.36495580628318,8.43789559161276e-52,0.16258983687148637,0.14657855177531684,,,
no_T4,3,3,0.1,True,0.0486297607421875,61.26178228017877,0.9996684466037556,0.9999936975351371,26214,12748,0.0486297607421875,2.0563225604016315,0.09999847412109375,539052.6212739253,0.9996621462284964,20.556591909391507,5.655309967197697e-66,0.17317513211293856,0.14122072381908232,,,
no_decomp,3,3,0.1,True,0.048915863037109375,61.236306405520594,0.9996965233679305,0.9999936604664222,26214,12823,0.048915863037109375,2.044295406691102,0.09999847412109375,535899.7750916323,0.999690185758253,20.436932391438155,9.721088339196099e-77,0.1713938808347958,0.1452248071948396,,,
fixed_path,3,3,0.1,True,0.049549102783203125,61.18044566019003,0.9996820299427511,0.9999935784727105,26214,12989,0.049549102783203125,2.018169220109323,0.09999847412109375,529050.9520363384,0.999675610457315,20.175453324176026,5.249095551695863e-66,0.19269314268162208,0.15958111214797202,,,
fixed_plane,3,3,0.1,True,0.04883575439453125,61.243424599598,0.9996393917190288,0.9999936709769086,26214,12802,0.04883575439453125,2.0476488048742385,0.09999847412109375,536778.8483049524,0.9996330649782356,20.46928684468478,4.676135888130042e-71,0.2247610871406719,0.17208020954204473,,,
single_seg,3,3,0.1,True,0.049098968505859375,61.22007992511112,0.9996209016321391,0.9999936367151704,26214,12871,0.049098968505859375,2.036671587289255,0.09999847412109375,533901.2365783545,0.9996145407596204,20.35917599043508,5.0070936918153176e-57,0.18733179602425096,0.1608372579656119,,,
no_ga,3,3,0.1,True,0.12639999389648438,57.113333078924555,0.9991978798793469,0.9999836183363766,26214,11617,0.044315338134765625,2.256520616338125,0.09999847412109375,207389.25052059756,0.9991815113557856,7.904917401926998,3.6245336605927303e-76,0.15796747503013128,0.11056707406638434,,,
unconstrained,3,3,0.1,True,0.048725128173828125,61.253273706439145,0.999665416915085,0.9999936851080171,26214,12773,0.048725128173828125,2.052297815705003,0.09999847412109375,537997.5586001723,0.9996591041359582,20.516295012496407,2.7256946418934205e-63,0.18514573532463963,0.15825881265627273,,,
full,3,4,0.1,True,0.04898834228515625,61.229876172390966,0.9996852951520029,0.9999893655439417,26214,12842,0.04898834228515625,2.0412708300887714,0.09999847412109375,535106.9004827909,0.9996746640426595,20.406378689518682,3.877645018711233e-75,0.0761275205221416,0.1035730680429531,,,
no_T1T2,3,4,0.1,True,0.04925537109375,61.20626765441577,0.999690540377339,0.9999893060221425,26214,12912,0.04925537109375,2.0302044609665426,0.09999847412109375,532205.9182156133,0.9996798497088358,20.295854594336515,2.5405090280676207e-47,0.05807907782643107,0.07640566364767352,,,
no_T3,3,4,0.1,True,0.048969268798828125,61.23156741615976,0.9996812683314806,0.9999893681959933,26214,12837,0.048969268798828125,2.0420659032484227,0.09999847412109375,535315.3241411545,0.9996706399161666,20.414244779168307,1.1982240236469798e-60,0.06232684084935631,0.10739285241946445,,,
no_T4,3,4,0.1,True,0.049114227294921875,61.218730451063436,0.9997031105497532,0.9999893366888657,26214,12875,0.049114227294921875,2.0360388349514564,0.09999847412109375,533735.3643495146,0.9996924504044435,20.354437104374558,3.216077860240914e-26,0.06621750690952709,0.10138035353644687,,,
no_decomp,3,4,0.1,True,0.0488739013671875,61.24003352827788,0.9997425126235236,0.999989390555487,26214,12812,0.0488739013671875,2.0460505775835154,0.09999847412109375,536359.882610053,0.9997319059108086,20.455332558779507,2.7896408450795e-53,0.07533258569640272,0.09624536704754083,,,
fixed_path,3,4,0.1,True,0.049442291259765625,61.1898177220108,0.9997725858090285,0.9999892657347119,26214,12961,0.049442291259765625,2.0225291258390556,0.09999847412109375,530193.8751639534,0.9997618539848647,20.220783230538412,3.419248463772424e-44,0.05868603698867153,0.07023436351623778,,,
fixed_plane,3,4,0.1,True,0.048603057861328125,61.2641676710923,0.9996474130059607,0.999989448516781,26214,12741,0.048603057861328125,2.0574523192842005,0.09999847412109375,539348.7807864374,0.9996368652430574,20.567365701457973,1.6620803905079405e-61,0.07757093591706857,0.11036980246821199,,,
single_seg,3,4,0.1,True,0.049129486083984375,61.2173813962047,0.9994969482477472,0.9999893339396426,26214,12879,0.049129486083984375,2.035406475658048,0.09999847412109375,533569.5951549034,0.9994862875529701,20.343919043736765,1.6679499886265892e-46,0.11943883312350931,0.15915256456396282,,,
no_ga,3,4,0.1,True,0.12104034423828125,57.301502107191595,0.9994199067275189,0.9999737212243804,26214,11810,0.04505157470703125,2.219644369178662,0.09999847412109375,216572.41777497638,0.9993936431960403,8.25669861966539,4.353006222226151e-59,0.04359689446731256,0.06227155221389596,,,
unconstrained,3,4,0.1,True,0.04882049560546875,61.24478176986499,0.9996707004139566,0.9999894009918386,26214,12798,0.04882049560546875,2.0482887951242383,0.09999847412109375,536946.6179090483,0.9996601048960442,20.476238360514817,7.930604894160882e-32,0.08658859316520662,0.10578220257833752,,,
full,3,5,0.1,True,0.04900360107421875,61.2285236514149,0.9996422738585237,0.999992560579339,26214,12846,0.04900360107421875,2.0406352171882296,0.09999847412109375,534940.2783745913,0.9996348370991379,20.399211796397044,6.679370545135273e-59,0.08743501380437609,0.08717288768310469,,,
no_T1T2,3,5,0.1,True,0.04903411865234375,61.22581987245191,0.9996041221667039,0.9999925558813015,26214,12854,0.04903411865234375,2.03936517815466,0.09999847412109375,534607.3452621752,0.999596680994967,20.38573769587246,3.52863174024818e-53,0.09795044422026039,0.09827943014631152,,,
no_T3,3,5,0.1,True,0.049121856689453125,61.21805587125173,0.9996553610225462,0.9999925430024776,26214,12877,0.049121856689453125,2.0357226061970954,0.09999847412109375,533652.4668789314,0.9996479065949958,20.350368938917338,4.219262626708081e-59,0.10237600624678336,0.08923746623327031,,,
no_T4,3,5,0.1,True,0.048984527587890625,61.230214368460054,0.9996048129685539,0.9999925633681707,26214,12841,0.048984527587890625,2.0414297951872906,0.09999847412109375,535148.5722295771,0.999597379275585,20.406390109245304,2.1633012483307537e-61,0.10964130133775225,0.10685589739189894,,,
no_decomp,3,5,0.1,True,0.048755645751953125,61.25055447972808,0.9996696864003856,0.999992598338053,26214,12781,0.048755645751953125,2.0510132227525233,0.09999847412109375,537660.8102652375,0.9996622871833082,20.503518551864577,2.4053374872196584e-56,0.09645853286481178,0.08430488523297666,,,
fixed_path,3,5,0.1,True,0.04947662353515625,61.186803067354916,0.9996965629358763,0.9999924886981018,26214,12970,0.04947662353515625,2.0211256746337702,0.09999847412109375,529825.9688511951,0.9996890539131854,20.205280443255056,7.612308995981852e-66,0.0832585083616181,0.07518997160345452,,,
fixed_plane,3,5,0.1,True,0.048854827880859375,61.24172873295962,0.9996656120978316,0.9999925831229877,26214,12807,0.048854827880859375,2.046849379245725,0.09999847412109375,536569.2836729913,0.9996581977009331,20.461809836660688,4.3506054415006394e-69,0.09648070025162818,0.07874027865366613,,,
single_seg,3,5,0.1,True,0.04911041259765625,61.21906778026621,0.9995702088026042,0.9999925443058948,26214,12874,0.04911041259765625,2.0361969861736835,0.09999847412109375,533776.8227435141,0.9995627563128907,20.35337728684841,8.624836012957804e-57,0.09787329948157734,0.09319545771760755,,,
no_ga,3,5,0.1,True,0.08818435668945312,58.67688809817735,0.9993825929521803,0.9999866126133692,26214,13268,0.0506134033203125,1.975731082303286,0.09999847412109375,297263.6075615348,0.9993692138310164,11.332726702881773,4.620538057961039e-72,0.06514510321744993,0.041353351411981834,,,
unconstrained,3,5,0.1,True,0.0492401123046875,61.20761326087704,0.9996598991490457,0.9999925246537359,26214,12908,0.0492401123046875,2.0308335915711186,0.09999847412109375,532370.8410288193,0.9996524263451533,20.30158705080755,1.4647999173358534e-70,0.09251049080700866,0.07870169154774384,,,
full,3,6,0.1,True,0.049163818359375,61.2143475540841,0.9997843425105167,0.9999848682703557,26214,12888,0.049163818359375,2.0339851024208566,0.09999847412109375,533196.990689013,0.9997692140441433,20.33546716685195,6.939003645873037e-75,0.20539534734645715,0.13458146326624948,,,
no_T1T2,3,6,0.1,True,0.04897308349609375,61.23122911471313,0.9997671653759028,0.999984926423494,26214,12838,0.04897308349609375,2.0419068390715065,0.09999847412109375,535273.626421561,0.9997520953090474,20.4143179056469,5.440298335205302e-59,0.19311323165128078,0.1338861512941822,,,
no_T3,3,6,0.1,True,0.048740386962890625,61.251913880261604,0.9997489638956104,0.9999849981227925,26214,12777,0.048740386962890625,2.0516553181498005,0.09999847412109375,537829.1317210613,0.9997339657844158,20.51140805561477,9.907516837600665e-53,0.17245475633890656,0.13216207374403677,,,
no_T4,3,6,0.1,True,0.0490875244140625,61.2210923058964,0.9997323742929989,0.9999848913671265,26214,12868,0.0490875244140625,2.037146409698477,0.09999847412109375,534025.7084239975,0.999717269703584,20.3660152276326,1.8036579044826895e-76,0.20309499026982655,0.13077080393725438,,,
no_decomp,3,6,0.1,True,0.04866790771484375,61.258376850051306,0.9997448848454142,0.9999850203637394,26214,12758,0.04866790771484375,2.0547107697131213,0.09999847412109375,538630.1000156765,0.9997299090306858,20.541871552981668,6.448993017957682e-68,0.17003411666769538,0.13752414662247997,,,
fixed_path,3,6,0.1,True,0.049076080322265625,61.22210492273206,0.999860186193616,0.999984912404868,26214,12865,0.049076080322265625,2.0376214535561603,0.09999847412109375,534150.2383210261,0.9998451007079381,20.373369147297453,4.136561831664555e-05,0.15913646807297147,0.10022589083313153,,,
fixed_plane,3,6,0.1,True,0.0489501953125,61.233259318794836,0.9997780090082954,0.9999849334834267,26214,12832,0.0489501953125,2.042861596009975,0.09999847412109375,535523.9102244389,0.999762945836353,20.424084918432428,7.228425873283283e-61,0.19608781303917897,0.1391697267334359,,,
single_seg,3,6,0.1,True,0.049221038818359375,61.20929585545817,0.9998061449733527,0.9999848505649762,26214,12903,0.049221038818359375,2.0316205533596836,0.09999847412109375,532577.1383399209,0.9997909984751231,20.31226935629409,2.0145702994171064e-67,0.17707604559987358,0.12288205200157055,,,
no_ga,3,6,0.1,True,0.10662078857421875,57.852384705971296,0.9995021343270517,0.999967183183171,26214,12422,0.04738616943359375,2.110288198357752,0.09999847412109375,245861.9969946333,0.9994693338485893,9.374056853395514,5.736549406969896e-69,0.1503713117302382,0.10735372521957763,,,
unconstrained,3,6,0.1,True,0.049205780029296875,61.2106424006419,0.9997758801479328,0.9999848549435818,26214,12899,0.049205780029296875,2.0322505620590743,0.09999847412109375,532742.291340414,0.9997607384858225,20.317953254486973,2.3056241531463266e-75,0.19471946237223844,0.14842983082547723,,,
full,3,7,0.1,True,0.049167633056640625,61.21401059130168,0.9997628322206319,0.9999885236069316,26214,12889,0.049167633056640625,2.033827294592288,0.09999847412109375,533155.6223136007,0.9997513585493941,20.333526273223086,0.9783090574842987,0.12129727502232254,0.12669542711895304,,,
no_T1T2,3,7,0.1,True,0.04904937744140625,61.22446861394099,0.9997638601545185,0.9999885509990643,26214,12858,0.04904937744140625,2.0387307512832478,0.09999847412109375,534441.0340643957,0.999752413857148,20.382570911352325,0.9219020486408575,0.10914871972275429,0.12587862241861875,,,
no_T3,3,7,0.1,True,0.04863739013671875,61.261100980495975,0.999761075387055,0.9999886472236534,26214,12750,0.04863739013671875,2.056,0.09999847412109375,538968.064,0.9997497253231662,20.55516799961695,0.9356694390647408,0.09040542326460188,0.11504626435969538,,,
no_T4,3,7,0.1,True,0.0493927001953125,61.19417592089036,0.9997254132693032,0.9999884708767797,26214,12948,0.0493927001953125,2.0245597775718256,0.09999847412109375,530726.1983317886,0.9997138873118271,20.240114092946524,0.9363503934950836,0.1035524878346035,0.12923023338469047,,,
no_decomp,3,7,0.1,True,0.048931121826171875,61.234951880809724,0.9997936243917889,0.9999885787493763,26214,12827,0.048931121826171875,2.0436579090979965,0.09999847412109375,535732.6589225852,0.9997822054982327,20.43243989070934,0.99070905806932,0.08015817703099141,0.09897175791620733,,,
fixed_path,3,7,0.1,True,0.04944610595703125,61.18948265702439,0.9997711755835142,0.9999884590817943,26214,12962,0.04944610595703125,2.0223730905724424,0.09999847412109375,530152.9714550223,0.9997596373061525,20.219178395462432,0.9056668175763996,0.1380280330996964,0.13174315997780367,,,
fixed_plane,3,7,0.1,True,0.04878997802734375,61.247497383409176,0.999745548923246,0.9999886115921256,26214,12790,0.04878997802734375,2.0495699765441753,0.09999847412109375,537282.4719311963,0.9997341634131642,20.490563919763918,0.9756329713909244,0.10381689870810744,0.14037672131063456,,,
single_seg,3,7,0.1,True,0.04938507080078125,61.1948468013766,0.9997577393828779,0.9999884727730879,26214,12946,0.04938507080078125,2.0248725475050207,0.09999847412109375,530808.1890931561,0.999746214948559,20.243895548545886,0.9643689131784305,0.10610082602458078,0.14494182593269156,,,
no_ga,3,7,0.1,True,0.08675003051757812,58.748107246255934,0.9996109301084852,0.9999797532051109,26214,13063,0.049831390380859375,2.006736584245579,0.09999847412109375,302178.5680488985,0.9995906911910144,11.522655210922004,0.9874497305091305,0.07242069360458203,0.09966466653661524,,,
unconstrained,3,7,0.1,True,0.0490570068359375,61.22379314231368,0.9997595166922955,0.9999885493289226,26214,12860,0.0490570068359375,2.0384136858475896,0.09999847412109375,534357.9172628305,0.9997480687749133,20.379312421534284,0.9823497285117117,0.10950576165589407,0.11260245892241853,,,
full,3,8,0.1,True,0.04907989501953125,61.221767357552224,0.9995498205213232,0.9999886159511935,26214,12866,0.04907989501953125,2.0374630809886525,0.09999847412109375,534108.7219026893,0.9995384415973819,20.36553748127655,6.461178498950865e-31,0.0765734531409403,0.09313966721872387,,,
no_T1T2,3,8,0.1,True,0.0488433837890625,61.24274617347477,0.999497435014428,0.9999886701153217,26214,12804,0.0488433837890625,2.047328959700094,0.09999847412109375,536695.0028116214,0.999486110823753,20.46308083690893,2.6407158353144345e-44,0.08939028088667929,0.10916948025648383,,,
no_T3,3,8,0.1,True,0.049068450927734375,61.22278013181599,0.9995422530003081,0.9999886175822977,26214,12863,0.049068450927734375,2.0379382725647206,0.09999847412109375,534233.2905232061,0.9995308757928734,20.370133087448263,1.1686746384085366e-38,0.08440445257580065,0.0937341231746176,,,
no_T4,3,8,0.1,True,0.04901885986328125,61.22717155152259,0.9995602117108774,0.9999886292450768,26214,12850,0.04901885986328125,2.04,0.09999847412109375,534773.76,0.999548845956679,20.39110760112589,7.25657796532072e-39,0.06894580367387643,0.08629279589995952,,,
no_decomp,3,8,0.1,True,0.04892730712890625,61.23529047238351,0.9995839550733124,0.9999886507047875,26214,12826,0.04892730712890625,2.0438172462186186,0.09999847412109375,535774.4281927336,0.9995726104999166,20.429749135107606,7.813058840235219e-38,0.06932532357468621,0.08346766510262683,,,
fixed_path,3,8,0.1,True,0.049266815185546875,61.20525872310236,0.9995933154902722,0.9999885720460489,26214,12915,0.049266815185546875,2.029732868757259,0.09999847412109375,532082.2931475029,0.9995818921838929,20.28915180368985,5.294926425521421e-49,0.07139783185939232,0.08857366127253988,,,
fixed_plane,3,8,0.1,True,0.048984527587890625,61.230214368460054,0.9996378793071193,0.9999886375739879,26214,12841,0.048984527587890625,2.0414297951872906,0.09999847412109375,535148.5722295771,0.9996265209956768,20.4069850260798,1.579249837523628e-34,0.064433716969026,0.06848458813239611,,,
single_seg,3,8,0.1,True,0.049434661865234375,61.19048792954593,0.9995596125196321,0.9999885335674203,26214,12959,0.049434661865234375,2.0228412686164057,0.09999847412109375,530275.701520179,0.9995481511367258,20.2195810272078,8.457702912805573e-35,0.07419438800689528,0.09875369472218233,,,
no_ga,3,8,0.1,True,0.06864547729492188,59.76468431830642,0.9992421485840606,0.9999840769255344,26214,12395,0.047283172607421875,2.114885034288019,0.09999847412109375,381875.12175604334,0.9992262375769195,14.556330248589274,8.305805750321261e-33,0.07157337144480327,0.09448231539443348,,,
unconstrained,3,8,0.1,True,0.0490570068359375,61.22379314231368,0.9995638251674771,0.9999886206440937,26214,12860,0.0490570068359375,2.0384136858475896,0.09999847412109375,534357.9172628305,0.9995524507749595,20.37532485660583,2.0784472733398705e-33,0.07235198315274222,0.09503174486619759,,,
full,3,9,0.1,True,0.048816680908203125,61.245121128710174,0.9995853506352772,0.9999902012952697,26214,12797,0.048816680908203125,2.0484488552004376,0.09999847412109375,536988.5766976635,0.9995755559935736,20.47610647420328,4.924028268945648e-18,0.08777736299665269,0.08113447459544867,,,
no_T1T2,3,9,0.1,True,0.048828125,61.24410313171704,0.9995472475056343,0.9999901986130165,26214,12800,0.048828125,2.04796875,0.09999847412109375,536862.72,0.9995374505562532,20.470526987392066,4.93437030632773e-18,0.09224134361154332,0.09379628585436606,,,
no_T3,3,9,0.1,True,0.048862457275390625,61.24105057168107,0.999563854636538,0.9999901916932731,26214,12809,0.048862457275390625,2.046529783745804,0.09999847412109375,536485.50363026,0.9995540506076586,20.456483491489895,2.43799183200841e-17,0.09230931745354132,0.09161804455982363,,,
no_T4,3,9,0.1,True,0.04901123046875,61.22784754884967,0.9995599169066025,0.9999901623305677,26214,12848,0.04901123046875,2.0403175591531757,0.09999847412109375,534857.0062266501,0.9995500835665622,20.394307059968313,2.410046768053716e-06,0.10563157922311425,0.09904263812923525,,,
no_decomp,3,9,0.1,True,0.048717498779296875,61.25395377922773,0.9994726631500277,0.9999902210071655,26214,12771,0.048717498779296875,2.052619215409913,0.09999847412109375,538081.8116044162,0.9994628893140165,20.515480358337918,2.7489614820357657e-19,0.11224845451687833,0.11653329194373963,,,
fixed_path,3,9,0.1,True,0.049373626708984375,61.195853316461424,0.999578283399486,0.9999900891998146,26214,12943,0.049373626708984375,2.0253418836436685,0.09999847412109375,530931.2227458858,0.9995683767788495,20.24498590452868,2.8880838304728773e-19,0.09079636926238054,0.0974812096731921,,,
fixed_plane,3,9,0.1,True,0.048801422119140625,61.246478829328986,0.9995531374377785,0.9999902044139508,26214,12793,0.048801422119140625,2.049089345735949,0.09999847412109375,537156.4774486047,0.99954334622901,20.481848741800796,3.250275127426767e-12,0.09817440493718252,0.09972659063612206,,,
single_seg,3,9,0.1,True,0.04917144775390625,61.21367365466169,0.9996003937184437,0.999990129636567,26214,12890,0.04917144775390625,2.0336695112490304,0.09999847412109375,533114.2603568658,0.9995905272992699,20.328677982027912,3.734357267567455e-14,0.08174009522483303,0.08089334210333997,,,
no_ga,3,9,0.1,True,0.0869903564453125,58.736092504874776,0.9992392604202229,0.9999825388512684,26214,11624,0.044342041015625,2.2551617343427393,0.09999847412109375,301343.7474127346,0.9992218125548783,11.48658142564401,2.0965218955405753e-14,0.069231603032565,0.06838828482491974,,,
unconstrained,3,9,0.1,True,0.0489501953125,61.233259318794836,0.9996622418952296,0.9999901744237653,26214,12832,0.0489501953125,2.042861596009975,0.09999847412109375,535523.9102244389,0.9996524196376628,20.421826986712553,1.6845288503743434e-14,0.07290372971684803,0.06938445812989005,,,
full,3,10,0.1,True,0.049289703369140625,61.2032415633731,0.9998914371299741,0.9999958603918566,26214,12921,0.049289703369140625,2.0287903413048527,0.09999847412109375,531835.2152310193,0.9998872979712384,20.285926463847407,0.0,0.47701926285433444,0.32587541533386843,,,
no_T1T2,3,10,0.1,True,0.048824310302734375,61.24444243753533,0.9998874317328644,0.999995906129281,26214,12799,0.048824310302734375,2.0481287600593796,0.09999847412109375,536904.665677006,0.9998833383229854,20.47921070719124,0.0,0.46310747948187986,0.30480399816099635,,,
no_T3,3,10,0.1,True,0.04883575439453125,61.243424599598,0.9999256496416568,0.9999958901739474,26214,12802,0.04883575439453125,2.0476488048742385,0.09999847412109375,536778.8483049524,0.9999215401211712,20.47519389263586,0.0,0.46392245588424597,0.30266301214909486,,,
no_T4,3,10,0.1,True,0.04901123046875,61.22784754884967,0.9999271564779999,0.9999958754974732,26214,12848,0.04901123046875,2.0403175591531757,0.09999847412109375,534857.0062266501,0.9999230322759164,20.401916514082956,0.0,0.41432051354124433,0.246303243561713,,,
no_decomp,3,10,0.1,True,0.049098968505859375,61.22007992511112,0.999922127242229,0.9999958593797144,26214,12871,0.049098968505859375,2.036671587289255,0.09999847412109375,533901.2365783545,0.9999179869443848,20.365356286966733,0.0,0.4345969760790513,0.2665286996933083,,,
fixed_path,3,10,0.1,True,0.0488433837890625,61.24274617347477,0.9998903911405556,0.9999959076537324,26214,12804,0.0488433837890625,2.047328959700094,0.09999847412109375,536695.0028116214,0.9998862992428453,20.471274135326183,0.0,0.4777057821401428,0.33022272561423505,,,
fixed_plane,3,10,0.1,True,0.0487213134765625,61.253613729521646,0.9998828799562245,0.9999959032554864,26214,12772,0.0487213134765625,2.0524585029752584,0.09999847412109375,538039.6818039462,0.9998787836915217,20.522410262451476,0.0,0.45883617054842857,0.302171342238179,,,
single_seg,3,10,0.1,True,0.04956817626953125,61.17877420390222,0.9999314913313598,0.9999958198123755,26214,12994,0.04956817626953125,2.017392642758196,0.09999847412109375,528847.3769432046,0.9999273114301145,20.172767825730023,0.0,0.41414464439601223,0.25249292773828763,,,
no_ga,3,10,0.1,True,0.10809707641601562,57.792664126459755,0.9998298033270838,0.9999908914935284,26214,12401,0.047306060791015625,2.1138617853398918,0.09999847412109375,242504.24589758972,0.9998206963708497,9.249285267651482,0.0,0.42425283469640523,0.25312236670542965,,,
unconstrained,3,10,0.1,True,0.048900604248046875,61.23766135282713,0.9999062228295064,0.9999958992903288,26214,12819,0.048900604248046875,2.0449333021296514,0.09999847412109375,536066.9955534753,0.9999021225043881,20.447643498072416,0.0,0.4499794542159218,0.3049776029472468,,,
full,3,11,0.1,True,0.04894256591796875,61.23393626444644,0.9995313164814249,0.9999921702309289,26214,12830,0.04894256591796875,2.0431800467653938,0.09999847412109375,535607.3901792674,0.9995234903820375,20.42237613894847,0.0,0.09059186525986376,0.10474785760589146,,,
no_T1T2,3,11,0.1,True,0.04891204833984375,61.23664510271859,0.9995700921463919,0.9999921657484302,26214,12822,0.04891204833984375,2.044454843238184,0.09999847412109375,535941.5704258305,0.9995622612628284,20.435910888822562,0.0,0.08324163841318105,0.0937697623260256,,,
no_T3,3,11,0.1,True,0.04897308349609375,61.23122911471313,0.9995462486520678,0.9999921638118279,26214,12838,0.04897308349609375,2.0419068390715065,0.09999847412109375,535273.626421561,0.9995384160195766,20.409954707044392,0.0,0.08298054903584239,0.09819000212348146,,,
no_T4,3,11,0.1,True,0.049190521240234375,61.211989363456155,0.9995960114765554,0.9999921222121793,26214,12895,0.049190521240234375,2.0328809616130283,0.09999847412109375,532907.5468010857,0.9995881368712706,20.32074699899049,0.0,0.08048741141951901,0.08595121612102104,,,
no_decomp,3,11,0.1,True,0.04857635498046875,61.26655437291749,0.9995088223708724,0.9999922434335548,26214,12734,0.04857635498046875,2.0585833202450132,0.09999847412109375,539645.2659023087,0.999501069614279,20.57587626770579,0.0,0.09630792710502253,0.10815106293888406,,,
fixed_path,3,11,0.1,True,0.049137115478515625,61.21670702588983,0.9996009279598381,0.9999921508813282,26214,12881,0.049137115478515625,2.0350904432885644,0.09999847412109375,533486.7491654374,0.9995930819735301,20.34293369155105,0.0,0.09222843410879004,0.09814908500051543,,,
fixed_plane,3,11,0.1,True,0.0489501953125,61.233259318794836,0.9995976915757856,0.999992166362268,26214,12832,0.0489501953125,2.042861596009975,0.09999847412109375,535523.9102244389,0.999589861089592,20.4205489826582,0.0,0.08602431019665506,0.09521240629377162,,,
single_seg,3,11,0.1,True,0.049121856689453125,61.21805587125173,0.9996208009647746,0.9999921320726004,26214,12877,0.049121856689453125,2.0357226061970954,0.09999847412109375,533652.4668789314,0.9996129360208854,20.3496570241717,0.0,0.07620014506877901,0.08005509169341993,,,
no_ga,3,11,0.1,True,0.10411834716796875,57.95553095605973,0.9989295893690944,0.9999833231478761,26214,12298,0.04691314697265625,2.1315661083102944,0.09999847412109375,251771.18839305342,0.9989129303680503,9.594014480046976,0.0,0.05995359005230818,0.06826386963040146,,,
unconstrained,3,11,0.1,True,0.049106597900390625,61.21940513567238,0.9995245533885649,0.999992134822301,26214,12873,0.049106597900390625,2.0363551619669074,0.09999847412109375,533818.287578653,0.999516691950338,20.354020328954356,0.0,0.08948157949915639,0.10381967359955,,,
full,3,12,0.1,True,0.04894256591796875,61.23393626444644,0.9994737592827564,0.9999883534165835,26214,12830,0.04894256591796875,2.0431800467653938,0.09999847412109375,535607.3901792674,0.9994621188282463,20.42112218847325,0.0,0.0831921825470659,0.0940302729694363,,,
no_T1T2,3,12,0.1,True,0.049175262451171875,61.21333674416007,0.9994917944364957,0.9999882988405258,26214,12891,0.049175262451171875,2.033511752385385,0.09999847412109375,533072.9048173144,0.9994800992236158,20.32485541314681,0.0,0.0838029131847586,0.09498905298256058,,,
no_T3,3,12,0.1,True,0.04895782470703125,61.232582478644,0.9994950209909048,0.9999883492875428,26214,12834,0.04895782470703125,2.042543244506779,0.09999847412109375,535440.4562879851,0.9994833761618128,20.415191690865065,0.0,0.08023240474890789,0.09264631227695705,,,
no_T4,3,12,0.1,True,0.049106597900390625,61.21940513567238,0.9994843088663405,0.9999883136365836,26214,12873,0.049106597900390625,2.0363551619669074,0.09999847412109375,533818.287578653,0.9994726285294782,20.3531230275174,0.0,0.07967415092603598,0.08836459093017808,,,
no_decomp,3,12,0.1,True,0.048675537109375,61.25769608434428,0.9994684079745809,0.9999884164062328,26214,12760,0.048675537109375,2.0543887147335425,0.09999847412109375,538545.6752351098,0.9994568305385598,20.533041644568982,0.0,0.08923179672970515,0.09921867974564118,,,
fixed_path,3,12,0.1,True,0.049285888671875,61.20357769160506,0.9995374441431909,0.9999882715085017,26214,12920,0.049285888671875,2.028947368421053,0.09999847412109375,531876.3789473685,0.999525721076775,20.280160265166415,0.0,0.08237789864765321,0.09949265487855413,,,
fixed_plane,3,12,0.1,True,0.048854827880859375,61.24172873295962,0.9995560571739311,0.9999883740156226,26214,12807,0.048854827880859375,2.046849379245725,0.09999847412109375,536569.2836729913,0.9995444363508261,20.45948127764121,0.0,0.07897533284327568,0.07688989078484085,,,
single_seg,3,12,0.1,True,0.049442291259765625,61.1898177220108,0.9995178867364743,0.9999882350173681,26214,12961,0.049442291259765625,2.0225291258390556,0.09999847412109375,530193.8751639534,0.9995061274258966,20.215611007478916,0.0,0.07769424392236544,0.09092279597461284,,,
no_ga,3,12,0.1,True,0.09035110473632812,58.57146893755597,0.999077940424369,0.9999785005980302,26214,11563,0.044109344482421875,2.267058721785004,0.09999847412109375,290134.80329322355,0.9990564608461286,11.057490262699918,0.0,0.04897593560976891,0.05765285278572243,,,
unconstrained,3,12,0.1,True,0.048580169677734375,61.26621333519938,0.9994964928570477,0.9999884393660237,26214,12735,0.048580169677734375,2.0584216725559483,0.09999847412109375,539602.8909305065,0.9994849380439331,20.57392851186406,0.0,0.07762206782810123,0.0897907371675156,,,
full,3,13,0.1,True,0.0489501953125,61.233259318794836,0.9997465499990358,0.9999943018214625,26214,12832,0.0489501953125,2.042861596009975,0.09999847412109375,535523.9102244389,0.9997408532647016,20.42363359088388,2.8141200826262908e-15,0.0749649149431829,0.06803091929520413,,,
no_T1T2,3,13,0.1,True,0.04894256591796875,61.23393626444644,0.9996500209348395,0.999994302660553,26214,12830,0.04894256591796875,2.0431800467653938,0.09999847412109375,535607.3901792674,0.999644325589342,20.42484505746629,2.260996968253133e-12,0.10755052533146747,0.09889530146834183,,,
no_T3,3,13,0.1,True,0.048797607421875,61.24681832081394,0.9996963792660318,0.9999943195798172,26214,12792,0.048797607421875,2.049249530956848,0.09999847412109375,537198.4690431519,0.9996907005705424,20.486469591179198,2.733083605152245e-14,0.0899224388561833,0.07625904828010073,,,
no_T4,3,13,0.1,True,0.04925537109375,61.20626765441577,0.9996693316755217,0.9999942665166125,26214,12912,0.04925537109375,2.0302044609665426,0.09999847412109375,532205.9182156133,0.9996636000880156,20.29552468877577,5.313390280716675e-11,0.10469476807079504,0.09606874182605936,,,
no_decomp,3,13,0.1,True,0.04871368408203125,61.25429385556156,0.9996517228289101,0.9999943292931731,26214,12770,0.04871368408203125,2.0527799530148787,0.09999847412109375,538123.9480031324,0.999646054097061,20.520846922883315,4.304786069621227e-11,0.09476296106219997,0.10212987591418358,,,
fixed_path,3,13,0.1,True,0.049358367919921875,61.19719569953958,0.9997184268858629,0.9999942543036858,26214,12939,0.049358367919921875,2.025968003709715,0.09999847412109375,531095.3563644795,0.9997126828073823,20.25416813678479,5.5945640477319327e-11,0.07774932663388096,0.07999284152170635,,,
fixed_plane,3,13,0.1,True,0.04907989501953125,61.221767357552224,0.9997958931768433,0.9999942868638992,26214,12866,0.04907989501953125,2.0374630809886525,0.09999847412109375,534108.7219026893,0.9997901812068326,20.370666661144405,1.1593745799035053e-13,0.053543568726356794,0.04802835628954253,,,
single_seg,3,13,0.1,True,0.049144744873046875,61.2160327602746,0.9996261872884639,0.9999942791209707,26214,12883,0.049144744873046875,2.034774509042925,0.09999847412109375,533403.9288985485,0.9996204685479719,20.340332850038,1.9425236354592195e-13,0.09668780430343651,0.09886370370870448,,,
no_ga,3,13,0.1,True,0.07020187377929688,59.66731656698953,0.9996288333735975,0.9999918280957879,26214,12362,0.04715728759765625,2.1205306584695034,0.09999847412109375,373408.836385372,0.9996206645025235,14.239230531725779,3.721395777564447e-15,0.05492602376274682,0.04696827273495688,,,
unconstrained,3,13,0.1,True,0.049346923828125,61.19820275921227,0.9996787833361402,0.9999942556081298,26214,12936,0.049346923828125,2.0264378478664193,0.09999847412109375,531218.5231910946,0.9996730407894645,20.258061966969187,3.5391435985355914e-09,0.10083595773893825,0.08967560526242985,,,
full,3,14,0.1,True,0.04915618896484375,61.215021558092445,0.9995900149077488,0.9999855004152327,26214,12886,0.04915618896484375,2.034300791556728,0.09999847412109375,533279.746701847,0.9995755212675951,20.334683023992895,1.9619133148429287e-19,0.0903753883720669,0.0980861024036018,,,
no_T1T2,3,14,0.1,True,0.0489654541015625,61.23190574396105,0.9995588976238688,0.9999855569843757,26214,12836,0.0489654541015625,2.042224992209411,0.09999847412109375,535357.0283577439,0.9995444609790931,20.413258271961933,1.9867435219044695e-24,0.08679688587736376,0.10487240602466669,,,
no_T3,3,14,0.1,True,0.0492401123046875,61.20761326087704,0.9994639273358794,0.9999854759076521,26214,12908,0.0492401123046875,2.0308335915711186,0.09999847412109375,532370.8410288193,0.9994494110295004,20.297464084669766,9.67293272197606e-16,0.10577128899450015,0.12549027028956652,,,
no_T4,3,14,0.1,True,0.0489501953125,61.233259318794836,0.9995701439115265,0.9999855618785959,26214,12832,0.0489501953125,2.042861596009975,0.09999847412109375,535523.9102244389,0.9995557119964368,20.419851353303766,2.421973581620259e-19,0.08878268092463576,0.10146176184649566,,,
no_decomp,3,14,0.1,True,0.04854583740234375,61.26928363919366,0.9996257391658587,0.9999856804020687,26214,12726,0.04854583740234375,2.0598774163130598,0.09999847412109375,539984.5054219707,0.9996114249271921,20.5910841879706,3.6505905980531473e-20,0.07590912957448151,0.09188069725740869,,,
fixed_path,3,14,0.1,True,0.04925537109375,61.20626765441577,0.9996387924176559,0.9999854712466438,26214,12912,0.04925537109375,2.0302044609665426,0.09999847412109375,532205.9182156133,0.9996242689121956,20.294726173305342,1.9893366413854793e-14,0.08986152675770143,0.10301185409545749,,,
fixed_plane,3,14,0.1,True,0.049053192138671875,61.22413086499507,0.9997063494644509,0.9999855306250298,26214,12859,0.049053192138671875,2.0385722062368767,0.09999847412109375,534399.4724317598,0.9996918843384205,20.379751872463714,1.8573058783973466e-16,0.07173763694908193,0.08156549335719865,,,
single_seg,3,14,0.1,True,0.0494384765625,61.19015281284997,0.9995970106991053,0.9999854180615734,26214,12960,0.0494384765625,2.022685185185185,0.09999847412109375,530234.7851851851,0.9995824346370439,20.218714332213985,2.983139125251619e-21,0.08192767826513042,0.08680835335790597,,,
no_ga,3,14,0.1,True,0.10683059692382812,57.84384705814812,0.9990119080662404,0.9999684881541184,26214,12487,0.047634124755859375,2.0993032754064225,0.09999847412109375,245379.14001071238,0.9989804273569596,9.351070349904045,2.822114601675732e-23,0.0479652462760413,0.05722022911936624,,,
unconstrained,3,14,0.1,True,0.049129486083984375,61.2173813962047,0.9996029511296765,0.9999855085376183,26214,12879,0.049129486083984375,2.035406475658048,0.09999847412109375,533569.5951549034,0.9995884654211135,20.345998810416365,1.3945922755163961e-24,0.07811150235685242,0.0870855544170411,,,
full,3,15,0.1,True,0.04912567138671875,61.21771862063467,0.9997419035142805,0.9999942814060849,26214,12878,0.04912567138671875,2.035564528653518,0.09999847412109375,533611.0277993478,0.9997361863963145,20.350585715691526,1.2206969537010722e-11,0.0838610023680511,0.06997222636520384,,,
no_T1T2,3,15,0.1,True,0.04898834228515625,61.229876172390966,0.9996876882457576,0.9999942976078332,26214,12842,0.04898834228515625,2.0412708300887714,0.09999847412109375,535106.9004827909,0.9996819876345149,20.40652818614408,5.469617939920825e-12,0.08178868180861375,0.08707224900513558,,,
no_T3,3,15,0.1,True,0.048671722412109375,61.258036453858864,0.9996015069754083,0.9999943344727409,26214,12759,0.048671722412109375,2.0545497296026336,0.09999847412109375,538587.8843169528,0.9995958437058222,20.53750708146556,1.344343096113298e-10,0.11223531851836034,0.11428517328814237,,,
no_T4,3,15,0.1,True,0.048793792724609375,61.247157838839286,0.9997251054815228,0.9999943200536647,26214,12791,0.048793792724609375,2.049409741224298,0.09999847412109375,537240.4672035024,0.9997194270965737,20.48865995596937,9.842726695960798e-12,0.08654999773954712,0.07661211610402754,,,
no_decomp,3,15,0.1,True,0.048992156982421875,61.229538002656,0.9996908205827723,0.9999942971426303,26214,12843,0.048992156982421875,2.0411118897453866,0.09999847412109375,535065.2352254146,0.9996851194886087,20.405003189536856,1.099184914702902e-11,0.0855695047308328,0.08471083108903019,,,
fixed_path,3,15,0.1,True,0.049098968505859375,61.22007992511112,0.9997206904014367,0.9999942845603806,26214,12871,0.049098968505859375,2.036671587289255,0.09999847412109375,533901.2365783545,0.9997149765581945,20.36122156902116,7.0265257401632674e-12,0.08054309188483504,0.08375879674210644,,,
fixed_plane,3,15,0.1,True,0.049304962158203125,61.20189731053592,0.999655295710245,0.9999942606928954,26214,12925,0.049304962158203125,2.0281624758220502,0.09999847412109375,531670.6240618955,0.9996495583815043,20.27482660211691,1.3193572774247787e-10,0.089199239099636,0.10264181572418246,,,
single_seg,3,15,0.1,True,0.049407958984375,61.19283447074254,0.9997138846253708,0.9999942486028375,26214,12952,0.049407958984375,2.0239345274861025,0.09999847412109375,530562.2927733168,0.9997081348737714,20.23374685827285,6.00831301344823e-13,0.08726897180502584,0.07782933836735685,,,
no_ga,3,15,0.1,True,0.06806182861328125,59.8017674778621,0.9994960043090305,0.9999920770142132,26214,12367,0.047176361083984375,2.1196733241691597,0.09999847412109375,385149.8047304114,0.9994880853163944,14.685001941328377,4.45364785937631e-12,0.09890869629847021,0.09438940370488813,,,
unconstrained,3,15,0.1,True,0.049098968505859375,61.22007992511112,0.9997098777741207,0.9999942844595082,26214,12871,0.049098968505859375,2.036671587289255,0.09999847412109375,533901.2365783545,0.9997041638918343,20.361001347157252,1.89663006447353e-10,0.0886991924199897,0.08438923396379848,,,
full,3,16,0.1,True,0.048778533935546875,61.24851617642766,0.9995371685040517,0.9999915419787313,26214,12787,0.048778533935546875,2.0500508328771407,0.09999847412109375,537408.5255337452,0.9995287143974216,20.49115940462952,1.920422544769656e-09,0.10411801457806179,0.09835360176980969,,,
no_T1T2,3,16,0.1,True,0.048831939697265625,61.243763852405976,0.999583260607807,0.9999915333097016,26214,12801,0.048831939697265625,2.047808764940239,0.09999847412109375,536820.780876494,0.9995747974459119,20.469692656953452,6.437350805097953e-08,0.09227674625687719,0.09110982199448796,,,
no_T3,3,16,0.1,True,0.048709869384765625,61.25463395852733,0.9995691768041581,0.9999915539332779,26214,12769,0.048709869384765625,2.0529407157960686,0.09999847412109375,538166.0910016446,0.9995607343761974,20.52070241618873,1.1270026516053906e-11,0.09228713190074879,0.0809212113500351,,,
no_T4,3,16,0.1,True,0.04877471923828125,61.248855827217255,0.9996373064468238,0.9999915427596426,26214,12786,0.04877471923828125,2.050211168465509,0.09999847412109375,537450.5565462224,0.999628852273853,20.494815098582585,1.072793435870648e-09,0.09801804980120132,0.0875694590689303,,,
no_decomp,3,16,0.1,True,0.048931121826171875,61.234951880809724,0.9996111736346313,0.9999915159388081,26214,12827,0.048931121826171875,2.0436579090979965,0.09999847412109375,535732.6589225852,0.999602692872266,20.42877121075133,5.451100730028887e-06,0.09577813017919243,0.0865940621386741,,,
fixed_path,3,16,0.1,True,0.04959869384765625,61.1761012111611,0.9996450101771737,0.9999913998086455,26214,13002,0.04959869384765625,2.0161513613290265,0.09999847412109375,528521.9824642363,0.9996364130387996,20.1544906829444,3.353820414706787e-10,0.08525319874052295,0.07291563321786769,,,
fixed_plane,3,16,0.1,True,0.048770904541015625,61.24919550457218,0.9995654200288432,0.9999915439236537,26214,12785,0.048770904541015625,2.050371529135706,0.09999847412109375,537492.5941337505,0.9995569676273384,20.494944209753694,3.061391306437392e-05,0.10901954620654299,0.09331701237295467,,,
single_seg,3,16,0.1,True,0.049304962158203125,61.20189731053592,0.9995852386537747,0.9999914510371383,26214,12925,0.049304962158203125,2.0281624758220502,0.09999847412109375,531670.6240618955,0.9995766932366923,20.273348756041738,2.66376187721869e-07,0.1055797222115219,0.09294561030734037,,,
no_ga,3,16,0.1,True,0.165374755859375,55.94611144815238,0.9987307881673444,0.9999713250958112,26214,11519,0.043941497802734375,2.2757183783314523,0.09999847412109375,158512.70566525188,0.9987021496576833,6.039024181580175,8.614089943936713e-10,0.0627761497580436,0.05618912409420939,,,
unconstrained,3,16,0.1,True,0.049182891845703125,61.2126630015557,0.9996515043688797,0.9999914722037703,26214,12893,0.049182891845703125,2.0331963080741486,0.09999847412109375,532990.2129837896,0.9996429795445497,20.32501428912793,3.414701349882744e-09,0.08279489172865508,0.0747003719094712,,,
full,3,17,0.1,True,0.04882049560546875,61.24478176986499,0.9997620641765855,0.9999894091757813,26214,12798,0.04882049560546875,2.0482887951242383,0.09999847412109375,536946.6179090483,0.9997514758723033,20.478109930541418,0.08518571249817289,0.09859691221477149,0.08750825628318233,,,
no_T1T2,3,17,0.1,True,0.04897308349609375,61.23122911471313,0.9997943498943694,0.999989376341186,26214,12838,0.04897308349609375,2.0419068390715065,0.09999847412109375,535273.626421561,0.999783728420312,20.414963834165313,0.3575434088880357,0.13312022222159947,0.10003723540891042,,,
no_T3,3,17,0.1,True,0.0489959716796875,61.229199859251075,0.9998024692228082,0.9999893717976027,26214,12844,0.0489959716796875,2.0409529741513546,0.09999847412109375,535023.5764559327,0.9997918431198081,20.40559272211141,0.31955989370372195,0.126481812336407,0.09298321470033248,,,
no_T4,3,17,0.1,True,0.0489959716796875,61.229199859251075,0.9998024439478199,0.9999893713470897,26214,12844,0.0489959716796875,2.0409529741513546,0.09999847412109375,535023.5764559327,0.9997918173946643,20.405592197065314,0.3311185366583909,0.09085308851991952,0.08809127264118997,,,
no_decomp,3,17,0.1,True,0.04871368408203125,61.25429385556156,0.9998122482170467,0.9999894324579822,26214,12770,0.04871368408203125,2.0527799530148787,0.09999847412109375,538123.9480031324,0.9998016826591039,20.524041683554277,0.09311456639858083,0.13643629184104006,0.08217621722125822,,,
fixed_path,3,17,0.1,True,0.04962158203125,61.17409754569579,0.9998137278455648,0.9999892356056154,26214,13008,0.04962158203125,2.015221402214022,0.09999847412109375,528278.1992619926,0.9998029654562871,20.148550782331867,0.2325642813913063,0.13111752356453824,0.10043305833428876,,,
fixed_plane,3,17,0.1,True,0.048801422119140625,61.246478829328986,0.9997990695177842,0.9999894134823055,26214,12793,0.048801422119140625,2.049089345735949,0.09999847412109375,537156.4774486047,0.9997884851272438,20.486871933494584,0.43253394839261,0.1199814474197536,0.10715189808652201,,,
single_seg,3,17,0.1,True,0.049388885498046875,61.19451134817912,0.9997607186065526,0.9999892859621236,26214,12947,0.049388885498046875,2.024716150459566,0.09999847412109375,530767.1905460724,0.9997500071323461,20.24240873327425,0.22871383027376901,0.15126567038013145,0.12346823092804811,,,
no_ga,3,17,0.1,True,0.08697509765625,58.73685435819118,0.9996066605904786,0.9999811329702137,26214,11565,0.044116973876953125,2.2666666666666666,0.09999847412109375,301396.6147368421,0.9995878009818387,11.49280458335891,0.0837471601860274,0.0633556578124345,0.0706387925376541,,,
unconstrained,3,17,0.1,True,0.0489654541015625,61.23190574396105,0.9998548341911802,0.9999893778344091,26214,12836,0.0489654541015625,2.042224992209411,0.09999847412109375,535357.0283577439,0.9998442135675645,20.41937998764846,0.2077987273032854,0.1236363088421731,0.07493592203756472,,,
full,3,18,0.1,True,0.04918670654296875,61.21232616944485,0.9998891127137588,0.9999833192527103,26214,12894,0.04918670654296875,2.03303862261517,0.09999847412109375,532948.8766868311,0.999872433816152,20.328102938599454,0.3885898748357563,0.10284441196911259,0.1065719915270872,,,
no_T1T2,3,18,0.1,True,0.049076080322265625,61.22210492273206,0.9998531216962186,0.9999833570651228,26214,12865,0.049076080322265625,2.0376214535561603,0.09999847412109375,534150.2383210261,0.9998364812058275,20.37319351179327,0.6269193018786864,0.12736361671294208,0.10741726413320299,,,
no_T3,3,18,0.1,True,0.04882049560546875,61.24478176986499,0.9998607222511314,0.9999834441467261,26214,12798,0.04882049560546875,2.0482887951242383,0.09999847412109375,536946.6179090483,0.9998441687037195,20.480008576392237,0.31258163367357183,0.14696208985561252,0.10588797097230596,,,
no_T4,3,18,0.1,True,0.04894256591796875,61.23393626444644,0.9998517004340606,0.9999834020112853,26214,12830,0.04894256591796875,2.0431800467653938,0.09999847412109375,535607.3901792674,0.9998351049068204,20.428743081893494,0.6038046356726134,0.11311124274188478,0.10719269453310039,,,
no_decomp,3,18,0.1,True,0.049037933349609375,61.22548201840693,0.9998571429695329,0.999983370590881,26214,12855,0.049037933349609375,2.0392065344224037,0.09999847412109375,534565.7577596266,0.999840515936042,20.389124248116513,0.7578845762271517,0.12396539304460445,0.10953284828457198,,,
fixed_path,3,18,0.1,True,0.049282073974609375,61.20391384585417,0.999869066504264,0.9999832883198488,26214,12919,0.049282073974609375,2.029104419846737,0.09999847412109375,531917.5490363031,0.9998523570122315,20.28835794385126,0.8828485480405767,0.14747188185035418,0.1072489160662769,,,
fixed_plane,3,18,0.1,True,0.048923492431640625,61.235629090357186,0.9998655020376271,0.9999834086422706,26214,12825,0.048923492431640625,2.0439766081871347,0.09999847412109375,535816.2039766082,0.9998489129114015,20.43698974083793,0.8941971852306202,0.12635621900380709,0.09584594018561797,,,
single_seg,3,18,0.1,True,0.049205780029296875,61.2106424006419,0.9998576354800541,0.9999833133887261,26214,12899,0.049205780029296875,2.0322505620590743,0.09999847412109375,532742.291340414,0.9998409512443617,20.319583403597328,0.7136749944127068,0.12997175076890613,0.12138081480199887,,,
no_ga,3,18,0.1,True,0.11992645263671875,57.34165373206395,0.9996856787548452,0.9999593291922682,26214,11988,0.0457305908203125,2.1866866866866865,0.09999847412109375,218583.96895476812,0.9996450207308122,8.335483946639673,0.239130478936174,0.10476375821316214,0.09272402986188483,,,
unconstrained,3,18,0.1,True,0.049343109130859375,61.1985384976701,0.99982264713654,0.9999832671808183,26214,12935,0.049343109130859375,2.0265945110166217,0.09999847412109375,531259.5914959413,0.9998059172849717,20.262321018998964,0.8464873593759137,0.15717628616557053,0.13094353075233103,,,
full,3,19,0.1,True,0.0489959716796875,61.229199859251075,0.9998160531423795,0.9999942673835707,26214,12844,0.0489959716796875,2.0409529741513546,0.09999847412109375,535023.5764559327,0.999810321580447,20.405969864558138,0.0,0.09448803471042766,0.08649389328505763,,,
no_T1T2,3,19,0.1,True,0.048919677734375,61.235967734734835,0.9997834652738211,0.9999942760050639,26214,12824,0.048919677734375,2.0441359950093574,0.09999847412109375,535857.986275733,0.9997777425183286,20.437128550742727,1.6083288627212532e-299,0.11079907691530194,0.10861184760067223,,,
no_T3,3,19,0.1,True,0.0489044189453125,61.23732257636774,0.9997715792062521,0.9999942778491647,26214,12820,0.0489044189453125,2.044773790951638,0.09999847412109375,536025.1806552262,0.9997658583624751,20.443262182103954,9.165338504616736e-246,0.10640308986224274,0.09421083638634582,,,
no_T4,3,19,0.1,True,0.04891204833984375,61.23664510271859,0.9997490028357005,0.9999942767414607,26214,12822,0.04891204833984375,2.044454843238184,0.09999847412109375,535941.5704258305,0.9997432810136828,20.439611812357736,1.106836512672e-311,0.09516161886753333,0.10442181238723139,,,
no_decomp,3,19,0.1,True,0.048954010009765625,61.23292088553388,0.9997535576070888,0.9999942718532978,26214,12833,0.048954010009765625,2.0427024078547493,0.09999847412109375,535482.1800046754,0.9997478308720449,20.422184631506376,6.486371998237675e-285,0.10127435975904574,0.10690053826113681,,,
fixed_path,3,19,0.1,True,0.0492706298828125,61.20492246474448,0.9998210511610189,0.9999942379008058,26214,12916,0.0492706298828125,2.029575720037163,0.09999847412109375,532041.0975534221,0.9998152900929457,20.292318009145646,8.643492504624665e-203,0.1045645757981117,0.09986718197260189,,,
fixed_plane,3,19,0.1,True,0.049129486083984375,61.2173813962047,0.9997634637443471,0.999994252202548,26214,12879,0.049129486083984375,2.035406475658048,0.09999847412109375,533569.5951549034,0.9997577173064576,20.349443826817613,1.4262476417628736e-294,0.09964833927712978,0.11341544489270225,,,
single_seg,3,19,0.1,True,0.049381256103515625,61.195182280486804,0.9997686814672186,0.9999942218997628,26214,12945,0.049381256103515625,2.025028968713789,0.09999847412109375,530849.1939745075,0.9997629047035631,20.245797365052983,5.736471932936454e-284,0.10532763138737457,0.09349824782636781,,,
no_ga,3,19,0.1,True,0.10606765747070312,57.87497383406652,0.9996202029333853,0.999987589425409,26214,12397,0.047290802001953125,2.114543841251916,0.09999847412109375,247144.1401186837,0.9996077970722941,9.42424694679804,0.0,0.09395082086241432,0.09194151479416035,,,
unconstrained,3,19,0.1,True,0.049030303955078125,61.22615775278187,0.9998384735031055,0.9999942652104253,26214,12853,0.049030303955078125,2.0395238465727847,0.09999847412109375,534648.9392359761,0.9998327396398513,20.392138310133756,1.4587650175464768e-238,0.09684608886491469,0.10010829442105072,,,
full,3,20,0.1,True,0.049121856689453125,61.21805587125173,0.9998431599325006,0.9999954618331768,26214,12877,0.049121856689453125,2.0357226061970954,0.09999847412109375,533652.4668789314,0.9998386224774438,20.354251444492277,0.0,0.49583062479591256,0.2661450596149652,,,
no_T1T2,3,20,0.1,True,0.048923492431640625,61.235629090357186,0.9998391816095401,0.9999954780429078,26214,12825,0.048923492431640625,2.0439766081871347,0.09999847412109375,535816.2039766082,0.9998346603796617,20.43669841797786,0.0,0.5449053651816742,0.33874641484409584,,,
no_T3,3,20,0.1,True,0.048892974853515625,61.23833898503619,0.9998293730269746,0.9999954840639845,26214,12817,0.048892974853515625,2.045252399157369,0.09999847412109375,536150.6449247093,0.9998248578614997,20.449253923636185,0.0,0.4905051436466378,0.26082462150079666,,,
no_T4,3,20,0.1,True,0.0489501953125,61.233259318794836,0.9999033639545338,0.999995476679028,26214,12832,0.0489501953125,2.042861596009975,0.09999847412109375,535523.9102244389,0.9998988410706777,20.426861112346614,0.0,0.47777299049331734,0.23522037500157916,,,
no_decomp,3,20,0.1,True,0.049045562744140625,61.22480638915555,0.9997622904000681,0.9999954686341298,26214,12857,0.049045562744140625,2.0388893209924555,0.09999847412109375,534482.6021622462,0.9997577601113471,20.38426524590721,0.0,0.507116953565486,0.3096594111568383,,,
fixed_path,3,20,0.1,True,0.049285888671875,61.20357769160506,0.9997007977019291,0.9999954477361174,26214,12920,0.049285888671875,2.028947368421053,0.09999847412109375,531876.3789473685,0.9996962468000943,20.283620195136525,0.0,0.554649478821854,0.36340178060895445,,,
fixed_plane,3,20,0.1,True,0.0486602783203125,61.2590577224865,0.9997223546038913,0.9999955071084244,26214,12756,0.0486602783203125,2.055032925682032,0.09999847412109375,538714.5512699906,0.9997178629597464,20.544844737199732,0.0,0.5152500530065716,0.3054367034505759,,,
single_seg,3,20,0.1,True,0.0494384765625,61.19015281284997,0.9999138913707323,0.9999954303061844,26214,12960,0.0494384765625,2.022685185185185,0.09999847412109375,530234.7851851851,0.9999093220704067,20.22532633679203,0.0,0.4771814583393681,0.22906666147975194,,,
no_ga,3,20,0.1,True,0.10815811157226562,57.79021264934035,0.9996077503180688,0.9999900100614243,26214,12428,0.0474090576171875,2.10926939169617,0.09999847412109375,242367.39731245372,0.9995977642980434,9.24200459648525,0.0,0.5009334768223703,0.26769205715774813,,,
unconstrained,3,20,0.1,True,0.048915863037109375,61.236306405520594,0.999761417345358,0.9999954809657068,26214,12823,0.048915863037109375,2.044295406691102,0.09999847412109375,535899.7750916323,0.999756899389228,20.43829623594243,0.0,0.5093625976089926,0.28842715621012105,,,
full,3,21,0.1,True,0.048679351806640625,61.25735574150339,0.999642465223017,0.9999711019670148,26214,12761,0.048679351806640625,2.054227725099914,0.09999847412109375,538503.4727685918,0.9996135775220836,20.53465258725406,1.5583476500507904e-30,0.08056933941872926,0.06644947265959013,,,
no_T1T2,3,21,0.1,True,0.048961639404296875,61.2322440981211,0.9995831824038304,0.9999709345602595,26214,12835,0.048961639404296875,2.0423841059602648,0.09999847412109375,535398.7390728476,0.9995541290790766,20.415046171663846,3.735494979562072e-34,0.08779442741798758,0.0735966302218751,,,
no_T3,3,21,0.1,True,0.0489349365234375,61.23461331563169,0.9995080484903225,0.999970951398352,26214,12828,0.0489349365234375,2.0434985968194574,0.09999847412109375,535690.8961646399,0.999479014179178,20.42465128570209,6.853103803838008e-21,0.11407389359968874,0.10050368995860265,,,
no_T4,3,21,0.1,True,0.049236297607421875,61.20794972764607,0.9995835324567109,0.999970771492146,26214,12907,0.049236297607421875,2.0309909351514683,0.09999847412109375,532412.0877043465,0.9995543161215817,20.30116732357449,5.891561365456928e-32,0.09083173668063611,0.07913351863734175,,,
no_decomp,3,21,0.1,True,0.0487518310546875,61.25089428997191,0.9995484006626935,0.9999710594812067,26214,12780,0.0487518310546875,2.051173708920188,0.09999847412109375,537702.8807511737,0.9995194732134193,20.502193488736978,1.3217101108858927e-28,0.10316751139471192,0.09436217960096162,,,
fixed_path,3,21,0.1,True,0.04926300048828125,61.20559500749751,0.9994973979232266,0.9999707559677906,26214,12914,0.04926300048828125,2.0298900418150843,0.09999847412109375,532123.4951215734,0.9994681685891285,20.28841440193809,1.3676641535986645e-28,0.11363630510699536,0.11005921079323039,,,
fixed_plane,3,21,0.1,True,0.048786163330078125,61.24783695452777,0.9995455919929588,0.999971039264226,26214,12789,0.048786163330078125,2.0497302369223553,0.09999847412109375,537324.4832277739,0.999516644417175,20.487707501297674,8.33758018143408e-27,0.10088356776924433,0.08954689390385977,,,
single_seg,3,21,0.1,True,0.049407958984375,61.19283447074254,0.9994641565612662,0.9999706693878623,26214,12952,0.049407958984375,2.0239345274861025,0.09999847412109375,530562.2927733168,0.9994348416657446,20.228215498272462,1.5901338003561992e-22,0.12844588926840364,0.11729276583433972,,,
no_ga,3,21,0.1,True,0.09043502807617188,58.56743683117169,0.9991718074013353,0.9999463159211888,26214,11642,0.04441070556640625,2.251674969936437,0.09999847412109375,289865.55937065004,0.9991181677832808,11.047911290984956,4.9401073762672824e-30,0.07718995392016607,0.0551950297281159,,,
unconstrained,3,21,0.1,True,0.049205780029296875,61.2106424006419,0.9996087460936807,0.9999707895632585,26214,12899,0.049205780029296875,2.0322505620590743,0.09999847412109375,532742.291340414,0.9995795470856366,20.314270935050555,2.615496143426379e-36,0.09305842202811539,0.07285100569319328,,,
full,3,22,0.1,True,0.0489501953125,61.233259318794836,0.9993929056476414,0.9999879226460127,26214,12832,0.0489501953125,2.042861596009975,0.09999847412109375,535523.9102244389,0.9993808356257474,20.416278816573872,8.891324347297308e-213,0.14715979806780996,0.12670346830921259,,,
no_T1T2,3,22,0.1,True,0.048763275146484375,61.249874938994566,0.9993833283263037,0.9999879712845684,26214,12783,0.048763275146484375,2.05069232574513,0.09999847412109375,537576.6890401314,0.9993713070286402,20.494343417798316,3.861576666847062e-190,0.1633389644200345,0.1381702681251433,,,
no_T3,3,22,0.1,True,0.048984527587890625,61.230214368460054,0.9995376440834284,0.9999879101670747,26214,12841,0.048984527587890625,2.0414297951872906,0.09999847412109375,535148.5722295771,0.9995255598403088,20.404923943522927,0.0,0.1409246445621277,0.12388797942450105,,,
no_T4,3,22,0.1,True,0.0489654541015625,61.23190574396105,0.9994759203043085,0.9999879147503485,26214,12836,0.0489654541015625,2.042224992209411,0.09999847412109375,535357.0283577439,0.999463841388291,20.411611813406992,1.4823888327120421e-297,0.13724476800007765,0.11361608112610108,,,
no_decomp,3,22,0.1,True,0.049076080322265625,61.22210492273206,0.9994787839224638,0.9999878942554115,26214,12865,0.049076080322265625,2.0376214535561603,0.09999847412109375,534150.2383210261,0.999466684487584,20.365658339550194,9.212115130748665e-218,0.14576866689620993,0.12531360935323152,,,
fixed_path,3,22,0.1,True,0.049388885498046875,61.19451134817912,0.99962407406971,0.9999878102586819,26214,12947,0.049388885498046875,2.024716150459566,0.09999847412109375,530767.1905460724,0.9996118889108317,20.239612188664637,0.0,0.12187961334464749,0.09665476072257481,,,
fixed_plane,3,22,0.1,True,0.048763275146484375,61.249874938994566,0.9994943811588785,0.9999879647625025,26214,12783,0.048763275146484375,2.05069232574513,0.09999847412109375,537576.6890401314,0.9994823520066238,20.496620643387654,3.8528323276214424e-299,0.1340813959522463,0.11133904098322167,,,
single_seg,3,22,0.1,True,0.049312591552734375,61.20122534011542,0.9996394450207607,0.9999878291367283,26214,12927,0.049312591552734375,2.0278486887909026,0.09999847412109375,531588.3666744024,0.9996272785457544,20.271237975330568,0.0,0.11811426685333772,0.08770808717498288,,,
no_ga,3,22,0.1,True,0.14405059814453125,56.54565294917012,0.9987298984383456,0.9999644510820154,26214,10764,0.0410614013671875,2.4353400222965442,0.09999847412109375,181977.72406122557,0.9986943946710972,6.9329416714331895,0.0,0.08328767419822901,0.053668820344670826,,,
unconstrained,3,22,0.1,True,0.04909515380859375,61.22041735915185,0.9994796572371073,0.9999878843215015,26214,12870,0.04909515380859375,2.036829836829837,0.09999847412109375,533942.7207459208,0.9994675478629145,20.357763859127882,1.0230101816779354e-264,0.14055910346514852,0.11864872964420264,,,
full,3,23,0.1,True,0.048961639404296875,61.2322440981211,0.9995813510250114,0.9999926128403358,26214,12835,0.048961639404296875,2.0423841059602648,0.09999847412109375,535398.7390728476,0.9995739669579741,20.41545134353184,1.5721330714422206e-15,0.09448583485773802,0.12208444777798444,,,
no_T1T2,3,23,0.1,True,0.04878997802734375,61.247497383409176,0.9996287204881373,0.999992638716939,26214,12790,0.04878997802734375,2.0495699765441753,0.09999847412109375,537282.4719311963,0.9996213619381699,20.488251939321312,1.0405513030630046e-14,0.0652362123935013,0.0974185082995499,,,
no_T3,3,23,0.1,True,0.0486907958984375,61.25633487298099,0.9996950542332125,0.9999926535170036,26214,12764,0.0486907958984375,2.0537449075524914,0.09999847412109375,538376.9050454403,0.9996877099904949,20.53134871887718,1.6605913590747316e-15,0.07358561226504244,0.098381695358189,,,
no_T4,3,23,0.1,True,0.048641204833984375,61.26076037072999,0.9996729045056583,0.999992660949632,26214,12751,0.048641204833984375,2.0558387577444908,0.09999847412109375,538925.7953101718,0.9996655678558606,20.551825787781876,2.5509325336947403e-14,0.08280627261407181,0.10218409896661076,,,
no_decomp,3,23,0.1,True,0.048572540283203125,61.26689543741832,0.9996346933027571,0.999992671665672,26214,12733,0.048572540283203125,2.0587449933244324,0.09999847412109375,539687.64753004,0.9996273676455187,20.580092410591917,9.49150655793149e-18,0.10548299234034057,0.11676499916786381,,,
fixed_path,3,23,0.1,True,0.049114227294921875,61.218730451063436,0.9996901827748781,0.9999925896197618,26214,12875,0.049114227294921875,2.0360388349514564,0.09999847412109375,533735.3643495146,0.9996827746905033,20.354240100075128,4.319009474964598e-18,0.07481913280692912,0.09898514976505093,,,
fixed_plane,3,23,0.1,True,0.048862457275390625,61.24105057168107,0.9996601934528248,0.9999926276150264,26214,12809,0.048862457275390625,2.046529783745804,0.09999847412109375,536485.50363026,0.9996528235730359,20.458504940489494,7.251383346417699e-18,0.10852314005602491,0.11201283296989006,,,
single_seg,3,23,0.1,True,0.049304962158203125,61.20189731053592,0.9996022959772666,0.9999925608257381,26214,12925,0.049304962158203125,2.0281624758220502,0.09999847412109375,531670.6240618955,0.9995948597615941,20.273717208305094,1.8973114929393513e-17,0.11909766391772449,0.12420888659239762,,,
no_ga,3,23,0.1,True,0.106658935546875,57.850831157459275,0.9991061140785638,0.9999839074976012,26214,12316,0.0469818115234375,2.1284507957128938,0.09999847412109375,245774.0635193133,0.9990900359610263,9.3671480109788,1.37541975505822e-15,0.06268598361211529,0.08609530842039938,,,
unconstrained,3,23,0.1,True,0.0489349365234375,61.23461331563169,0.9996014908618336,0.9999926173173408,26214,12828,0.0489349365234375,2.0434985968194574,0.09999847412109375,535690.8961646399,0.9995941111212409,20.427003325987414,5.717813960267748e-18,0.07620462462116172,0.11160102533348136,,,
full,3,24,0.1,True,0.04885101318359375,61.24206785331423,0.9995328108587355,0.9999887321650005,26214,12806,0.04885101318359375,2.0470092144307355,0.09999847412109375,536611.1835077307,0.9995215482879461,20.460610397813163,1.537298299099633e-38,0.07468268762873813,0.08197907054919586,,,
no_T1T2,3,24,0.1,True,0.048793792724609375,61.247157838839286,0.999471996267572,0.9999887444535803,26214,12791,0.048793792724609375,2.049409741224298,0.09999847412109375,537240.4672035024,0.9994607466641229,20.48335845309357,1.0742928387937591e-29,0.09096866365177855,0.09728267640605458,,,
no_T3,3,24,0.1,True,0.04872894287109375,61.25293370997606,0.9994335131894976,0.9999887598517746,26214,12774,0.04872894287109375,2.0521371535932365,0.09999847412109375,537955.4419915454,0.9994222794086679,20.509828872186148,4.99449044643508e-37,0.08794719223879804,0.10637567241811371,,,
no_T4,3,24,0.1,True,0.049213409423828125,61.20996907586242,0.9994659713858278,0.9999886475772923,26214,12901,0.049213409423828125,2.031935508875281,0.09999847412109375,532659.7020386016,0.9994546250256388,20.30858330538106,1.1391573422258072e-38,0.08873961291003947,0.10036019843328509,,,
no_decomp,3,24,0.1,True,0.04889678955078125,61.23800015571524,0.999521998502984,0.9999887218698298,26214,12818,0.04889678955078125,2.0450928381962865,0.09999847412109375,536108.8169761273,0.9995107257637769,20.441234178079227,6.768005600874041e-41,0.07541221845364317,0.08354065095435097,,,
fixed_path,3,24,0.1,True,0.04938507080078125,61.1948468013766,0.9995494378922699,0.999988608368957,26214,12946,0.04938507080078125,2.0248725475050207,0.09999847412109375,530808.1890931561,0.9995380513938642,20.23968043755547,1.1157655075356773e-33,0.08192655843484793,0.0887007534979957,,,
fixed_plane,3,24,0.1,True,0.0487823486328125,61.24817655219921,0.9994173176406577,0.9999887471053638,26214,12788,0.0487823486328125,2.049890522364717,0.09999847412109375,537366.5010947763,0.9994060713028846,20.48704294304218,1.7910058396691765e-44,0.09371590495722433,0.10832881942729933,,,
single_seg,3,24,0.1,True,0.049289703369140625,61.2032415633731,0.9994183254954964,0.9999886301615207,26214,12921,0.049289703369140625,2.0287903413048527,0.09999847412109375,531835.2152310193,0.9994069622705622,20.276181310847015,3.0429221062034918e-30,0.08672354887133879,0.10222012734790854,,,
no_ga,3,24,0.1,True,0.06838607788085938,59.78112664336885,0.9993800579926043,0.9999842250888737,26214,12383,0.047237396240234375,2.116934506985383,0.09999847412109375,383323.63563340215,0.9993642928610081,14.613563518031802,2.6794597325240205e-36,0.07274915336305073,0.07787367585388118,,,
unconstrained,3,24,0.1,True,0.048786163330078125,61.24783695452777,0.9994116551558957,0.9999887462810292,26214,12789,0.048786163330078125,2.0497302369223553,0.09999847412109375,537324.4832277739,0.9994004080579925,20.485324933142106,1.3525177394906898e-30,0.09550690680348828,0.10340183660266397,,,
full,3,25,0.1,True,0.049167633056640625,61.21401059130168,0.9995242413602772,0.9999895459814032,26214,12889,0.049167633056640625,2.033827294592288,0.09999847412109375,533155.6223136007,0.99951379231527,20.32869451258392,4.7946880475870346e-11,0.07895818437681996,0.09285337933755455,,,
no_T1T2,3,25,0.1,True,0.04918670654296875,61.21232616944485,0.9995289025528178,0.9999895410371069,26214,12894,0.04918670654296875,2.03303862261517,0.09999847412109375,532948.8766868311,0.9995184485171155,20.3209061709377,8.813788665937992e-34,0.08626207858432142,0.09803597937844286,,,
no_T3,3,25,0.1,True,0.048770904541015625,61.24919550457218,0.9994405745788343,0.9999896298211987,26214,12785,0.048770904541015625,2.050371529135706,0.09999847412109375,537492.5941337505,0.9994302102013746,20.492345171922498,9.073495669740046e-44,0.09653749977107366,0.11077622451415291,,,
no_T4,3,25,0.1,True,0.0489959716796875,61.229199859251075,0.9995494007395181,0.9999895819717857,26214,12844,0.0489959716796875,2.0409529741513546,0.09999847412109375,535023.5764559327,0.9995389874056596,20.400431977146468,2.4541876848393785e-32,0.08593080212127688,0.09514462992925402,,,
no_decomp,3,25,0.1,True,0.048740386962890625,61.251913880261604,0.999594053708841,0.99998963660995,26214,12777,0.048740386962890625,2.0516553181498005,0.09999847412109375,537829.1317210613,0.9995836945257708,20.508324960300826,2.846493892612001e-33,0.07556536297474437,0.08185012298605893,,,
fixed_path,3,25,0.1,True,0.04936981201171875,61.196188873333824,0.9996179414361083,0.9999895020925267,26214,12942,0.04936981201171875,2.0254983773759854,0.09999847412109375,530972.2466388503,0.9996074475394504,20.247341579955314,1.0229197469980682e-41,0.07741496499037996,0.08676689356587537,,,
fixed_plane,3,25,0.1,True,0.04860687255859375,61.26382682073549,0.9994765182168198,0.9999896650106072,26214,12742,0.04860687255859375,2.0572908491602573,0.09999847412109375,539306.4523622665,0.9994661886376056,20.56224019417803,4.7937978395272473e-48,0.09521072402003601,0.09994454439097222,,,
single_seg,3,25,0.1,True,0.049388885498046875,61.19451134817912,0.9993542771300796,0.9999894980906266,26214,12947,0.049388885498046875,2.024716150459566,0.09999847412109375,530767.1905460724,0.9993437820020293,20.234183701949483,2.7064949588960087e-49,0.10717185303280789,0.12545023262931104,,,
no_ga,3,25,0.1,True,0.10544967651367188,57.90035109068771,0.9991456288050538,0.999977578200389,26214,12348,0.0471038818359375,2.122934888241011,0.09999847412109375,248592.51224541475,0.9991232261619825,9.474881850703857,1.495228606502559e-43,0.04766884161872685,0.05130643514990262,,,
unconstrained,3,25,0.1,True,0.049312591552734375,61.20122534011542,0.9994504657495055,0.9999895148632754,26214,12927,0.049312591552734375,2.0278486887909026,0.09999847412109375,531588.3666744024,0.9994399863747225,20.267439915542298,1.5095173983952911e-37,0.1024623129170021,0.10815825601323434,,,
full,3,26,0.1,True,0.0489044189453125,61.23732257636774,0.9998444129370315,0.9999863207317471,26214,12820,0.0489044189453125,2.044773790951638,0.09999847412109375,536025.1806552262,0.9998307357970958,20.44458879912589,0.8392228148334601,0.07762526253188429,0.11023565969368812,,,
no_T1T2,3,26,0.1,True,0.048961639404296875,61.2322440981211,0.9998133666143364,0.9999863052776182,26214,12835,0.048961639404296875,2.0423841059602648,0.09999847412109375,535398.7390728476,0.999799674447847,20.420061227772216,0.9499101035952126,0.13277849764349012,0.14181497245711255,,,
no_T3,3,26,0.1,True,0.049053192138671875,61.22413086499507,0.999863332717239,0.9999862793212612,26214,12859,0.049053192138671875,2.0385722062368767,0.09999847412109375,534399.4724317598,0.9998496139136681,20.382967352810063,0.7900121102127727,0.05058636421223051,0.09818343003843151,,,
no_T4,3,26,0.1,True,0.048992156982421875,61.229538002656,0.9998622438209719,0.9999862962998955,26214,12843,0.048992156982421875,2.0411118897453866,0.09999847412109375,535065.2352254146,0.9998485420086368,20.408338876922222,0.9559612618829525,0.07682595911581103,0.0878817541833682,,,
no_decomp,3,26,0.1,True,0.048854827880859375,61.24172873295962,0.9998581592205673,0.9999863352816692,26214,12807,0.048854827880859375,2.046849379245725,0.09999847412109375,536569.2836729913,0.9998444964404508,20.46562314944058,0.9653546329668349,0.07134670454421646,0.09731357659193376,,,
fixed_path,3,26,0.1,True,0.049411773681640625,61.192499172937396,0.9998740183787904,0.9999861793361878,26214,12953,0.049411773681640625,2.0237782753030187,0.09999847412109375,530521.3322010345,0.9998601994561279,20.235262265593082,0.7928426730974435,0.05848420481135366,0.08879487867885161,,,
fixed_plane,3,26,0.1,True,0.048801422119140625,61.246478829328986,0.9998351710250757,0.9999863494522482,26214,12793,0.048801422119140625,2.049089345735949,0.09999847412109375,537156.4774486047,0.9998215227273297,20.48754891376793,0.9630830074429896,0.08224733243007219,0.12163703020521194,,,
single_seg,3,26,0.1,True,0.0493621826171875,61.1968600648689,0.9999044301301584,0.9999861930122306,26214,12940,0.0493621826171875,2.0258114374034,0.09999847412109375,531054.3134466769,0.999890624461921,20.256207717074638,0.724790717448715,0.026334631801094726,0.05245930268677988,,,
no_ga,3,26,0.1,True,0.06885147094726562,59.75167137880536,0.9997924497839994,0.9999807426273729,26214,12421,0.047382354736328125,2.11045809516142,0.09999847412109375,380732.6065710012,0.9997731964082441,14.520723851694983,0.986101040575754,0.04585417541002688,0.08065879306665961,,,
unconstrained,3,26,0.1,True,0.048839569091796875,61.24308537328898,0.9998520436175138,0.9999863389733104,26214,12803,0.048839569091796875,2.0474888697961413,0.09999847412109375,536736.9222838397,0.9998383846120602,20.47189201716347,0.7666775607634241,0.049620880550321975,0.10981306429401014,,,
full,3,27,0.1,True,0.049068450927734375,61.22278013181599,0.9993884845407098,0.9999880519146789,26214,12863,0.049068450927734375,2.0379382725647206,0.09999847412109375,534233.2905232061,0.9993765437618276,20.366987847928208,0.0,0.06889081718734023,0.08901687023595437,,,
no_T1T2,3,27,0.1,True,0.0489349365234375,61.23461331563169,0.9993355645883745,0.9999880827686083,26214,12828,0.0489349365234375,2.0434985968194574,0.09999847412109375,535690.8961646399,0.9993236552752133,20.421476480235853,0.0,0.065901080220048,0.08696289735281702,,,
no_T3,3,27,0.1,True,0.049091339111328125,61.22075481941225,0.9993883688740657,0.9999880480478124,26214,12869,0.049091339111328125,2.036988110964333,0.09999847412109375,533984.2113606341,0.9993764242320641,20.357489576026904,0.0,0.06763252991001416,0.08541200067023338,,,
no_T4,3,27,0.1,True,0.049022674560546875,61.22683359231311,0.9993418503610706,0.9999880677521369,26214,12851,0.049022674560546875,2.0398412574896896,0.09999847412109375,534732.1466033772,0.9993299259664121,20.385055179561057,0.0,0.08218330539000201,0.09974309049818057,,,
no_decomp,3,27,0.1,True,0.048709869384765625,61.25463395852733,0.9993993300410413,0.999988144882454,26214,12769,0.048709869384765625,2.0529407157960686,0.09999847412109375,538166.0910016446,0.9993874820445083,20.517145594257624,0.0,0.07494408240568742,0.0919147519592539,,,
fixed_path,3,27,0.1,True,0.049228668212890625,61.208622739396844,0.9994104812411398,0.9999880108902311,26214,12905,0.049228668212890625,2.031305695466873,0.09999847412109375,532494.600232468,0.9993984991991761,20.301148405584566,0.0,0.07176794792009233,0.09299417052165708,,,
fixed_plane,3,27,0.1,True,0.04865264892578125,61.25973870168336,0.9993856521847846,0.9999881532031578,26214,12754,0.04865264892578125,2.055355182687784,0.09999847412109375,538799.0290105065,0.9993738126659961,20.540994883763123,0.0,0.06519469480932447,0.08468490296862596,,,
single_seg,3,27,0.1,True,0.049072265625,61.22244251415196,0.9992767474308321,0.9999880488868353,26214,12864,0.049072265625,2.0377798507462686,0.09999847412109375,534191.7611940298,0.9992648049613407,20.36312756776941,0.0,0.07885867118157572,0.09951353123248495,,,
no_ga,3,27,0.1,True,0.1060638427734375,57.875130029819715,0.9985704911087389,0.9999741691055131,26214,12319,0.046993255615234375,2.127932462050491,0.09999847412109375,247153.02891670263,0.9985446971397453,9.414562691950849,0.0,0.050220241893977696,0.06226253576412144,,,
unconstrained,3,27,0.1,True,0.04900360107421875,61.2285236514149,0.9993464678406643,0.9999880683827075,26214,12846,0.04900360107421875,2.0406352171882296,0.09999847412109375,534940.2783745913,0.9993345440210674,20.393083816585605,0.0,0.07478180046814129,0.09572344749520907,,,
full,3,28,0.1,True,0.0491180419921875,61.21839314805996,0.9996405884714804,0.9999890078828833,26214,12876,0.0491180419921875,2.0358807082945014,0.09999847412109375,533693.9123951538,0.9996296003050573,20.35157672742847,0.37491791364903343,0.10274987768895898,0.11715261597693812,,,
no_T1T2,3,28,0.1,True,0.048877716064453125,61.23969456673086,0.9997688879143496,0.9999890615643177,26214,12813,0.048877716064453125,2.045890892062749,0.09999847412109375,536318.0220088973,0.999757952006672,20.454268990153516,0.002187216948307269,0.04167352098340593,0.0785077232200383,,,
no_T3,3,28,0.1,True,0.04888153076171875,61.2393556316373,0.9997826461903404,0.9999890605270747,26214,12814,0.04888153076171875,2.0457312314655844,0.09999847412109375,536276.1679413142,0.9997717090951512,20.45295418363035,0.005314807957154186,0.04004056316018288,0.07568250388417501,,,
no_T4,3,28,0.1,True,0.049213409423828125,61.20996907586242,0.9996612212581928,0.9999889865871828,26214,12901,0.049213409423828125,2.031935508875281,0.09999847412109375,532659.7020386016,0.9996502115764857,20.312557558600595,0.08433871294485029,0.08580512067227446,0.11716915368551889,,,
no_decomp,3,28,0.1,True,0.048915863037109375,61.236306405520594,0.9996991748065611,0.9999890534064004,26214,12823,0.048915863037109375,2.044295406691102,0.09999847412109375,535899.7750916323,0.9996882315059726,20.436892440138944,0.03043430032699873,0.08915257663756099,0.10351491901232304,,,
fixed_path,3,28,0.1,True,0.04958343505859375,61.177437501885194,0.9997368936271546,0.9999889036673895,26214,12998,0.04958343505859375,2.0167718110478536,0.09999847412109375,528684.6296353285,0.9997258002140599,20.162495781759848,0.0018951715564309477,0.07218911410105082,0.1001301103134925,,,
fixed_plane,3,28,0.1,True,0.04914093017578125,61.2163698799968,0.9997414093951922,0.9999890026809427,26214,12882,0.04914093017578125,2.0349324639031208,0.09999847412109375,533445.3358174197,0.9997304149199383,20.344149191800366,0.011187124480700505,0.06738307710262532,0.08888385842025795,,,
single_seg,3,28,0.1,True,0.049205780029296875,61.2106424006419,0.9997293681484997,0.9999889882717679,26214,12899,0.049205780029296875,2.0322505620590743,0.09999847412109375,532742.291340414,0.9997183594003919,20.317091992143293,0.013259814751837552,0.0643880981879001,0.08451400331988257,,,
no_ga,3,28,0.1,True,0.10600662231445312,57.87747364048531,0.9994193504359197,0.9999762767656479,26214,12428,0.0474090576171875,2.10926939169617,0.09999847412109375,247286.4376551873,0.9993956409764533,9.427671773296318,0.0011502407613539834,0.025941572036660532,0.0655406599578915,,,
unconstrained,3,28,0.1,True,0.04901885986328125,61.22717155152259,0.9997939544286444,0.9999890299814297,26214,12850,0.04901885986328125,2.04,0.09999847412109375,534773.76,0.9997829866703978,20.39588414457002,0.004793131462408136,0.03364789004576406,0.06376687605803284,,,
full,4,0,0.1,True,0.049083709716796875,61.221429818608364,0.9985805409326574,0.9999799758112078,26214,12867,0.049083709716796875,2.0373047330380043,0.09999847412109375,534067.2119375146,0.9985605451673815,20.344031674233158,0.0,0.07910225774146307,0.09191065001424324,,,
no_T1T2,4,0,0.1,True,0.049163818359375,61.2143475540841,0.9976911242938448,0.9999801064876955,26214,12888,0.049163818359375,2.0339851024208566,0.09999847412109375,533196.990689013,0.9976712767131876,20.292794782953276,0.0,0.09988630193955916,0.12355770793387222,,,
no_T3,4,0,0.1,True,0.0485992431640625,61.26450854820241,0.9979615096387648,0.9999801526225351,26214,12740,0.0485992431640625,2.057613814756672,0.09999847412109375,539391.115855573,0.9979417027199876,20.534099663879783,0.0,0.10189425750059605,0.12711207635289187,,,
no_T4,4,0,0.1,True,0.0488739013671875,61.24003352827788,0.9979477810573206,0.9999800518415697,26214,12812,0.0488739013671875,2.0460505775835154,0.09999847412109375,536359.882610053,0.9979278738368789,20.41842058687908,0.0,0.09612549009890456,0.12090501335147567,,,
no_decomp,4,0,0.1,True,0.048816680908203125,61.245121128710174,0.9982587641330396,0.9999801039503632,26214,12797,0.048816680908203125,2.0484488552004376,0.09999847412109375,536988.5766976635,0.998238902727118,20.4487253978665,0.0,0.08887452540381237,0.10740816399467273,,,
fixed_path,4,0,0.1,True,0.04941558837890625,61.192163901016976,0.9982635408063698,0.9999798240426588,26214,12954,0.04941558837890625,2.0236220472440944,0.09999847412109375,530480.3779527559,0.9982433998837552,20.20098176772635,0.0,0.09936865747969492,0.11871555735603621,,,
fixed_plane,4,0,0.1,True,0.048374176025390625,61.28466780270891,0.9976616571721731,0.9999802737394375,26214,12681,0.048374176025390625,2.067187130352496,0.09999847412109375,541900.7030991247,0.9976419770383705,20.6234412450711,0.0,0.1035245832387959,0.12460620851022783,,,
single_seg,4,0,0.1,True,0.04931640625,61.200889393890606,0.9985660639572356,0.9999798485458748,26214,12928,0.04931640625,2.0276918316831685,0.09999847412109375,531547.2475247525,0.9985459413990068,20.24774344539768,0.0,0.09014987180479922,0.10080358225116252,,,
no_ga,4,0,0.1,True,0.09520339965820312,58.344279038023856,0.9977325960140465,0.9999611222367013,26214,12512,0.0477294921875,2.095108695652174,0.09999847412109375,275347.31001322274,0.9976938064023433,10.479602724106899,0.0,0.07662294490775967,0.07859518571066483,,,
unconstrained,4,0,0.1,True,0.0492095947265625,61.21030572520323,0.998106277953408,0.9999799584416308,26214,12900,0.0492095947265625,2.032093023255814,0.09999847412109375,532700.9934883721,0.9980862743481798,20.28235103121932,0.0,0.09590111371748239,0.11577801614544372,,,
full,4,1,0.1,True,0.049083709716796875,61.221429818608364,0.9997554339836929,0.9999889093579298,26214,12867,0.049083709716796875,2.0373047330380043,0.09999847412109375,534067.2119375146,0.999744346054017,20.368149673737797,7.320303173059762e-05,0.0803475241450604,0.11182493061531489,,,
no_T1T2,4,1,0.1,True,0.049091339111328125,61.22075481941225,0.9997600274239026,0.9999889075330847,26214,12869,0.049091339111328125,2.036988110964333,0.09999847412109375,533984.2113606341,0.9997489376188751,20.365077745214265,0.0006761660231870094,0.10059173233261341,0.09740771519153457,,,
no_T3,4,1,0.1,True,0.04875946044921875,61.25021469607035,0.999811021461512,0.9999889829595673,26214,12782,0.04875946044921875,2.0508527616961354,0.09999847412109375,537618.7463620717,0.9998000065030636,20.504738922292216,3.46612759260009e-06,0.0589656423024543,0.08644536589633997,,,
no_T4,4,1,0.1,True,0.04903411865234375,61.22581987245191,0.9997908018577464,0.9999889204726241,26214,12854,0.04903411865234375,2.03936517815466,0.09999847412109375,534607.3452621752,0.999779724648187,20.389470681357892,5.939350548607612e-05,0.0651443501434303,0.09732440694455069,,,
no_decomp,4,1,0.1,True,0.04888153076171875,61.2393556316373,0.9997759949091201,0.9999889555382765,26214,12814,0.04888153076171875,2.0457312314655844,0.09999847412109375,536276.1679413142,0.9997649529214122,20.452815968365123,0.00015037584506327411,0.09682711676195913,0.08578953002520572,,,
fixed_path,4,1,0.1,True,0.049503326416015625,61.184459781852105,0.9998063454461856,0.9999888145896292,26214,12977,0.049503326416015625,2.0200354473298914,0.09999847412109375,529540.172304847,0.9997951622019204,20.196524851680685,0.000248192029077625,0.06183288755197453,0.0989523937093627,,,
fixed_plane,4,1,0.1,True,0.04892730712890625,61.23529047238351,0.9998083125559211,0.9999889452847397,26214,12826,0.04892730712890625,2.0438172462186186,0.09999847412109375,535774.4281927336,0.9997972599597109,20.434340629571064,6.164413957686291e-06,0.07231878137825494,0.08546307020274695,,,
single_seg,4,1,0.1,True,0.049449920654296875,61.189147617886796,0.9998229763831263,0.999988826724576,26214,12963,0.049449920654296875,2.0222170793797734,0.09999847412109375,530112.0740569313,0.9998118050856359,20.218673596572472,6.214910419883737e-07,0.06695088851698931,0.09395795304792563,,,
no_ga,4,1,0.1,True,0.06935882568359375,59.71978629390711,0.9997833342617141,0.999984328532494,26214,12449,0.047489166259765625,2.1057113021126197,0.09999847412109375,377947.57540424593,0.9997676661896782,14.41442608544863,9.519457393678727e-06,0.049891017656694174,0.0718252186065969,,,
unconstrained,4,1,0.1,True,0.0489959716796875,61.229199859251075,0.9998197282854109,0.9999889292119415,26214,12844,0.0489959716796875,2.0409529741513546,0.09999847412109375,535023.5764559327,0.9998086594931023,20.40593594161942,2.0407170920908408e-05,0.07452512778457109,0.08506208745268495,,,
full,4,2,0.1,True,0.04912567138671875,61.21771862063467,0.999881201268568,0.9999919238978624,26214,12878,0.04912567138671875,2.035564528653518,0.09999847412109375,533611.0277993478,0.9998731261258611,20.35337325478628,9.479965023615709e-18,0.19702010482270232,0.1776435538771832,,,
no_T1T2,4,2,0.1,True,0.048992156982421875,61.229538002656,0.9998820017780761,0.9999919458767887,26214,12843,0.048992156982421875,2.0411118897453866,0.09999847412109375,535065.2352254146,0.999873948605237,20.40885746189919,3.194155615148846e-14,0.1630422562766246,0.17879661022700244,,,
no_T3,4,2,0.1,True,0.048435211181640625,61.279191632300574,0.9999376007800455,0.9999920374328447,26214,12697,0.048435211181640625,2.0645821847680557,0.09999847412109375,541217.8322438372,0.9999296387097482,20.644684193898417,1.0740593227361632e-07,0.13415727265572758,0.13504950389443188,,,
no_T4,4,2,0.1,True,0.048961639404296875,61.2322440981211,0.9998699213915467,0.9999919508731037,26214,12835,0.048961639404296875,2.0423841059602648,0.09999847412109375,535398.7390728476,0.9998618733116696,20.42133158686516,1.7067239392410772e-10,0.16699917941906867,0.18950095957391203,,,
no_decomp,4,2,0.1,True,0.048961639404296875,61.2322440981211,0.9999011361278167,0.9999919509536863,26214,12835,0.048961639404296875,2.0423841059602648,0.09999847412109375,535398.7390728476,0.9998930878772629,20.421969117919534,4.038417320176651e-18,0.14420760347887118,0.15189089610093215,,,
fixed_path,4,2,0.1,True,0.049083709716796875,61.221429818608364,0.9999127285706993,0.9999919308707015,26214,12867,0.049083709716796875,2.0373047330380043,0.09999847412109375,534067.2119375146,0.9999046601456053,20.37141581015074,3.4223058375599845e-21,0.12211375566026807,0.14833235967320796,,,
fixed_plane,4,2,0.1,True,0.048954010009765625,61.23292088553388,0.9999060905703644,0.9999919521619482,26214,12833,0.048954010009765625,2.0427024078547493,0.09999847412109375,535482.1800046754,0.9998980434880805,20.42525307505177,3.7482254788791824e-16,0.15069469080283926,0.1491495516522651,,,
single_seg,4,2,0.1,True,0.049381256103515625,61.195182280486804,0.9999181999401181,0.9999918818582862,26214,12945,0.049381256103515625,2.025028968713789,0.09999847412109375,530849.1939745075,0.9999100824624688,20.248777802784197,6.166756057800939e-15,0.12901180093103978,0.1387444074523689,,,
no_ga,4,2,0.1,True,0.12543869018554688,57.14648850350245,0.9996646703381412,0.9999793787708636,26214,11385,0.043430328369140625,2.3025032938076415,0.09999847412109375,208978.58516558708,0.9996440560239146,7.969184424241495,1.0769762585232925e-16,0.08246428049211599,0.11567673858084493,,,
unconstrained,4,2,0.1,True,0.0490570068359375,61.22379314231368,0.999856371285553,0.9999919351805713,26214,12860,0.0490570068359375,2.0384136858475896,0.09999847412109375,534357.9172628305,0.999848307624464,20.381355735140552,4.0448047927362886e-14,0.21003208734000972,0.21430264199941612,,,
full,4,3,0.1,True,0.049221038818359375,61.20929585545817,0.9996387821094487,0.999993620840694,26214,12903,0.049221038818359375,2.0316205533596836,0.09999847412109375,532577.1383399209,0.9996324052544091,20.309047294661074,1.3024171299697313e-66,0.180228154657633,0.16098762039920264,,,
no_T1T2,4,3,0.1,True,0.048854827880859375,61.24172873295962,0.9997058037237833,0.9999936685817818,26214,12807,0.048854827880859375,2.046849379245725,0.09999847412109375,536569.2836729913,0.9996994741682448,20.462654716667476,6.135759042920577e-64,0.16231629799999553,0.1326508753948711,,,
no_T3,4,3,0.1,True,0.049030303955078125,61.22615775278187,0.9996537818312513,0.9999936457657271,26214,12853,0.049030303955078125,2.0395238465727847,0.09999847412109375,534648.9392359761,0.9996474297969298,20.38835881402679,5.46397945683951e-63,0.19669365119902538,0.14918362776710267,,,
no_T4,4,3,0.1,True,0.04906463623046875,61.22311777572823,0.9996118668712088,0.9999936412596515,26214,12862,0.04906463623046875,2.0380967190172603,0.09999847412109375,534274.8263100607,0.9996055105988981,20.373237985572814,1.3948792891930864e-60,0.20892104578634665,0.16077185835997918,,,
no_decomp,4,3,0.1,True,0.048877716064453125,61.23969456673086,0.999671409552179,0.9999936653505831,26214,12813,0.048877716064453125,2.045890892062749,0.09999847412109375,536318.0220088973,0.9996650769842674,20.452368839535144,1.5617939692490592e-66,0.17161030918690345,0.14743718431154534,,,
fixed_path,4,3,0.1,True,0.0491943359375,61.21165258358556,0.9996822999527731,0.9999936245784637,26214,12896,0.0491943359375,2.032723325062035,0.09999847412109375,532866.2233250621,0.9996759265567086,20.320955807326442,4.2899010191060556e-67,0.20497893619465746,0.16322200316536614,,,
fixed_plane,4,3,0.1,True,0.048770904541015625,61.24919550457218,0.9996916642349427,0.9999936793591043,26214,12785,0.048770904541015625,2.050371529135706,0.09999847412109375,537492.5941337505,0.9996853455429267,20.49757647414978,4.591599508775132e-71,0.2011144027767807,0.160115441757367,,,
single_seg,4,3,0.1,True,0.0491943359375,61.21165258358556,0.9997734692870182,0.9999936243469995,26214,12896,0.0491943359375,2.032723325062035,0.09999847412109375,532866.2233250621,0.9997670950782989,20.322809039408,2.9404640241802897e-71,0.1590890447667026,0.1193515153394812,,,
no_ga,4,3,0.1,True,0.08828353881835938,58.672006274693366,0.9995506525522593,0.9999885583381919,26214,11541,0.044025421142578125,2.271380296334806,0.09999847412109375,296929.6468046494,0.9995392160317327,11.321920591428187,5.29934904052361e-66,0.16757532894180122,0.13559135420716764,,,
unconstrained,4,3,0.1,True,0.04903411865234375,61.22581987245191,0.9996806965307146,0.9999936452649774,26214,12854,0.04903411865234375,2.03936517815466,0.09999847412109375,534607.3452621752,0.9996743438247808,20.38732154874773,1.0913919639292265e-64,0.1853800241396297,0.14461357465030103,,,
full,4,4,0.1,True,0.049129486083984375,61.2173813962047,0.9997068428225678,0.9999893333969327,26214,12879,0.049129486083984375,2.035406475658048,0.09999847412109375,533569.5951549034,0.9996961793464918,20.348191260082828,3.6134590164222285e-68,0.06531837132207245,0.09943921721755943,,,
no_T1T2,4,4,0.1,True,0.048938751220703125,61.2342747768453,0.99962672065407,0.9999893753161944,26214,12829,0.048938751220703125,2.0433393093771923,0.09999847412109375,535649.1399173747,0.9996160999362393,20.42586038675544,4.7421849648905086e-63,0.0716887221018674,0.10906239967480633,,,
no_T3,4,4,0.1,True,0.049060821533203125,61.22345544589277,0.9998053697888084,0.999989350474644,26214,12861,0.049060821533203125,2.0382551901096337,0.09999847412109375,534316.3685560998,0.9997947223361717,20.378678772419985,8.183973831875279e-61,0.04440852549263005,0.05192856426222778,,,
no_T4,4,4,0.1,True,0.048969268798828125,61.23156741615976,0.999596316591698,0.9999893681048828,26214,12837,0.048969268798828125,2.0420659032484227,0.09999847412109375,535315.3241411545,0.9995856889885005,20.4125099987693,6.448156093913629e-69,0.0968378378128079,0.13174250773309765,,,
no_decomp,4,4,0.1,True,0.049102783203125,61.21974251728599,0.9996609290498837,0.9999893392468202,26214,12872,0.049102783203125,2.036513362336855,0.09999847412109375,533859.7588564325,0.9996502719114556,20.358322007454678,1.0294277375915993e-46,0.07958603120681874,0.117798137904324,,,
fixed_path,4,4,0.1,True,0.049396514892578125,61.193840519506324,0.9997738291977151,0.9999892759865164,26214,12949,0.049396514892578125,2.0244034288362034,0.09999847412109375,530685.2124488377,0.9997631076096902,20.23954746167539,2.1926402815171977e-42,0.06005009416376621,0.0701011245482659,,,
fixed_plane,4,4,0.1,True,0.04885101318359375,61.24206785331423,0.9997565875789906,0.9999893940513818,26214,12806,0.04885101318359375,2.0470092144307355,0.09999847412109375,536611.1835077307,0.9997459842119919,20.46520469196224,5.9694760088010475e-55,0.05873879380035069,0.06679530248625508,,,
single_seg,4,4,0.1,True,0.0493316650390625,61.19954586880054,0.9997604675707416,0.9999892899944496,26214,12932,0.0493316650390625,2.0270646458397774,0.09999847412109375,531382.8345190226,0.9997497601305848,20.26588316731148,6.175803150544241e-62,0.061207813428031194,0.06800172869471166,,,
no_ga,4,4,0.1,True,0.06969070434570312,59.69905507025206,0.9995084675536111,0.999984870219995,26214,12453,0.047504425048828125,2.1050349313418453,0.09999847412109375,376147.7265312825,0.9994933452103839,14.341845940491044,3.040048170133012e-63,0.04989639421918407,0.07823084364631377,,,
unconstrained,4,4,0.1,True,0.049007415771484375,61.228185586975464,0.9996436877117656,0.9999893602293103,26214,12847,0.049007415771484375,2.0404763758075815,0.09999847412109375,534898.6390597026,0.9996330517321569,20.397587507844207,1.7318310048469008e-59,0.09709484306791087,0.12477572294808804,,,
full,4,5,0.1,True,0.049182891845703125,61.2126630015557,0.9996412578687428,0.9999925334222931,26214,12893,0.049182891845703125,2.0331963080741486,0.09999847412109375,532990.2129837896,0.9996337939696119,20.324827525507636,2.7445810752549413e-62,0.100980853715694,0.08881437128577968,,,
no_T1T2,4,5,0.1,True,0.0488128662109375,61.24546051407503,0.999751429876465,0.9999925897915468,26214,12796,0.0488128662109375,2.0486089402938417,0.09999847412109375,537030.5420443888,0.9997440215099683,20.481157922374894,1.3951297684756765e-64,0.0925806478026082,0.06774680180394789,,,
no_T3,4,5,0.1,True,0.0485382080078125,61.26996622384247,0.9996458201341482,0.9999926311545102,26214,12724,0.0485382080078125,2.0602011945928953,0.09999847412109375,540069.38195536,0.9996384538985551,20.59487762172138,4.216954879369066e-62,0.09033949807888537,0.09321708944443641,,,
no_T4,4,5,0.1,True,0.049041748046875,61.22514419064284,0.9996310454412382,0.9999925548676104,26214,12856,0.049041748046875,2.039047915370255,0.09999847412109375,534524.1767268202,0.9996236030557641,20.3831152613138,2.723084745371768e-59,0.10216113550396169,0.0986021012748807,,,
no_decomp,4,5,0.1,True,0.0488433837890625,61.24274617347477,0.9997406038884429,0.9999925849236979,26214,12804,0.0488433837890625,2.047328959700094,0.09999847412109375,536695.0028116214,0.9997331907355828,20.468139452685772,4.5075692815332126e-71,0.06160998656870247,0.069762347478923,,,
fixed_path,4,5,0.1,True,0.049533843994140625,61.1817832885425,0.9996957403370634,0.9999924800024494,26214,12985,0.049533843994140625,2.018790912591452,0.09999847412109375,529213.9249903735,0.9996882226275448,20.18192294435696,1.58247948420755e-68,0.08539880769250681,0.08126432675530261,,,
fixed_plane,4,5,0.1,True,0.049098968505859375,61.22007992511112,0.9996335996904273,0.9999925461324981,26214,12871,0.049098968505859375,2.036671587289255,0.09999847412109375,533901.2365783545,0.9996261485540248,20.359412406693053,4.499907282123979e-63,0.10468382823373365,0.08719517405995232,,,
single_seg,4,5,0.1,True,0.04926300048828125,61.20559500749751,0.9997423820933979,0.9999925213111565,26214,12914,0.04926300048828125,2.0298900418150843,0.09999847412109375,532123.4951215734,0.9997349053311986,20.293828947122634,3.322104317989531e-62,0.09143334025646153,0.08748359080909064,,,
no_ga,4,5,0.1,True,0.1050262451171875,57.91782521937876,0.9992154914878915,0.9999840559746336,26214,10645,0.040607452392578125,2.4625645843118833,0.09999847412109375,249594.75577509808,0.9991995599707486,9.513808275787154,9.651854187564534e-74,0.07645879988974046,0.051265035774313746,,,
unconstrained,4,5,0.1,True,0.048980712890625,61.230552590867376,0.9997211994178298,0.9999925639756873,26214,12840,0.048980712890625,2.041588785046729,0.09999847412109375,535190.2504672897,0.9997137654666849,20.410355555646312,8.813951321418925e-68,0.07979765493961392,0.07492843310704846,,,
full,4,6,0.1,True,0.04917144775390625,61.21367365466169,0.9998040814636089,0.9999848657068021,26214,12890,0.04917144775390625,2.0336695112490304,0.09999847412109375,533114.2603568658,0.9997889501354996,20.332713308325864,2.764630950445704e-72,0.20412897370163666,0.12321227696480548,,,
no_T1T2,4,6,0.1,True,0.04900360107421875,61.2285236514149,0.9997956912842181,0.9999849170258843,26214,12846,0.04900360107421875,2.0406352171882296,0.09999847412109375,534940.2783745913,0.9997806113916855,20.40218656333972,2.702861072906935e-65,0.19366790345148102,0.12848052761077774,,,
no_T3,4,6,0.1,True,0.04874420166015625,61.251573990234505,0.9998007831431791,0.9999849971851144,26214,12778,0.04874420166015625,2.0514947566129287,0.09999847412109375,537787.0414775396,0.9997857833171071,20.5108658930881,1.3862858119299076e-57,0.18344409182683002,0.12822896403780681,,,
no_T4,4,6,0.1,True,0.049137115478515625,61.21670702588983,0.999741281258241,0.9999848760043533,26214,12881,0.049137115478515625,2.0350904432885644,0.09999847412109375,533486.7491654374,0.9997261611754554,20.345642014997175,4.6401149749632244e-77,0.19454352973001246,0.13333151739619656,,,
no_decomp,4,6,0.1,True,0.04895782470703125,61.232582478644,0.9997574596888519,0.9999849313540391,26214,12834,0.04895782470703125,2.042543244506779,0.09999847412109375,535440.4562879851,0.999742394697645,20.420482337199584,1.883145379084367e-63,0.201568280465923,0.14150369824487047,,,
fixed_path,4,6,0.1,True,0.049381256103515625,61.195182280486804,0.9998596034116175,0.9999848158932145,26214,12945,0.049381256103515625,2.025028968713789,0.09999847412109375,530849.1939745075,0.9998444214366288,20.24744812770055,1.1748294753838318e-05,0.1724350559642935,0.09500114882355196,,,
fixed_plane,4,6,0.1,True,0.048923492431640625,61.235629090357186,0.9998025961749407,0.999984941879456,26214,12825,0.048923492431640625,2.0439766081871347,0.09999847412109375,535816.2039766082,0.9997875410269272,20.43573529473394,3.3012653440716262e-62,0.20154547095679695,0.13658610815493355,,,
single_seg,4,6,0.1,True,0.04923248291015625,61.20828622048465,0.9998078660820594,0.9999848469509125,26214,12906,0.04923248291015625,2.0311483031148305,0.09999847412109375,532453.3407717341,0.9997927159443866,20.307582653690165,3.1023643484746437e-77,0.19169529379734798,0.11537229264442715,,,
no_ga,4,6,0.1,True,0.08782577514648438,58.694583693226605,0.9996009251553657,0.9999729682818825,26214,11667,0.044506072998046875,2.246850089997429,0.09999847412109375,298477.2973113843,0.999573904224927,11.381327435570483,2.517521409712918e-68,0.1625772077583646,0.09813809216307584,,,
unconstrained,4,6,0.1,True,0.049228668212890625,61.208622739396844,0.9997951834331112,0.9999848553915014,26214,12905,0.049228668212890625,2.031305695466873,0.09999847412109375,532494.600232468,0.9997800419264794,20.308898822996902,1.4610836941299205e-06,0.16119188633226034,0.11005157416472025,,,
full,4,7,0.1,True,0.049076080322265625,61.22210492273206,0.9997845751616681,0.9999885451476144,26214,12865,0.049076080322265625,2.0376214535561603,0.09999847412109375,534150.2383210261,0.9997731227769422,20.371902487154195,0.9565751425079563,0.07267231994932577,0.10417908338681507,,,
no_T1T2,4,7,0.1,True,0.049137115478515625,61.21670702588983,0.9997947849946099,0.9999885308019026,26214,12881,0.049137115478515625,2.0350904432885644,0.09999847412109375,533486.7491654374,0.9997833181501641,20.346805228876377,0.980976170645052,0.10596488468982276,0.11570371749570955,,,
no_T3,4,7,0.1,True,0.049072265625,61.22244251415196,0.9997288546971338,0.99998854579122,26214,12864,0.049072265625,2.0377798507462686,0.09999847412109375,534191.7611940298,0.9997174035941087,20.372350672246114,0.9642080609315582,0.11339251356959923,0.12297482393457716,,,
no_T4,4,7,0.1,True,0.049007415771484375,61.228185586975464,0.9997620011213139,0.9999885609925296,26214,12847,0.049007415771484375,2.0404763758075815,0.09999847412109375,534898.6390597026,0.9997505648363144,20.399985371561517,0.988840815379682,0.09045013539360774,0.11833617909509081,,,
no_decomp,4,7,0.1,True,0.049304962158203125,61.20189731053592,0.9997466854168888,0.9999884917064316,26214,12925,0.049304962158203125,2.0281624758220502,0.09999847412109375,531670.6240618955,0.999735180038539,20.276563174934065,0.8928717297649253,0.09231467258955686,0.1214846651008498,,,
fixed_path,4,7,0.1,True,0.049015045166015625,61.2275095370334,0.999771712576427,0.9999885591899573,26214,12849,0.049015045166015625,2.0401587672192387,0.09999847412109375,534815.3798739201,0.9997602743781774,20.39700812254595,0.9424940271964883,0.11906835754304959,0.13106917782905816,,,
fixed_plane,4,7,0.1,True,0.049037933349609375,61.22548201840693,0.9997498243892585,0.9999885542067034,26214,12855,0.049037933349609375,2.0392065344224037,0.09999847412109375,534565.7577596266,0.9997383814594203,20.38704148341488,0.9825459900154576,0.12077471715920868,0.14078683221786123,,,
single_seg,4,7,0.1,True,0.0493621826171875,61.1968600648689,0.999788113121354,0.9999884784472917,26214,12940,0.0493621826171875,2.0258114374034,0.09999847412109375,531054.3134466769,0.9997765940099115,20.253897639886727,0.9254050739734769,0.10664801077115554,0.11156932768663202,,,
no_ga,4,7,0.1,True,0.10673904418945312,57.847570513370556,0.9994478603354645,0.9999750869765196,26214,12467,0.047557830810546875,2.102671051576161,0.09999847412109375,245589.60780529646,0.9994229610674525,9.36323693599465,0.9608795449329097,0.08246029180647216,0.09317907426860807,,,
unconstrained,4,7,0.1,True,0.04904937744140625,61.22446861394099,0.9997438532660303,0.9999885512450057,26214,12858,0.04904937744140625,2.0387307512832478,0.09999847412109375,534441.0340643957,0.9997324074435973,20.382163028223236,0.995049839624127,0.10468741714133975,0.12789923711310014,,,
full,4,8,0.1,True,0.04903411865234375,61.22581987245191,0.9995743407454003,0.9999886258205053,26214,12854,0.04903411865234375,2.03936517815466,0.09999847412109375,534607.3452621752,0.9995629714074303,20.385050223792547,9.926443212435057e-30,0.07636629010353813,0.09610586862523526,,,
no_T1T2,4,8,0.1,True,0.049282073974609375,61.20391384585417,0.9994883573768497,0.9999885683369858,26214,12919,0.049282073974609375,2.029104419846737,0.09999847412109375,531917.5490363031,0.9994769315627615,20.28074005322305,6.299808906920007e-25,0.08929644051354178,0.11134634019425406,,,
no_T3,4,8,0.1,True,0.049221038818359375,61.20929585545817,0.9994573378373696,0.9999885829176355,26214,12903,0.049221038818359375,2.0316205533596836,0.09999847412109375,532577.1383399209,0.9994459269506236,20.305258705304524,1.2470666353368669e-19,0.0928408963297882,0.12652248015736892,,,
no_T4,4,8,0.1,True,0.048984527587890625,61.230214368460054,0.9996025681817513,0.9999886374547685,26214,12841,0.048984527587890625,2.0414297951872906,0.09999847412109375,535148.5722295771,0.9995912101523569,20.40626416900393,1.3591506211674839e-38,0.06771930569759425,0.07917122257604511,,,
no_decomp,4,8,0.1,True,0.04901123046875,61.22784754884967,0.9995941113251727,0.9999886315148317,26214,12848,0.04901123046875,2.0403175591531757,0.09999847412109375,534857.0062266501,0.9995827474543438,20.394973517175554,2.6606444736125066e-39,0.06486719624068425,0.08337588981263419,,,
fixed_path,4,8,0.1,True,0.04929351806640625,61.20290546115422,0.999592453805454,0.9999885656289027,26214,12922,0.04929351806640625,2.0286333384924933,0.09999847412109375,531794.0578857762,0.9995810240943912,20.278143319935,5.4657970605093825e-45,0.07077068795104842,0.08651635128388509,,,
fixed_plane,4,8,0.1,True,0.048900604248046875,61.23766135282713,0.9996147338041197,0.9999886568480446,26214,12819,0.048900604248046875,2.0449333021296514,0.09999847412109375,536066.9955534753,0.9996033950222973,20.441534627094555,3.9812879773797776e-39,0.05787220917835682,0.07238602268756483,,,
single_seg,4,8,0.1,True,0.0492706298828125,61.20492246474448,0.9997647697075989,0.9999885708253303,26214,12916,0.0492706298828125,2.029575720037163,0.09999847412109375,532041.0975534221,0.9997533432214173,20.291060731297243,4.5163026313336695e-29,0.03929919903478567,0.051945013477499115,,,
no_ga,4,8,0.1,True,0.10630416870117188,57.86530065221217,0.9989656597161821,0.999975341236774,26214,12406,0.04732513427734375,2.1130098339513137,0.09999847412109375,246594.2805468834,0.9989410264585082,9.397007085080531,1.5932392513400888e-49,0.04700413574095641,0.06818439003245026,,,
unconstrained,4,8,0.1,True,0.0489349365234375,61.23461331563169,0.9995945800355259,0.9999886486172971,26214,12828,0.0489349365234375,2.0434985968194574,0.09999847412109375,535690.8961646399,0.9995832332549002,20.426781033549467,7.454016596193065e-47,0.07676457232209122,0.08668172455657962,,,
full,4,9,0.1,True,0.048603057861328125,61.2641676710923,0.9995338667081847,0.9999902439141591,26214,12741,0.048603057861328125,2.0574523192842005,0.09999847412109375,539348.7807864374,0.9995241151699802,20.565045887066894,1.5814647749617957e-19,0.09229503362095749,0.09416070455457486,,,
no_T1T2,4,9,0.1,True,0.048870086669921875,61.240372516282505,0.9995565291025741,0.9999901906391959,26214,12811,0.048870086669921875,2.046210288033721,0.09999847412109375,536401.7497463118,0.999546724091936,20.453139992222034,5.149073827256902e-14,0.09104090251653602,0.09254737784006514,,,
no_T3,4,9,0.1,True,0.04877471923828125,61.248855827217255,0.9995479449698693,0.9999902099591707,26214,12786,0.04877471923828125,2.050211168465509,0.09999847412109375,537450.5565462224,0.9995381593546772,20.492955673852062,1.6154187707125504e-13,0.10274968299196219,0.0947834627105099,,,
no_T4,4,9,0.1,True,0.049205780029296875,61.2106424006419,0.9995363612791375,0.999990123577348,26214,12899,0.049205780029296875,2.0322505620590743,0.09999847412109375,532742.291340414,0.9995264894355774,20.313192654205753,7.0947478603300936e-09,0.09191193487570871,0.09964538544574128,,,
no_decomp,4,9,0.1,True,0.048919677734375,61.235967734734835,0.9995260160990352,0.9999901808153634,26214,12824,0.048919677734375,2.0441359950093574,0.09999847412109375,535857.986275733,0.999516201568534,20.4317822164677,5.6013484541034796e-11,0.09436135684050657,0.10267864468983681,,,
fixed_path,4,9,0.1,True,0.048877716064453125,61.23969456673086,0.9995788410183184,0.9999901887567633,26214,12813,0.048877716064453125,2.045890892062749,0.09999847412109375,536318.0220088973,0.9995690339071749,20.45040387298544,3.4610875290048605e-17,0.09285217479282397,0.09330945850555045,,,
fixed_plane,4,9,0.1,True,0.048862457275390625,61.24105057168107,0.999625428086168,0.9999901919713698,26214,12809,0.048862457275390625,2.046529783745804,0.09999847412109375,536485.50363026,0.9996156237313499,20.457743623033103,2.5986959233630216e-12,0.08518911604892299,0.08636756027471049,,,
single_seg,4,9,0.1,True,0.049045562744140625,61.22480638915555,0.9994568579877715,0.9999901549519269,26214,12857,0.049045562744140625,2.0388893209924555,0.09999847412109375,534482.6021622462,0.9994470182869576,20.377929467357564,1.185659251765595e-19,0.10296787434478148,0.11459761054837198,,,
no_ga,4,9,0.1,True,0.12436676025390625,57.183760397356494,0.9991335345892834,0.9999750369791993,26214,13123,0.050060272216796875,1.9975615331860093,0.09999847412109375,210779.79314152506,0.9991085931980769,8.03356613260894,9.262649458640465e-08,0.06707290995102676,0.05816652956745239,,,
unconstrained,4,9,0.1,True,0.049175262451171875,61.21333674416007,0.9995356179607181,0.9999901303751167,26214,12891,0.049175262451171875,2.033511752385385,0.09999847412109375,533072.9048173144,0.9995257529191114,20.32578380057618,3.756743775593079e-16,0.09123602237778208,0.09657549602851255,,,
full,4,10,0.1,True,0.0492095947265625,61.21030572520323,0.9998739085823035,0.999995856994728,26214,12900,0.0492095947265625,2.032093023255814,0.09999847412109375,532700.9934883721,0.999869766099429,20.318593795687498,0.0,0.43615181853443374,0.2896156315043918,,,
no_T1T2,4,10,0.1,True,0.04897308349609375,61.23122911471313,0.9999175050378265,0.999995871566992,26214,12838,0.04897308349609375,2.0419068390715065,0.09999847412109375,535273.626421561,0.9999133769453934,20.417611176660944,0.0,0.41613474319708776,0.26212290308001407,,,
no_T3,4,10,0.1,True,0.048870086669921875,61.240372516282505,0.9998528788584191,0.9999958893102723,26214,12811,0.048870086669921875,2.046210288033721,0.09999847412109375,536401.7497463118,0.9998487687734607,20.459320555877767,0.0,0.4591212815928517,0.3294461609045747,,,
no_T4,4,10,0.1,True,0.048458099365234375,61.27713984730854,0.999916120238013,0.9999959143363913,26214,12703,0.048458099365234375,2.063607021963316,0.09999847412109375,540962.1991655515,0.9999120349171089,20.634569824554088,0.0,0.4360509126266359,0.2760471346435206,,,
no_decomp,4,10,0.1,True,0.049091339111328125,61.22075481941225,0.9999125985304378,0.9999958736528554,26214,12869,0.049091339111328125,2.036988110964333,0.09999847412109375,533984.2113606341,0.999908472543942,20.368327502258072,0.0,0.4402135682994224,0.2831728481743327,,,
fixed_path,4,10,0.1,True,0.049137115478515625,61.21670702588983,0.9998901197262621,0.9999958839190254,26214,12881,0.049137115478515625,2.0350904432885644,0.09999847412109375,533486.7491654374,0.9998860040975636,20.348895012666073,0.0,0.48323771453807246,0.3347379337972199,,,
fixed_plane,4,10,0.1,True,0.048938751220703125,61.2342747768453,0.9999076757569904,0.9999958953529279,26214,12829,0.048938751220703125,2.0433393093771923,0.09999847412109375,535649.1399173747,0.9999035714888767,20.43173449562554,0.0,0.4175428995147766,0.2929534158149276,,,
single_seg,4,10,0.1,True,0.048976898193359375,61.230890839617025,0.9999368299213777,0.9999958694122034,26214,12839,0.048976898193359375,2.041747799672872,0.09999847412109375,535231.9351974453,0.9999326995945107,20.416415421956806,0.0,0.43632284142922373,0.2623200279265696,,,
no_ga,4,10,0.1,True,0.091278076171875,58.5271388279631,0.999790717070311,0.9999923110890793,26214,11633,0.044376373291015625,2.253417003352532,0.09999847412109375,287188.34904714144,0.999783029768548,10.95315624187756,0.0,0.4266280895592564,0.24290530356154164,,,
unconstrained,4,10,0.1,True,0.04906463623046875,61.22311777572823,0.9998997962411015,0.999995889462891,26214,12862,0.04906463623046875,2.0380967190172603,0.09999847412109375,534274.8263100607,0.9998956861158838,20.379152133506626,0.0,0.4712196632471114,0.305548846461893,,,
full,4,11,0.1,True,0.048908233642578125,61.236983826332924,0.9995525284131603,0.9999921733623393,26214,12821,0.048908233642578125,2.044614304656423,0.09999847412109375,535983.3722798533,0.9995447052776976,20.437145871641583,0.0,0.08345897907394789,0.09397890802093271,,,
no_T1T2,4,11,0.1,True,0.049007415771484375,61.228185586975464,0.9994999866640293,0.9999921528341159,26214,12847,0.049007415771484375,2.0404763758075815,0.09999847412109375,534898.6390597026,0.9994921434218328,20.394712263187742,0.0,0.09332324930970924,0.10581326351455388,,,
no_T3,4,11,0.1,True,0.049045562744140625,61.22480638915555,0.9996161616885809,0.9999921497786134,26214,12857,0.049045562744140625,2.0388893209924555,0.09999847412109375,534482.6021622462,0.99960831448041,20.38121816840263,0.0,0.08881828384686123,0.09117720464076504,,,
no_T4,4,11,0.1,True,0.048614501953125,61.263145200264965,0.9995460269847127,0.9999922220592772,26214,12744,0.048614501953125,2.0569679849340865,0.09999847412109375,539221.8154425612,0.9995382525749651,20.56049558090173,0.0,0.08959222803384136,0.09931005648608078,,,
no_decomp,4,11,0.1,True,0.049167633056640625,61.21401059130168,0.9995871590726603,0.9999921289413165,26214,12889,0.049167633056640625,2.033827294592288,0.09999847412109375,533155.6223136007,0.9995792912634719,20.330026668397206,0.0,0.08124929441252032,0.09419645699329193,,,
fixed_path,4,11,0.1,True,0.04886627197265625,61.24071153074886,0.9995991916036459,0.9999921929830488,26214,12810,0.04886627197265625,2.046370023419204,0.09999847412109375,536443.6234192038,0.9995913877158126,20.45565064335472,0.0,0.08033867542236335,0.09681441093951491,,,
fixed_plane,4,11,0.1,True,0.048664093017578125,61.25871727292579,0.999578821536315,0.9999923075237976,26214,12757,0.048664093017578125,2.0548718350709416,0.09999847412109375,538672.3223328369,0.999571132300018,20.54021908800313,0.0,0.10115381431598923,0.11588756851904246,,,
single_seg,4,11,0.1,True,0.049327850341796875,61.19988171110972,0.999376228980499,0.9999920994953537,26214,12931,0.049327850341796875,2.027221405923749,0.09999847412109375,531423.9282344753,0.9993683334039586,20.25971791755064,0.0,0.10132948077830048,0.12527731877953366,,,
no_ga,4,11,0.1,True,0.10263824462890625,58.0177114496108,0.9988814759418773,0.9999835616130496,26214,10739,0.040966033935546875,2.44100940497253,0.09999847412109375,255401.87378279938,0.9988650559416581,9.731899250158701,0.0,0.04412213818430924,0.05049832937406259,,,
unconstrained,4,11,0.1,True,0.049251556396484375,61.20660401694693,0.9995350205429795,0.9999921272051048,26214,12911,0.049251556396484375,2.0303617070714894,0.09999847412109375,532247.1393385485,0.9995271514087721,20.29432620082884,0.0,0.09142315228694516,0.10014848567207786,,,
full,4,12,0.1,True,0.049015045166015625,61.2275095370334,0.9995444535147138,0.9999883365626479,26214,12849,0.049015045166015625,2.0401587672192387,0.09999847412109375,534815.3798739201,0.9995327953905995,20.39236711922121,0.0,0.08109195822807515,0.09290126716144004,,,
no_T1T2,4,12,0.1,True,0.049053192138671875,61.22413086499507,0.9994832444069016,0.9999883263950214,26214,12859,0.049053192138671875,2.0385722062368767,0.09999847412109375,534399.4724317598,0.9994715768343237,20.37526067638673,0.0,0.09342189608154883,0.1072165556079375,,,
no_T3,4,12,0.1,True,0.048919677734375,61.235967734734835,0.9995066641967209,0.9999883583048041,26214,12824,0.048919677734375,2.0441359950093574,0.09999847412109375,535857.986275733,0.9994950282447901,20.43134939833143,0.0,0.08033191842241003,0.08739835263214243,,,
no_T4,4,12,0.1,True,0.0490570068359375,61.22379314231368,0.999506487042444,0.9999883255805376,26214,12860,0.0490570068359375,2.0384136858475896,0.09999847412109375,534357.9172628305,0.999494818384459,20.374150052144294,0.0,0.08767630528107771,0.09184511182114631,,,
no_decomp,4,12,0.1,True,0.049129486083984375,61.2173813962047,0.9995366919736733,0.9999883084334106,26214,12879,0.049129486083984375,2.035406475658048,0.09999847412109375,533569.5951549034,0.9995250058238806,20.34470712995538,0.0,0.08079165839207912,0.09390943913233757,,,
fixed_path,4,12,0.1,True,0.049259185791015625,61.205931317933974,0.999537949816817,0.9999882775119552,26214,12913,0.049259185791015625,2.0300472392162936,0.09999847412109375,532164.7034771161,0.99952623274515,20.291164311681605,0.0,0.08461377886822204,0.09858170692027578,,,
fixed_plane,4,12,0.1,True,0.048831939697265625,61.243763852405976,0.9994747773019105,0.9999883791124712,26214,12801,0.048831939697265625,2.047808764940239,0.09999847412109375,536820.780876494,0.9994631625179355,20.467406552230425,0.0,0.0887289671558635,0.10259797541467633,,,
single_seg,4,12,0.1,True,0.04929351806640625,61.20290546115422,0.9993287793600314,0.9999882692550235,26214,12922,0.04929351806640625,2.0286333384924933,0.09999847412109375,531794.0578857762,0.9993170564889731,20.272788303377602,0.0,0.1093831691524895,0.14491658869356563,,,
no_ga,4,12,0.1,True,0.12339401245117188,57.2178627428661,0.9987007817267615,0.9999706430157441,26214,11448,0.043670654296875,2.289832285115304,0.09999847412109375,212441.42628373575,0.998671462883636,8.093354313109959,0.0,0.04483996034488419,0.0458827910072391,,,
unconstrained,4,12,0.1,True,0.04904937744140625,61.22446861394099,0.9994553582109043,0.9999883277167239,26214,12858,0.04904937744140625,2.0387307512832478,0.09999847412109375,534441.0340643957,0.9994436922848413,20.376276813681557,0.0,0.0831030587180938,0.09696122541683919,,,
full,4,13,0.1,True,0.0492401123046875,61.20761326087704,0.999636834386837,0.9999942682241256,26214,12908,0.0492401123046875,2.0308335915711186,0.09999847412109375,532370.8410288193,0.9996311046925466,20.301154036916866,1.6752511836860557e-07,0.10595086476151205,0.11116205430660461,,,
no_T1T2,4,13,0.1,True,0.049072265625,61.22244251415196,0.9997665755836497,0.9999942876584439,26214,12864,0.049072265625,2.0377798507462686,0.09999847412109375,534191.7611940298,0.9997608645754935,20.3732363248817,4.233301753066272e-15,0.07384443406216465,0.06725425294558886,,,
no_T3,4,13,0.1,True,0.0491180419921875,61.21839314805996,0.9996618080408513,0.9999942822367155,26214,12876,0.0491180419921875,2.0358807082945014,0.09999847412109375,533693.9123951538,0.9996560922112683,20.352116079266132,4.931347300580854e-12,0.0964278951349074,0.09825741071304583,,,
no_T4,4,13,0.1,True,0.048828125,61.24410313171704,0.9995874464430324,0.9999943159661094,26214,12800,0.048828125,2.04796875,0.09999847412109375,536862.72,0.9995817647541103,20.47143454216418,6.748680081371654e-12,0.10497130691164046,0.12068523523605515,,,
no_decomp,4,13,0.1,True,0.0489349365234375,61.23461331563169,0.9997365464629684,0.999994303672645,26214,12828,0.0489349365234375,2.0434985968194574,0.09999847412109375,535690.8961646399,0.9997308516363309,20.429797659132703,8.023272668007971e-13,0.08330001745123208,0.07299770741328743,,,
fixed_path,4,13,0.1,True,0.0493927001953125,61.19417592089036,0.9997184557606543,0.9999942504445697,26214,12948,0.0493927001953125,2.0245597775718256,0.09999847412109375,530726.1983317886,0.9997127078239783,20.240090213145578,1.224897402858634e-12,0.08590638572665807,0.08017781576176644,,,
fixed_plane,4,13,0.1,True,0.04888916015625,61.23867784079409,0.9997385598746369,0.9999943091126114,26214,12816,0.04888916015625,2.0454119850187267,0.09999847412109375,536192.4794007491,0.9997328704750746,20.44896797735783,7.34451247899266e-14,0.05941766393642667,0.07528975968571883,,,
single_seg,4,13,0.1,True,0.04913330078125,61.21704419795779,0.9996546267112909,0.9999942804510444,26214,12880,0.04913330078125,2.035248447204969,0.09999847412109375,533528.1689440993,0.9996489091377148,20.345649350698533,7.202098414736336e-09,0.099896791139649,0.10526451487707263,,,
no_ga,4,13,0.1,True,0.10603713989257812,57.87622355741432,0.99938408613386,0.9999876570860867,26214,12430,0.04741668701171875,2.108930008045052,0.09999847412109375,247215.2684102601,0.9993717508221185,9.424733181548852,2.37943062890054e-14,0.04370369593178862,0.0378742383502844,,,
unconstrained,4,13,0.1,True,0.048831939697265625,61.243763852405976,0.9996060382819957,0.9999943155496689,26214,12801,0.048831939697265625,2.047808764940239,0.09999847412109375,536820.780876494,0.9996003560711204,20.470216056707116,1.1825899541791172e-09,0.11614760359100296,0.117768144474709,,,
full,4,14,0.1,True,0.049083709716796875,61.221429818608364,0.9996510311931925,0.9999855216094226,26214,12867,0.049083709716796875,2.0373047330380043,0.09999847412109375,534067.2119375146,0.9996365578551217,20.36595366615163,1.3345345890924654e-20,0.07167196031979076,0.08207716875090194,,,
no_T1T2,4,14,0.1,True,0.049129486083984375,61.2173813962047,0.9996403964716859,0.999985508206335,26214,12879,0.049129486083984375,2.035406475658048,0.09999847412109375,533569.5951549034,0.9996259098893211,20.34676096917666,2.8809956240481237e-25,0.06617900965548487,0.07926847320613738,,,
no_T3,4,14,0.1,True,0.048786163330078125,61.24783695452777,0.9995711592086411,0.9999856095492075,26214,12789,0.048786163330078125,2.0497302369223553,0.09999847412109375,537324.4832277739,0.9995567749290609,20.4885300810856,6.284991089322427e-21,0.08510856835169765,0.09817823305799175,,,
no_T4,4,14,0.1,True,0.049152374267578125,61.215358599326485,0.9994274196851824,0.9999855017499024,26214,12885,0.049152374267578125,2.0344586728754366,0.09999847412109375,533321.1343422584,0.9994129297364974,20.33295328310783,2.977085015666702e-18,0.11938657255355316,0.13500648364669626,,,
no_decomp,4,14,0.1,True,0.048980712890625,61.230552590867376,0.9994781881976508,0.9999855525060753,26214,12840,0.048980712890625,2.041588785046729,0.09999847412109375,535190.2504672897,0.999463748242599,20.405251154151703,1.3105675124115304e-25,0.10710033549076543,0.12817266827710924,,,
fixed_path,4,14,0.1,True,0.049114227294921875,61.218730451063436,0.9996393255726892,0.9999855130984874,26214,12875,0.049114227294921875,2.0360388349514564,0.09999847412109375,533735.3643495146,0.9996248438962315,20.353060588608443,9.725460474577487e-15,0.08763599648842209,0.0959172838562475,,,
fixed_plane,4,14,0.1,True,0.048862457275390625,61.24105057168107,0.9996904644066236,0.9999855871080643,26214,12809,0.048862457275390625,2.046529783745804,0.09999847412109375,536485.50363026,0.999676055975991,20.458980405790474,9.527601653523662e-29,0.058342191565068424,0.0727094313604022,,,
single_seg,4,14,0.1,True,0.049198150634765625,61.21131582982903,0.999693518147809,0.9999854880058558,26214,12897,0.049198150634765625,2.0325657129565013,0.09999847412109375,532824.9062572691,0.9996790106013277,20.31944285919783,1.0924681231677023e-20,0.06597220205119356,0.07231668078057926,,,
no_ga,4,14,0.1,True,0.06901168823242188,59.741577091892424,0.9996478684854934,0.9999796435893895,26214,12378,0.04721832275390625,2.11778962675715,0.09999847412109375,379848.6991321652,0.9996275192430166,14.484901686166676,3.380447983061507e-25,0.060997390326691485,0.074713211415395,,,
unconstrained,4,14,0.1,True,0.048877716064453125,61.23969456673086,0.9995947154876001,0.9999855825521075,26214,12813,0.048877716064453125,2.045890892062749,0.09999847412109375,536318.0220088973,0.999580303882876,20.45063444791014,4.366453745239798e-26,0.08763796749790767,0.10176483888060055,,,
full,4,15,0.1,True,0.04895782470703125,61.232582478644,0.9997706087890796,0.9999943010037865,26214,12834,0.04895782470703125,2.042543244506779,0.09999847412109375,535440.4562879851,0.9997649111001657,20.42094225147591,2.498610489212737e-15,0.05601353807140551,0.06166474574577958,,,
no_T1T2,4,15,0.1,True,0.048686981201171875,61.256675135825915,0.9996274888137787,0.9999943324385405,26214,12763,0.048686981201171875,2.053905821515318,0.09999847412109375,538419.0876753115,0.9996218233635493,20.531604110617746,5.9434464374064886e-09,0.10474779774729177,0.10744645756856852,,,
no_T3,4,15,0.1,True,0.048908233642578125,61.236983826332924,0.9995781900416844,0.999994306652384,26214,12821,0.048908233642578125,2.044614304656423,0.09999847412109375,535983.3722798533,0.9995724990955791,20.437714156689143,7.78167400581438e-09,0.11748381077253492,0.1238258476015616,,,
no_T4,4,15,0.1,True,0.049060821533203125,61.22345544589277,0.999717886081909,0.999994288929207,26214,12861,0.049060821533203125,2.0382551901096337,0.09999847412109375,534316.3685560998,0.9997121766222886,20.37699625444936,3.4574920921998995e-11,0.07665715943186086,0.07588728037506738,,,
no_decomp,4,15,0.1,True,0.048858642578125,61.24138963908329,0.9996840629253075,0.9999943126495316,26214,12808,0.048858642578125,2.046689569019363,0.09999847412109375,536527.3903810119,0.9996783773716841,20.46062527777348,1.4977604187370557e-11,0.08261787828977434,0.08529186508916894,,,
fixed_path,4,15,0.1,True,0.049221038818359375,61.20929585545817,0.9997177182257468,0.9999942702527276,26214,12903,0.049221038818359375,2.0316205533596836,0.09999847412109375,532577.1383399209,0.9997119900958776,20.31066418132944,3.954714265281201e-11,0.07543643095910386,0.0842696331509496,,,
fixed_plane,4,15,0.1,True,0.048809051513671875,61.245799925963674,0.9996015739038934,0.999994318190229,26214,12795,0.048809051513671875,2.0487690504103164,0.09999847412109375,537072.513950762,0.9995958943579036,20.479723808562586,3.932814887252908e-09,0.12538743737225688,0.11894872178833055,,,
single_seg,4,15,0.1,True,0.049297332763671875,61.20256938494442,0.9996089519471687,0.9999942616470462,26214,12923,0.049297332763671875,2.0284763599783333,0.09999847412109375,531752.9069101602,0.9996032158381867,20.277024329697873,3.8526964246782265e-14,0.09671248416293408,0.09595987224766073,,,
no_ga,4,15,0.1,True,0.0695343017578125,59.708812629091604,0.9995159872044845,0.9999919056131792,26214,12302,0.04692840576171875,2.1308730287758086,0.09999847412109375,376993.7906517446,0.9995078967354505,14.37431413659304,9.140943644182278e-12,0.07620882322419906,0.08340608469270595,,,
unconstrained,4,15,0.1,True,0.0494384765625,61.19015281284997,0.9997411438087838,0.9999942449455426,26214,12960,0.0494384765625,2.022685185185185,0.09999847412109375,530234.7851851851,0.9997353902440578,20.221808189825484,7.872850524359212e-12,0.06430273932445656,0.07366778648780632,,,
full,4,16,0.1,True,0.049098968505859375,61.22007992511112,0.9995823316190277,0.9999914866436479,26214,12871,0.049098968505859375,2.036671587289255,0.09999847412109375,533901.2365783545,0.9995738218184353,20.358346666674844,1.7086562003149718e-09,0.09611037791907384,0.09156420130108973,,,
no_T1T2,4,16,0.1,True,0.048732757568359375,61.25259374012821,0.9995399473748261,0.9999915498657831,26214,12775,0.048732757568359375,2.051976516634051,0.09999847412109375,537913.3319765166,0.9995315011281156,20.51046464436233,1.7370856005297467e-10,0.08479813651421376,0.08952389830829398,,,
no_T3,4,16,0.1,True,0.04888916015625,61.23867784079409,0.9995581785222062,0.9999915227968789,26214,12816,0.04888916015625,2.0454119850187267,0.09999847412109375,536192.4794007491,0.9995497050644955,20.445221432929706,6.9189434212890845e-06,0.1076046636824336,0.09930414628004457,,,
no_T4,4,16,0.1,True,0.04926300048828125,61.20559500749751,0.9995275115416723,0.9999914584614182,26214,12914,0.04926300048828125,2.0298900418150843,0.09999847412109375,532123.4951215734,0.9995189740388689,20.28944571243962,6.768959102578399e-07,0.10895860316240559,0.10112365067811789,,,
no_decomp,4,16,0.1,True,0.04845428466796875,61.277481744165165,0.9996102291469116,0.9999915982825422,26214,12702,0.04845428466796875,2.0637694851204533,0.09999847412109375,541004.7879074161,0.9996018307041984,20.629792340428388,1.6083185570673459e-06,0.09612651314819955,0.07855984202925768,,,
fixed_path,4,16,0.1,True,0.0495147705078125,61.183455903552215,0.9996471888783971,0.9999914144633525,26214,12980,0.0495147705078125,2.019568567026194,0.09999847412109375,529417.7824345146,0.9996386063708224,20.18869513316432,1.19637365076075e-09,0.0921870710818891,0.07636448033728678,,,
fixed_plane,4,16,0.1,True,0.04865264892578125,61.25973870168336,0.9996283966593531,0.999991564255042,26214,12754,0.04865264892578125,2.055355182687784,0.09999847412109375,538799.0290105065,0.9996199640491461,20.5460542461737,2.0150120367092946e-08,0.09443404304489524,0.08044286189959417,,,
single_seg,4,16,0.1,True,0.049419403076171875,61.19182865497728,0.9996174109039851,0.9999914308062113,26214,12955,0.049419403076171875,2.0234658433037436,0.09999847412109375,530439.4300270166,0.9996088449886766,20.22705218531159,7.11732373007673e-10,0.08157115597450289,0.07333450976147997,,,
no_ga,4,16,0.1,True,0.12395095825195312,57.19830472265669,0.9989762311815586,0.9999785072545265,26214,13128,0.050079345703125,1.996800731261426,0.09999847412109375,211486.868433201,0.9989547604396878,8.059274204311745,8.46938141844124e-09,0.06305204251999735,0.049422175314814826,,,
unconstrained,4,16,0.1,True,0.049224853515625,61.208959284386665,0.9995504363878075,0.9999914646750412,26214,12904,0.049224853515625,2.031463112213267,0.09999847412109375,532535.8660880347,0.9995419049000202,20.30563492855788,4.8098938860678634e-08,0.09868891957767517,0.09015390667085067,,,
full,4,17,0.1,True,0.04909515380859375,61.22041735915185,0.9998432906890737,0.9999893496786344,26214,12870,0.04909515380859375,2.036829836829837,0.09999847412109375,533942.7207459208,0.9998326420367126,20.365200319663714,0.2454438600683397,0.10381840374461845,0.06974200744774199,,,
no_T1T2,4,17,0.1,True,0.04909515380859375,61.22041735915185,0.9998047895095863,0.9999893498598726,26214,12870,0.04909515380859375,2.036829836829837,0.09999847412109375,533942.7207459208,0.999794141448478,20.3644161162292,0.17545557942117695,0.15778105526127414,0.10840796420069451,,,
no_T3,4,17,0.1,True,0.0489044189453125,61.23732257636774,0.9997700315547805,0.9999893910032147,26214,12820,0.0489044189453125,2.044773790951638,0.09999847412109375,536025.1806552262,0.9997594249977297,20.443130632340473,0.13439504998533033,0.12671217643227736,0.10834372572372615,,,
no_T4,4,17,0.1,True,0.049152374267578125,61.215358599326485,0.9998009409033835,0.9999893373444986,26214,12885,0.049152374267578125,2.0344586728754366,0.09999847412109375,533321.1343422584,0.9997902803703806,20.34063044295018,0.04995294377047988,0.1141757805002486,0.08770823318713107,,,
no_decomp,4,17,0.1,True,0.04898834228515625,61.229876172390966,0.9997936512611837,0.9999893728929222,26214,12842,0.04898834228515625,2.0412708300887714,0.09999847412109375,535106.9004827909,0.999783026346996,20.408590691380386,0.32890935526773407,0.07319245143574457,0.10081008970986989,,,
fixed_path,4,17,0.1,True,0.049068450927734375,61.22278013181599,0.9998147144469113,0.9999893558385897,26214,12863,0.049068450927734375,2.0379382725647206,0.09999847412109375,534233.2905232061,0.9998040722577103,20.37570074772022,0.30305700841675925,0.10657696434327354,0.08367224165316062,,,
fixed_plane,4,17,0.1,True,0.04886627197265625,61.24071153074886,0.9998005480351883,0.9999893994198535,26214,12810,0.04886627197265625,2.046370023419204,0.09999847412109375,536443.6234192038,0.9997899495693483,20.459714015605563,0.1648640871396849,0.10251403049229525,0.09413400401296101,,,
single_seg,4,17,0.1,True,0.049449920654296875,61.189147617886796,0.9997788000164274,0.9999892726102925,26214,12963,0.049449920654296875,2.0222170793797734,0.09999847412109375,530112.0740569313,0.9997680749996183,20.217789265810378,0.5987490291242489,0.10730719538134482,0.10018653314124673,,,
no_ga,4,17,0.1,True,0.06863021850585938,59.765649792621296,0.999732963250007,0.9999851116570848,26214,12387,0.047252655029296875,2.1162509082102203,0.09999847412109375,381960.0253460063,0.9997180788828266,14.566733148277455,0.07960246383546803,0.12325477483964957,0.09024602327949031,,,
unconstrained,4,17,0.1,True,0.04914093017578125,61.2163698799968,0.999815954837807,0.9999893396579148,26214,12882,0.04914093017578125,2.0349324639031208,0.09999847412109375,533445.3358174197,0.9998052964577062,20.3456730037734,0.31467209966246024,0.11008801448923533,0.07694664565697559,,,
full,4,18,0.1,True,0.04909515380859375,61.22041735915185,0.9998896206569631,0.9999833502337635,26214,12870,0.04909515380859375,2.036829836829837,0.09999847412109375,533942.7207459208,0.9998729727285168,20.366021799762574,0.45741164631921216,0.0905591282210276,0.09214280159126427,,,
no_T1T2,4,18,0.1,True,0.048740386962890625,61.251913880261604,0.9998607350112773,0.999983471458767,26214,12777,0.048740386962890625,2.0516553181498005,0.09999847412109375,537829.1317210613,0.9998442087718914,20.513669896243147,0.5027385472911325,0.12730048754244086,0.11889223399633621,,,
no_T3,4,18,0.1,True,0.04891204833984375,61.23664510271859,0.9998607216766329,0.9999834125010723,26214,12822,0.04891204833984375,2.044454843238184,0.09999847412109375,535941.5704258305,0.9998441364879842,20.441673788450018,0.33717052373960915,0.1141866369282125,0.08840746128460691,,,
no_T4,4,18,0.1,True,0.04900360107421875,61.2285236514149,0.9998344963393283,0.9999833812006104,26214,12846,0.04900360107421875,2.0406352171882296,0.09999847412109375,534940.2783745913,0.9998178802904109,20.40294709721699,0.6896136036690147,0.14579771654827411,0.13186635555787424,,,
no_decomp,4,18,0.1,True,0.048900604248046875,61.23766135282713,0.9998537321210599,0.9999834159744811,26214,12819,0.048900604248046875,2.0449333021296514,0.09999847412109375,536066.9955534753,0.9998371505212512,20.446314844078547,0.3466516232824357,0.11489699708431736,0.10956231463905744,,,
fixed_path,4,18,0.1,True,0.049449920654296875,61.189147617886796,0.9998694626540992,0.9999832309342734,26214,12963,0.049449920654296875,2.0222170793797734,0.09999847412109375,530112.0740569313,0.9998526957773619,20.219500507742094,0.8370060287361444,0.14277504164780996,0.11889718956309173,,,
fixed_plane,4,18,0.1,True,0.048908233642578125,61.236983826332924,0.9998192554946709,0.9999834137211097,26214,12821,0.048908233642578125,2.044614304656423,0.09999847412109375,535983.3722798533,0.9998026722136593,20.442420380998165,0.6128803220592418,0.14450612977496083,0.1436422193463015,,,
single_seg,4,18,0.1,True,0.0491180419921875,61.21839314805996,0.9998560404798985,0.9999833424395377,26214,12876,0.0491180419921875,2.0358807082945014,0.09999847412109375,533693.9123951538,0.9998393853174506,20.35584776519554,0.5119350492997263,0.11744595953273707,0.09831504471504159,,,
no_ga,4,18,0.1,True,0.06822967529296875,59.79107056403297,0.9998055000188948,0.9999768622568841,26214,12318,0.04698944091796875,2.128105211885046,0.09999847412109375,384202.3267359946,0.9997823667760695,14.653189575989375,0.32018840621117756,0.1015835801362677,0.10460539033478201,,,
unconstrained,4,18,0.1,True,0.049102783203125,61.21974251728599,0.9998297757067667,0.9999833478601478,26214,12872,0.049102783203125,2.036513362336855,0.09999847412109375,533859.7588564325,0.9998131264015132,20.36163861151323,0.279400457917956,0.11281172004214457,0.12912119336839512,,,
full,4,19,0.1,True,0.04883575439453125,61.243424599598,0.9997817397589881,0.9999942887786265,26214,12802,0.04883575439453125,2.0476488048742385,0.09999847412109375,536778.8483049524,0.9997760297841471,20.472214306493942,1.8644598482979007e-209,0.11503483005722158,0.11461561368146737,,,
no_T1T2,4,19,0.1,True,0.0659637451171875,59.93775055957958,0.9998005343804106,0.99999228142913,26214,12120,0.046234130859375,2.162871287128713,0.09999847412109375,397400.1165857044,0.9997928173491302,15.1567018454297,1.078482679033801e-308,0.08596159186868775,0.07468468999368971,,,
no_T3,4,19,0.1,True,0.04898834228515625,61.229876172390966,0.9998120222159347,0.9999942688485514,26214,12842,0.04898834228515625,2.0412708300887714,0.09999847412109375,535106.9004827909,0.9998062921418152,20.4090656165102,7.890389760013785e-298,0.1050623505703108,0.09354175565371832,,,
no_T4,4,19,0.1,True,0.048839569091796875,61.24308537328898,0.9998139449947431,0.9999942851454903,26214,12803,0.048839569091796875,2.0474888697961413,0.09999847412109375,536736.9222838397,0.9998082312035106,20.47127462005882,5.979289800676064e-281,0.09432321639681933,0.0959469946822675,,,
no_decomp,4,19,0.1,True,0.048740386962890625,61.251913880261604,0.999773003543039,0.9999942968205433,26214,12777,0.048740386962890625,2.0516553181498005,0.09999847412109375,537829.1317210613,0.9997673016581838,20.512092003277996,5.707744140166752e-274,0.1117393298467459,0.10469976991259893,,,
fixed_path,4,19,0.1,True,0.0493927001953125,61.19417592089036,0.999822582931803,0.9999942240358212,26214,12948,0.0493927001953125,2.0245597775718256,0.09999847412109375,530726.1983317886,0.9998168079923788,20.24219781544286,3.778087971118583e-202,0.10309596296446713,0.09661788692763008,,,
fixed_plane,4,19,0.1,True,0.04886627197265625,61.24071153074886,0.9997827096195167,0.9999942828531984,26214,12810,0.04886627197265625,2.046370023419204,0.09999847412109375,536443.6234192038,0.9997769937149961,20.459448886840274,7.346688577250038e-241,0.10344095437359258,0.10400691563732349,,,
single_seg,4,19,0.1,True,0.049442291259765625,61.1898177220108,0.9996819927370225,0.999994215642127,26214,12961,0.049442291259765625,2.0225291258390556,0.09999847412109375,530193.8751639534,0.9996762102186173,20.21905103399037,1.4880332420301748e-300,0.12361738753929845,0.14169091053303073,,,
no_ga,4,19,0.1,True,0.08782958984375,58.69439506227042,0.9995784732605973,0.9999897251604452,26214,11584,0.044189453125,2.262948895027624,0.09999847412109375,298464.3335649757,0.9995682027521621,11.380768195893971,1.170124067522949e-282,0.08526785597919019,0.075883475650681,,,
unconstrained,4,19,0.1,True,0.0491790771484375,61.212999859792745,0.9998111809185823,0.9999942459417948,26214,12892,0.0491790771484375,2.033354017995656,0.09999847412109375,533031.5556934533,0.9998054279468531,20.32989405086099,0.0,0.10087025901171512,0.08872778066392066,,,
full,4,20,0.1,True,0.049160003662109375,61.21468454301301,0.9998751381311658,0.9999954579755441,26214,12887,0.049160003662109375,2.0341429347404363,0.09999847412109375,533238.3654845969,0.9998705966738356,20.33910744893815,0.0,0.4907180143814501,0.2571595310597661,,,
no_T1T2,4,20,0.1,True,0.048900604248046875,61.23766135282713,0.9998800217645072,0.9999954814302232,26214,12819,0.048900604248046875,2.0449333021296514,0.09999847412109375,536066.9955534753,0.9998755037368604,20.44709915372459,0.0,0.49030990028573823,0.2504468267381077,,,
no_T3,4,20,0.1,True,0.049037933349609375,61.22548201840693,0.999794228719822,0.9999954722692013,26214,12855,0.049037933349609375,2.0392065344224037,0.09999847412109375,534565.7577596266,0.9997897019207003,20.388088029583823,0.0,0.5018904714924339,0.2937330410507843,,,
no_T4,4,20,0.1,True,0.0489959716796875,61.229199859251075,0.9998035288549163,0.9999954745833731,26214,12844,0.0489959716796875,2.0409529741513546,0.09999847412109375,535023.5764559327,0.9997990043274032,20.40573888122102,0.0,0.49275931117493976,0.264550745453753,,,
no_decomp,4,20,0.1,True,0.048854827880859375,61.24172873295962,0.9998505638155102,0.9999954869263195,26214,12807,0.048854827880859375,2.046849379245725,0.09999847412109375,536569.2836729913,0.9998460514162462,20.465654977938662,0.0,0.49807126112294176,0.2679881282629533,,,
fixed_path,4,20,0.1,True,0.049144744873046875,61.2160327602746,0.9996981451985235,0.9999954611557509,26214,12883,0.049144744873046875,2.034774509042925,0.09999847412109375,533403.9288985485,0.9996936077243463,20.341821090063732,0.0,0.5526032530941904,0.35715833538280356,,,
fixed_plane,4,20,0.1,True,0.048919677734375,61.235967734734835,0.9997015316566318,0.999995486118043,26214,12824,0.048919677734375,2.0441359950093574,0.09999847412109375,535857.986275733,0.9996970191219257,20.43547842956161,0.0,0.5105704597753756,0.27272395650100684,,,
single_seg,4,20,0.1,True,0.049266815185546875,61.20525872310236,0.9997881794111795,0.9999954502259537,26214,12915,0.049266815185546875,2.029732868757259,0.09999847412109375,532082.2931475029,0.999783630600869,20.29324661713002,0.0,0.5020515153772781,0.27069072803242333,,,
no_ga,4,20,0.1,True,0.08788681030273438,58.691566580643595,0.9997787739544312,0.999991880569616,26214,13193,0.050327301025390625,1.9869627832941712,0.09999847412109375,298270.01241373323,0.9997706563202766,11.375662091688987,0.0,0.4794416009188129,0.2490374707472076,,,
unconstrained,4,20,0.1,True,0.048919677734375,61.235967734734835,0.9997994500725919,0.9999954815729458,26214,12824,0.048919677734375,2.0441359950093574,0.09999847412109375,535857.986275733,0.9997949325517079,20.43747994376442,0.0,0.48038944905395115,0.2581405264510688,,,
full,4,21,0.1,True,0.048725128173828125,61.253273706439145,0.999545764597034,0.9999710751053108,26214,12773,0.048725128173828125,2.052297815705003,0.09999847412109375,537997.5586001723,0.9995168528410561,20.513375547730824,6.986679237721993e-32,0.10139651350824792,0.09373740953568668,,,
no_T1T2,4,21,0.1,True,0.04866790771484375,61.258376850051306,0.9995236086593648,0.9999711104070286,26214,12758,0.04866790771484375,2.0547107697131213,0.09999847412109375,538630.1000156765,0.9994947328291454,20.537039288506307,6.6107364318947975e-24,0.11502035842265346,0.09680851589850409,,,
no_T3,4,21,0.1,True,0.04885101318359375,61.24206785331423,0.9995220571404672,0.9999710007723573,26214,12806,0.04885101318359375,2.0470092144307355,0.09999847412109375,536611.1835077307,0.9994930717727983,20.460027472029395,2.0204998069823504e-26,0.10735089932571228,0.0945794287443534,,,
no_T4,4,21,0.1,True,0.04918670654296875,61.21232616944485,0.999567507721454,0.999970801268302,26214,12894,0.04918670654296875,2.03303862261517,0.09999847412109375,532948.8766868311,0.999538321617982,20.3213102049189,1.0241672921334278e-25,0.10190941149325443,0.0824006187463308,,,
no_decomp,4,21,0.1,True,0.048946380615234375,61.23359777843098,0.9995748884550372,0.9999709444222642,26214,12831,0.048946380615234375,2.0430208089782558,0.09999847412109375,535565.6469487959,0.9995458452291629,20.42124121672151,2.18564265648236e-28,0.09866881394059945,0.07530884698568215,,,
fixed_path,4,21,0.1,True,0.049163818359375,61.2143475540841,0.9994969154187952,0.9999708146212197,26214,12888,0.049163818359375,2.0339851024208566,0.09999847412109375,533196.990689013,0.9994677447227289,20.329335232200112,7.753396814630581e-29,0.1203505315180706,0.11202400568013843,,,
fixed_plane,4,21,0.1,True,0.04860687255859375,61.26382682073549,0.9995770127601925,0.999971145812867,26214,12742,0.04860687255859375,2.0572908491602573,0.09999847412109375,539306.4523622665,0.9995481707780124,20.563926830986603,2.1114516465576172e-38,0.08536196886058423,0.07886287022914683,,,
single_seg,4,21,0.1,True,0.049407958984375,61.19283447074254,0.9995230055830923,0.9999706706692327,26214,12952,0.049407958984375,2.0239345274861025,0.09999847412109375,530562.2927733168,0.999493690242252,20.229406573105692,1.6242872217911758e-26,0.10287270352780296,0.08538598478742773,,,
no_ga,4,21,0.1,True,0.10710906982421875,57.832541131188535,0.9988143108682017,0.9999364175225142,26214,10810,0.04123687744140625,2.424976873265495,0.09999847412109375,244741.1787164328,0.9987508037797684,9.324614670063523,6.568511843135563e-31,0.06925451966076146,0.05866082071781321,,,
unconstrained,4,21,0.1,True,0.048992156982421875,61.229538002656,0.9995901088244376,0.9999709181042233,26214,12843,0.048992156982421875,2.0411118897453866,0.09999847412109375,535065.2352254146,0.9995610388490733,20.40247052620505,6.879919403487905e-34,0.08896239166830311,0.07482396025012443,,,
full,4,22,0.1,True,0.0491485595703125,61.215695666719185,0.999351413657978,0.9999878698167789,26214,12884,0.0491485595703125,2.0346165787022663,0.09999847412109375,533362.5284073269,0.999339291342228,20.33303315659865,2.763496641990506e-303,0.15568508436046377,0.1318186701492718,,,
no_T1T2,4,22,0.1,True,0.04927825927734375,61.20425002612441,0.9994660341305461,0.9999878408524951,26214,12918,0.04927825927734375,2.0292614955875523,0.09999847412109375,531958.7254993033,0.9994538814756111,20.28184225929266,1.5019967510099403e-249,0.1418977297892665,0.12791804791557956,,,
no_T3,4,22,0.1,True,0.048980712890625,61.230552590867376,0.9994488155680631,0.9999879114158169,26214,12840,0.048980712890625,2.041588785046729,0.09999847412109375,535190.2504672897,0.9994367336469194,20.40469961878022,0.0,0.13904195395036423,0.11522164228455921,,,
no_T4,4,22,0.1,True,0.049121856689453125,61.21805587125173,0.9995209632185204,0.9999878771274902,26214,12877,0.049121856689453125,2.0357226061970954,0.09999847412109375,533652.4668789314,0.9995088461533124,20.34753801087318,8.730312137524449e-284,0.13892788903454362,0.11680122656843483,,,
no_decomp,4,22,0.1,True,0.048980712890625,61.230552590867376,0.9995929231081387,0.999987912063799,26214,12840,0.048980712890625,2.041588785046729,0.09999847412109375,535190.2504672897,0.9995808400926572,20.407641724707908,3.537093561182338e-266,0.13230884450890007,0.10834701690228787,,,
fixed_path,4,22,0.1,True,0.0494384765625,61.19015281284997,0.9996336347076746,0.9999877979852463,26214,12960,0.0494384765625,2.022685185185185,0.09999847412109375,530234.7851851851,0.9996214371633156,20.219503242572546,0.0,0.11975134680657067,0.0963243057155241,,,
fixed_plane,4,22,0.1,True,0.0489654541015625,61.23190574396105,0.999498800142966,0.9999879147464094,26214,12836,0.0489654541015625,2.042224992209411,0.09999847412109375,535357.0283577439,0.9994867209465027,20.412079072592707,8.807859248483001e-307,0.1394596206704763,0.11161116884713322,,,
single_seg,4,22,0.1,True,0.04925537109375,61.20626765441577,0.9995027486200347,0.9999878470155734,26214,12912,0.04925537109375,2.0302044609665426,0.09999847412109375,532205.9182156133,0.9994906016786964,20.29201241375931,8.049909786248431e-224,0.13845247403278502,0.11595400516884952,,,
no_ga,4,22,0.1,True,0.08768463134765625,58.701568804528506,0.9990203488725996,0.9999783584954124,26214,11578,0.04416656494140625,2.264121609949905,0.09999847412109375,298957.7488906291,0.9989987285691364,11.393088084139375,3.660238387826138e-276,0.1284711395249187,0.10444775598764316,,,
unconstrained,4,22,0.1,True,0.04914093017578125,61.2163698799968,0.999485924303467,0.9999878754662668,26214,12882,0.04914093017578125,2.0349324639031208,0.09999847412109375,533445.3358174197,0.999473806002662,20.338927293957603,1.9168997814889698e-218,0.15169528444920333,0.12024996775063071,,,
full,4,23,0.1,True,0.048980712890625,61.230552590867376,0.9996989806500809,0.9999926098946479,26214,12840,0.048980712890625,2.041588785046729,0.09999847412109375,535190.2504672897,0.9996915927692935,20.409902873435644,2.415621331968356e-16,0.07520792258091569,0.08585325393975986,,,
no_T1T2,4,23,0.1,True,0.049015045166015625,61.2275095370334,0.9995962511977473,0.999992605208123,26214,12849,0.049015045166015625,2.0401587672192387,0.09999847412109375,534815.3798739201,0.9995888593915088,20.3935109313042,9.286403871198893e-15,0.08313122596803475,0.10467130791680938,,,
no_T3,4,23,0.1,True,0.04903411865234375,61.22581987245191,0.9996374105903931,0.9999926016733239,26214,12854,0.04903411865234375,2.03936517815466,0.09999847412109375,534607.3452621752,0.999630014946272,20.386417507240978,7.692731141020456e-18,0.0910137477223357,0.10877652483808364,,,
no_T4,4,23,0.1,True,0.04917144775390625,61.21367365466169,0.9997280636672591,0.9999925810450734,26214,12890,0.04917144775390625,2.0336695112490304,0.09999847412109375,533114.2603568658,0.9997206467298159,20.33132422159355,1.7369847393909852e-15,0.07255705450310558,0.08263475026218141,,,
no_decomp,4,23,0.1,True,0.048885345458984375,61.239016722993085,0.9996223156831522,0.9999926242098334,26214,12815,0.048885345458984375,2.045571595786188,0.09999847412109375,536234.3204057745,0.9996149426787059,20.44815134869814,1.4660962862416093e-14,0.0969363152842978,0.10322267701857724,,,
fixed_path,4,23,0.1,True,0.049343109130859375,61.1985384976701,0.9996883250084816,0.9999925550950679,26214,12935,0.049343109130859375,2.0265945110166217,0.09999847412109375,531259.5914959413,0.9996808824239402,20.25978703070285,6.760884159239312e-16,0.08033807017857367,0.10351192264080065,,,
fixed_plane,4,23,0.1,True,0.04889678955078125,61.23800015571524,0.999711522676684,0.9999926224244193,26214,12818,0.04889678955078125,2.0450928381962865,0.09999847412109375,536108.8169761273,0.9997041472293665,20.445189886978863,1.7184357674235287e-17,0.08206020516487385,0.1034578832378792,,,
single_seg,4,23,0.1,True,0.049358367919921875,61.19719569953958,0.9996702122846526,0.9999925529886355,26214,12939,0.049358367919921875,2.025968003709715,0.09999847412109375,531095.3563644795,0.999662767729221,20.253156857841326,1.5067813514205038e-15,0.08984750820689054,0.10029062098941449,,,
no_ga,4,23,0.1,True,0.10477828979492188,57.92809055309999,0.9991618474996046,0.999984191224211,26214,12287,0.046871185302734375,2.1334744038414586,0.09999847412109375,250185.41580806058,0.9991460519739805,9.535811797745191,6.381709966284659e-18,0.047506528567856095,0.07150395170974894,,,
unconstrained,4,23,0.1,True,0.04901885986328125,61.22717155152259,0.9996467775469136,0.99999260408681,26214,12850,0.04901885986328125,2.04,0.09999847412109375,534773.76,0.9996393842461262,20.392954610413735,3.2875770529881185e-15,0.06949154516237607,0.09561098840806474,,,
full,4,24,0.1,True,0.04912567138671875,61.21771862063467,0.9994587732808962,0.9999886678921428,26214,12878,0.04912567138671875,2.035564528653518,0.09999847412109375,533611.0277993478,0.9994474473062785,20.344708155509945,8.178718451829922e-38,0.08657181044385932,0.09602963876592105,,,
no_T1T2,4,24,0.1,True,0.048816680908203125,61.245121128710174,0.9993967281058461,0.9999887394169334,26214,12797,0.048816680908203125,2.0484488552004376,0.09999847412109375,536988.5766976635,0.9993854743159728,20.47221268884007,2.1249719781804704e-32,0.09076662659413501,0.1082043398047838,,,
no_T3,4,24,0.1,True,0.049198150634765625,61.21131582982903,0.9994167196980664,0.9999886510547262,26214,12897,0.049198150634765625,2.0325657129565013,0.09999847412109375,532824.9062572691,0.9994053773724089,20.313880999140324,1.2831216022250893e-35,0.09398406654723693,0.10093719863454897,,,
no_T4,4,24,0.1,True,0.048793792724609375,61.247157838839286,0.9995212280897405,0.9999887444657812,26214,12791,0.048793792724609375,2.049409741224298,0.09999847412109375,537240.4672035024,0.9995099779443554,20.484367419141982,1.4004977007061032e-31,0.07801938896943508,0.08769525720854854,,,
no_decomp,4,24,0.1,True,0.04901885986328125,61.22717155152259,0.999558355414467,0.9999886928585097,26214,12850,0.04901885986328125,2.04,0.09999847412109375,534773.76,0.9995470532667146,20.39107102969258,1.0358244335281929e-37,0.07950935211556066,0.08857492327212889,,,
fixed_path,4,24,0.1,True,0.049083709716796875,61.221429818608364,0.9995527345913815,0.9999886784663538,26214,12867,0.049083709716796875,2.0373047330380043,0.09999847412109375,534067.2119375146,0.9995414181214656,20.3640153502785,3.503537815046373e-32,0.08384120081042654,0.08861806484741978,,,
fixed_plane,4,24,0.1,True,0.048854827880859375,61.24172873295962,0.99945595797635,0.9999887304701173,26214,12807,0.048854827880859375,2.046849379245725,0.09999847412109375,536569.2836729913,0.9994446945775651,20.4574396826221,1.4029356657333395e-36,0.08084064710266976,0.09438732983599964,,,
single_seg,4,24,0.1,True,0.049198150634765625,61.21131582982903,0.9993240173473347,0.999988651810904,26214,12897,0.049198150634765625,2.0325657129565013,0.09999847412109375,532824.9062572691,0.9993126768294176,20.311996770936716,1.2293980351102952e-36,0.10811962174798495,0.11794244800538019,,,
no_ga,4,24,0.1,True,0.1249237060546875,57.164355011020504,0.9988884547998228,0.9999711843178725,26214,13113,0.050022125244140625,1.9990848776023793,0.09999847412109375,209840.07621839503,0.9988596711476284,7.995757592320872,1.964711370777305e-39,0.046148686376821006,0.05281577645326555,,,
unconstrained,4,24,0.1,True,0.04923248291015625,61.20828622048465,0.9994665934447459,0.9999886436617208,26214,12906,0.04923248291015625,2.0311483031148305,0.09999847412109375,532453.3407717341,0.9994552431640119,20.300727976444037,2.519450859304157e-32,0.08689576119179657,0.09557729103213831,,,
full,4,25,0.1,True,0.04912567138671875,61.21771862063467,0.9996284735281071,0.9999895542408,26214,12878,0.04912567138671875,2.035564528653518,0.09999847412109375,533611.0277993478,0.9996180316497832,20.348180562882497,2.1657310985006442e-41,0.06811273755226206,0.07577427475633665,,,
no_T1T2,4,25,0.1,True,0.0491485595703125,61.215695666719185,0.9995307815087249,0.9999895493704777,26214,12884,0.0491485595703125,2.0346165787022663,0.09999847412109375,533362.5284073269,0.9995203357828312,20.336716773009506,1.9515269005222e-44,0.08081293652048735,0.09073544645950236,,,
no_T3,4,25,0.1,True,0.048976898193359375,61.230890839617025,0.9994430448477358,0.9999895857208998,26214,12839,0.048976898193359375,2.041747799672872,0.09999847412109375,535231.9351974453,0.999432636368922,20.406205236256305,6.624904961545993e-40,0.10550692339899416,0.11976831181752838,,,
no_T4,4,25,0.1,True,0.049182891845703125,61.2126630015557,0.9994631722727922,0.9999895419140047,26214,12893,0.049182891845703125,2.0331963080741486,0.09999847412109375,532990.2129837896,0.9994527198009875,20.321145876018775,1.7280860726843814e-38,0.10313832885276003,0.11443048248687868,,,
no_decomp,4,25,0.1,True,0.04868316650390625,61.25701542533199,0.9995346561723939,0.9999896484532069,26214,12762,0.04868316650390625,2.054066760695816,0.09999847412109375,538461.276915844,0.9995243094426293,20.531209886736296,2.3415161254649547e-50,0.08405915081352977,0.08908535320109452,,,
fixed_path,4,25,0.1,True,0.04926300048828125,61.20559500749751,0.9996173935085997,0.9999895248855374,26214,12914,0.04926300048828125,2.0298900418150843,0.09999847412109375,532123.4951215734,0.9996069224019839,20.291230994745675,2.3092268788096197e-42,0.07388629539178124,0.08519474089140676,,,
fixed_plane,4,25,0.1,True,0.048919677734375,61.235967734734835,0.999670292165926,0.9999895978969561,26214,12824,0.048919677734375,2.0441359950093574,0.09999847412109375,535857.986275733,0.9996598934925369,20.434719519627855,1.7329432680602776e-44,0.054818671566474346,0.06763032381864115,,,
single_seg,4,25,0.1,True,0.049274444580078125,61.204586232419835,0.9994202874228487,0.9999895226854292,26214,12917,0.049274444580078125,2.0294185956491444,0.09999847412109375,531999.9083378493,0.9994098161821089,20.28251814300865,2.567361737750765e-50,0.11329069440646237,0.12557169675575655,,,
no_ga,4,25,0.1,True,0.06932830810546875,59.72169759103073,0.9993331267112211,0.9999852587869941,26214,12442,0.04746246337890625,2.106895997428066,0.09999847412109375,378113.94387586665,0.9993183953287363,14.41429082343217,1.534636806440606e-46,0.07339473855907963,0.07957720073649893,,,
unconstrained,4,25,0.1,True,0.049358367919921875,61.19719569953958,0.9995773379388767,0.9999895048648201,26214,12939,0.049358367919921875,2.025968003709715,0.09999847412109375,531095.3563644795,0.9995668472395922,20.251213509759307,7.225379346026971e-44,0.07783833442926845,0.08963385727126223,,,
full,4,26,0.1,True,0.049266815185546875,61.20525872310236,0.9998780169807681,0.9999862198728782,26214,12915,0.049266815185546875,2.029732868757259,0.09999847412109375,532082.2931475029,0.9998642385345877,20.294882767821214,0.92737536065762,0.08007694779177962,0.08578381832899325,,,
no_T1T2,4,26,0.1,True,0.049076080322265625,61.22210492273206,0.9998503334569312,0.9999862733014028,26214,12865,0.049076080322265625,2.0376214535561603,0.09999847412109375,534150.2383210261,0.9998366088127615,20.37319611197921,0.9490066831081255,0.09864806777353159,0.10342522496537569,,,
no_T3,4,26,0.1,True,0.049312591552734375,61.20122534011542,0.9998876166658783,0.9999862070175839,26214,12927,0.049312591552734375,2.0278486887909026,0.09999847412109375,531588.3666744024,0.9998738252335636,20.276237645395476,0.762075917398334,0.054302293403867004,0.07906674907922819,,,
no_T4,4,26,0.1,True,0.048999786376953125,61.22886174217207,0.9998814147944942,0.9999862941165982,26214,12845,0.048999786376953125,2.0407940833008955,0.09999847412109375,534981.92417283,0.9998677105364074,20.405552441483533,0.8344821193898256,0.06079984548361789,0.08271193392442518,,,
no_decomp,4,26,0.1,True,0.04876708984375,61.24953520849655,0.9999027857617948,0.999986359409353,26214,12784,0.04876708984375,2.050531914893617,0.09999847412109375,537534.6382978724,0.9998891464972074,20.503358918911445,0.9152475469775369,0.05149391288248022,0.0610509912180174,,,
fixed_path,4,26,0.1,True,0.048969268798828125,61.23156741615976,0.9998756678299248,0.9999863030945993,26214,12837,0.048969268798828125,2.0420659032484227,0.09999847412109375,535315.3241411545,0.9998619726274901,20.418151978847142,0.8761397933204724,0.06400068362396348,0.09524327948539303,,,
fixed_plane,4,26,0.1,True,0.048797607421875,61.24681832081394,0.9998738593500335,0.9999863517309894,26214,12792,0.048797607421875,2.049249530956848,0.09999847412109375,537198.4690431519,0.9998602128026244,20.48994337280575,0.9439491087208113,0.08455148675028906,0.09412327827374846,,,
single_seg,4,26,0.1,True,0.049396514892578125,61.193840519506324,0.9998137416485395,0.9999861833955748,26214,12949,0.049396514892578125,2.0244034288362034,0.09999847412109375,530685.2124488377,0.9997999276175723,20.240292858551307,0.8123585161812441,0.13005633091842544,0.13666672923272807,,,
no_ga,4,26,0.1,True,0.08786392211914062,58.692697752247234,0.9997557054812973,0.9999754240233005,26214,11558,0.04409027099609375,2.268039453192594,0.09999847412109375,298347.71050232276,0.9997311355083742,11.378175608331839,0.7879968462208202,0.06900665156370897,0.09009555192146013,,,
unconstrained,4,26,0.1,True,0.04886627197265625,61.24071153074886,0.9998381642881864,0.9999863316576892,26214,12810,0.04886627197265625,2.046370023419204,0.09999847412109375,536443.6234192038,0.9998244981579015,20.460421018353234,0.9486573257989667,0.07859257642362452,0.11357167581815301,,,
full,4,27,0.1,True,0.04913330078125,61.21704419795779,0.9993831918623107,0.9999880362467874,26214,12880,0.04913330078125,2.035248447204969,0.09999847412109375,533528.1689440993,0.9993712354884385,20.339997915829287,0.0,0.08313293606386382,0.10034284397449027,,,
no_T1T2,4,27,0.1,True,0.04891204833984375,61.23664510271859,0.9993214883107151,0.9999880885073721,26214,12822,0.04891204833984375,2.044454843238184,0.09999847412109375,535941.5704258305,0.9993095849001742,20.43074495586268,0.0,0.07139606645403104,0.0922585571767453,,,
no_T3,4,27,0.1,True,0.04888916015625,61.23867784079409,0.9994679911132252,0.9999880951412791,26214,12816,0.04888916015625,2.0454119850187267,0.09999847412109375,536192.4794007491,0.9994560925879948,20.443306642898513,0.0,0.06949148087724275,0.08785251491948136,,,
no_T4,4,27,0.1,True,0.04894256591796875,61.23393626444644,0.9993680350924234,0.9999880808267172,26214,12830,0.04894256591796875,2.0431800467653938,0.09999847412109375,535607.3901792674,0.9993561234516399,20.41895647904183,0.0,0.08622725546899349,0.10586266902950564,,,
no_decomp,4,27,0.1,True,0.0487518310546875,61.25089428997191,0.9993528865432566,0.9999881284190011,26214,12780,0.0487518310546875,2.051173708920188,0.09999847412109375,537702.8807511737,0.9993410226445175,20.498533101731173,0.0,0.07185671694065789,0.09323109748872382,,,
fixed_path,4,27,0.1,True,0.04914093017578125,61.2163698799968,0.9994130465538422,0.9999880323124443,26214,12882,0.04914093017578125,2.0349324639031208,0.09999847412109375,533445.3358174197,0.9994010858907619,20.33744746621238,0.0,0.07203550381341749,0.09451554550021778,,,
fixed_plane,4,27,0.1,True,0.048870086669921875,61.240372516282505,0.9994197794702777,0.9999881035755945,26214,12811,0.048870086669921875,2.046210288033721,0.09999847412109375,536401.7497463118,0.9994078899484219,20.45029911034573,0.0,0.0638582506915776,0.08177505986734249,,,
single_seg,4,27,0.1,True,0.049221038818359375,61.20929585545817,0.9994015118377323,0.9999880668760749,26214,12903,0.049221038818359375,2.0316205533596836,0.09999847412109375,532577.1383399209,0.9993895858556406,20.304114050572817,0.0,0.07240223906195357,0.09389707265808753,,,
no_ga,4,27,0.1,True,0.1479949951171875,56.428333321603915,0.9981648776514673,0.9999639615547935,26214,10931,0.041698455810546875,2.3981337480559874,0.09999847412109375,177127.61150634085,0.998128905341217,6.744342297189607,0.0,0.05030139603565687,0.06397308770711348,,,
unconstrained,4,27,0.1,True,0.049163818359375,61.2143475540841,0.9994722235214837,0.9999880353673104,26214,12888,0.049163818359375,2.0339851024208566,0.09999847412109375,533196.990689013,0.9994602652034458,20.32918309757077,0.0,0.07377229948885608,0.09030781844556193,,,
full,4,28,0.1,True,0.0488128662109375,61.24546051407503,0.9996603216306338,0.9999890761020899,26214,12796,0.0488128662109375,2.0486089402938417,0.09999847412109375,537030.5420443888,0.9996494014433355,20.479219497652526,0.0025417626910313133,0.08780471714104623,0.10634477640302321,,,
no_T1T2,4,28,0.1,True,0.0489044189453125,61.23732257636774,0.9996872757480931,0.9999890556081366,26214,12820,0.0489044189453125,2.044773790951638,0.09999847412109375,536025.1806552262,0.9996763347788065,20.4414315993959,0.006419379189649903,0.09165873773759271,0.10100501935159133,,,
no_T3,4,28,0.1,True,0.049083709716796875,61.221429818608364,0.999710741679211,0.9999890152662773,26214,12867,0.049083709716796875,2.0373047330380043,0.09999847412109375,534067.2119375146,0.999699760122914,20.367241308592615,0.16081357598282603,0.08399093139062024,0.09661939811084551,,,
no_T4,4,28,0.1,True,0.049015045166015625,61.2275095370334,0.99968532890671,0.999989030820837,26214,12849,0.049015045166015625,2.0401587672192387,0.09999847412109375,534815.3798739201,0.9996743631792306,20.39525537094375,0.021597876650107532,0.08462052103626067,0.10418112380985019,,,
no_decomp,4,28,0.1,True,0.0490875244140625,61.2210923058964,0.9996923625724575,0.9999890144709584,26214,12868,0.0490875244140625,2.037146409698477,0.09999847412109375,534025.7084239975,0.9996813804229758,20.36528409928509,0.003621429634443087,0.07773969357631623,0.10087100791073433,,,
fixed_path,4,28,0.1,True,0.049579620361328125,61.17777163882085,0.9997395119259481,0.9999889043244202,26214,12997,0.049579620361328125,2.0169269831499577,0.09999847412109375,528725.3070708625,0.9997284191406595,20.164099923613836,0.0014800081656458914,0.05423595133957335,0.09430162999027214,,,
fixed_plane,4,28,0.1,True,0.0486907958984375,61.25633487298099,0.9997194254891214,0.999989103267091,26214,12764,0.0486907958984375,2.0537449075524914,0.09999847412109375,538376.9050454403,0.9997085318135579,20.531776352533164,0.029585758036986144,0.07956227018895674,0.09499184618061624,,,
single_seg,4,28,0.1,True,0.049224853515625,61.208959284386665,0.9996561707947732,0.9999889836951512,26214,12904,0.049224853515625,2.031463112213267,0.09999847412109375,532535.8660880347,0.9996451582776518,20.307732514843206,0.000876937601842518,0.1057312234650282,0.11304591964334541,,,
no_ga,4,28,0.1,True,0.08884429931640625,58.64450794284891,0.9995172442724499,0.999980118587555,26214,11707,0.044658660888671875,2.2391731442726575,0.09999847412109375,295055.50948905107,0.9994973724578706,11.249988802301246,0.0004314155521235728,0.050473521660332456,0.08246749167607065,,,
unconstrained,4,28,0.1,True,0.048984527587890625,61.230214368460054,0.9997159711735695,0.9999890377126815,26214,12841,0.048984527587890625,2.0414297951872906,0.09999847412109375,535148.5722295771,0.9997050119998566,20.40858738927579,0.004275518048401609,0.0718457458363582,0.09105973027379803,,,
