bias,chi2_p,cover,entropy,header_bits,lsb_bias_z,magic_hit_cover,magic_hit_stego,payload,rho1,rs_rate,variant,ws_rate
0.0006103608758678547,0.9999993665771933,8091,0.9999989250753613,,0.2841238899879686,,,uniform,-0.010873972900444394,0.07601721989548946,no_decomp,0.09313266519587537
0.0006103608758678547,,8091,0.9999989250753613,,,,,uniform,-0.010950368107312959,,T1T2_only,
0.0006103608758678547,,8091,0.9999989250753613,,,,,uniform,-0.009805799026087374,,T3_only,
0.0,,8091,1.0,,,,,uniform,-0.005379008967161349,,T4_only,
0.0035477225909819055,0.9999979079442977,8091,0.9999636832074104,00011101000001101110000101011000110000101001110001100101111110001001111000001010001111000010011011001100100011110110000011000100001010101001101110011100100011000111100001111011111111011101100111111000000000000000000000000000000000000000000000000000,1.8406286786177097,0,0,uniform,0.001818502010809733,0.07668604669793454,full,0.09228585699023495
,1.878900875079126e-75,8091,,,13.27970355378549,,,uniform,,0.0,cover,0.0
0.039330128938735054,0.9986394715348405,8091,0.9955320941096822,,6.361904493208863,,,ascii_text,-0.015241144581405776,0.07678436443661649,no_decomp,0.06042893980297145
0.039330128938735,,8091,0.9955320941096824,,,,,ascii_text,-0.015170499833565523,,T1T2_only,
0.039330128938735054,,8091,0.9955320941096822,,,,,ascii_text,-0.014095676643750173,,T3_only,
0.0016021972991531186,,8091,0.9999925930865751,,,,,ascii_text,-0.005999723667523073,,T4_only,
0.004119935912108019,0.9999542246106476,8091,0.9999510232040869,,0.18529818912258825,,,ascii_text,-0.0036916777184418568,0.0755331563675376,full,0.09057754725685381
,1.878900875079126e-75,8091,,,13.27970355378549,,,ascii_text,,0.0,cover,0.0
0.5,0.0,8091,3.986313713864835e-11,,80.95060222135471,,,all_zeros,0.0,0.0033817865039978616,no_decomp,0.0
0.5,,8091,3.986313713864835e-11,,,,,all_zeros,0.0,,T1T2_only,
0.5,,8091,3.986313713864835e-11,,,,,all_zeros,0.0,,T3_only,
0.001373311970702673,,8091,0.9999945581885259,,,,,all_zeros,0.003082756024973914,,T4_only,
0.001373311970702673,0.9995466828908682,8091,0.9999945581885259,,0.08647248825720784,,,all_zeros,0.003082756024973914,0.0749505342083918,full,0.08950431080974106
,1.878900875079126e-75,8091,,,13.27970355378549,,,all_zeros,,0.0,cover,0.0
0.008621347371633503,0.9952281461733933,6260,0.9997855251638048,,0.3582431656370039,,,uniform,-0.003008128386439342,0.05263533644964266,no_decomp,0.07774834669044625
0.008621347371633448,,6260,0.9997855251638047,,,,,uniform,-0.0030054884224545507,,T1T2_only,
0.008621347371633503,,6260,0.9997855251638048,,,,,uniform,-0.0028554867598396755,,T3_only,
0.0017547875181200823,,6260,0.9999911150600004,,,,,uniform,-0.006154383035717483,,T4_only,
0.0030518043793392735,0.999728339789239,6260,0.999973126723849,01101111110111011101110011001011001011110110101111110010111010010101110010001110110010001000110000110011001000010010110111000111001010011110100110000011101110110001001010110100110101010010111000011000000000000000000000000000000000000000000000000000,0.01235321260817255,0,0,uniform,-0.007400290085909331,0.04839731251712283,full,0.08143572851908444
,0.997962222829111,6260,,,1.5688580012379139,,,uniform,,0.0,cover,0.0
0.039330128938735054,0.7376555013244186,6260,0.9955320941096822,,6.361904493208863,,,ascii_text,-0.015241144581405776,0.05728317937184676,no_decomp,0.0538571339616815
0.039330128938735,,6260,0.9955320941096824,,,,,ascii_text,-0.015170499833565523,,T1T2_only,
0.039330128938735054,,6260,0.9955320941096822,,,,,ascii_text,-0.01293796594124833,,T3_only,
0.004615854123750651,,6260,0.9999385226903227,,,,,ascii_text,0.0010974833677655014,,T4_only,
0.0017166399633783413,0.9995856196447219,6260,0.9999914971635582,,0.11117891347355294,,,ascii_text,0.0022390311345292227,0.05718063968408111,full,0.0823482804807415
,0.997962222829111,6260,,,1.5688580012379139,,,ascii_text,,0.0,cover,0.0
0.5,0.0,6260,3.986313713864835e-11,,80.95060222135471,,,all_zeros,0.0,0.0,no_decomp,0.0
0.5,,6260,3.986313713864835e-11,,,,,all_zeros,0.0,,T1T2_only,
0.5,,6260,3.986313713864835e-11,,,,,all_zeros,0.0,,T3_only,
0.0011825741969939685,,6260,0.9999959648309207,,,,,all_zeros,0.0075099802996183,,T4_only,
0.0011825741969939685,0.999957988326915,6260,0.9999959648309207,,0.25941746477162353,,,all_zeros,0.0075099802996183,0.058043786812112697,full,0.08135866538109718
,0.997962222829111,6260,,,1.5688580012379139,,,all_zeros,,0.0,cover,0.0
0.0031280994888227553,0.9999819952022342,9642,0.9999717662553689,,1.3465001742908078,,,uniform,0.0028979667741134475,0.07206334153871158,no_decomp,0.08119120579412427
0.0031280994888227553,,9642,0.9999717662553689,,,,,uniform,0.002746316811013523,,T1T2_only,
0.0031280994888227553,,9642,0.9999717662553689,,,,,uniform,0.00457754010072557,,T3_only,
0.0009918364232852639,,9642,0.9999971615259693,,,,,uniform,-0.01171588204515974,,T4_only,
0.004272526131074983,0.99745667596992,9642,0.999947328064775,11010111101010000011101011100001011010011100101111011110010111011101101111110010000001001101100110110000011000000011010011010110100110110001011000101011001110010111000000100101101011010101010110100100000000000000000000000000000000000000000000000000,0.30883031520431375,0,0,uniform,0.0024831429695575755,0.08210760619056272,full,0.08101063773255242
,1.0134964644147502e-30,9642,,,1.1735551977763923,,,uniform,,0.0,cover,0.0
0.039330128938735054,0.13295682570867587,9642,0.9955320941096822,,6.361904493208863,,,ascii_text,-0.015241144581405776,0.07866968472421153,no_decomp,0.05331863397324684
0.039330128938735,,9642,0.9955320941096824,,,,,ascii_text,-0.015170499833565523,,T1T2_only,
0.039330128938735054,,9642,0.9955320941096822,,,,,ascii_text,-0.013257294922249654,,T3_only,
0.00289921416037231,,9642,0.9999757468829562,,,,,ascii_text,0.006947879583058305,,T4_only,
0.008201724269474353,0.9999940954854001,9642,0.9998058960639673,,1.618270851670604,,,ascii_text,0.0012966131897261112,0.07784305082938343,full,0.0888167938059598
,1.0134964644147502e-30,9642,,,1.1735551977763923,,,ascii_text,,0.0,cover,0.0
0.5,0.0,9642,3.986313713864835e-11,,80.95060222135471,,,all_zeros,0.0,0.0,no_decomp,0.0
0.5,,9642,3.986313713864835e-11,,,,,all_zeros,0.0,,T1T2_only,
0.5,,9642,3.986313713864835e-11,,,,,all_zeros,0.0,,T3_only,
0.0016021972991531186,,9642,0.9999925930865751,,,,,all_zeros,-0.0033290231345435243,,T4_only,
0.0016021972991531186,0.9997398368132018,9642,0.9999925930865751,,0.06176606304086275,,,all_zeros,-0.0033290231345435243,0.07401385670092019,full,0.08614300697317367
,1.0134964644147502e-30,9642,,,1.1735551977763923,,,all_zeros,,0.0,cover,0.0
0.0019455252918287869,0.9091517243828536,8444,0.9999890785728672,,0.5064817169350745,,,uniform,-0.005318234282926898,0.1013571432266847,no_decomp,0.11757785874261903
0.0019455252918287869,,8444,0.9999890785728672,,,,,uniform,-0.005241633722497522,,T1T2_only,
0.0019455252918287869,,8444,0.9999890785728672,,,,,uniform,-0.00585202712614574,,T3_only,
0.002746623941405346,,8444,0.9999782326719975,,,,,uniform,0.017099654007157978,,T4_only,
0.0033951323720149418,0.9892747716381507,8444,0.9999667400727337,11101110001001010101000110000111110111000011100101110010110000000100001101110101111011111111100111011101101110101001011001010101000110110000101100110100010000100100101100101001010111110011111100000100000000000000000000000000000000000000000000000000,1.2723808986417726,0,0,uniform,-0.013208127281388876,0.10229182809152036,full,0.11658522346402028
,5.121095298684375e-08,8444,,,1.5194451508052236,,,uniform,,0.008530224455486282,cover,0.008497288342881139
0.039330128938735054,0.023097204734194535,8444,0.9955320941096822,,6.361904493208863,,,ascii_text,-0.015241144581405776,0.09731691688051855,no_decomp,0.08145959939654251
0.039330128938735,,8444,0.9955320941096824,,,,,ascii_text,-0.015170499833565523,,T1T2_only,
0.039330128938735054,,8444,0.9955320941096822,,,,,ascii_text,-0.013705692154634148,,T3_only,
0.0015259021896696368,,8444,0.9999932817122481,,,,,ascii_text,-0.0030994114510397995,,T4_only,
0.0010299839780270048,0.9961099951997173,8444,0.9999969389827297,,0.9017845203965961,,,ascii_text,-0.005383275604422454,0.09928409962809293,full,0.11493057589246966
,5.121095298684375e-08,8444,,,1.5194451508052236,,,ascii_text,,0.008530224455486282,cover,0.008497288342881139
0.5,0.0,8444,3.986313713864835e-11,,80.95060222135471,,,all_zeros,0.0,0.010516307511060254,no_decomp,0.007961836716514403
0.5,,8444,3.986313713864835e-11,,,,,all_zeros,0.0,,T1T2_only,
0.5,,8444,3.986313713864835e-11,,,,,all_zeros,0.0,,T3_only,
0.0012207217517357094,,8444,0.9999957002982415,,,,,all_zeros,-0.003935521073245122,,T4_only,
0.0012207217517357094,0.9973382907183168,8444,0.9999957002982415,,0.6794266934494902,,,all_zeros,-0.003935521073245122,0.10025801203237256,full,0.11655035836755293
,5.121095298684375e-08,8444,,,1.5194451508052236,,,all_zeros,,0.008530224455486282,cover,0.008497288342881139
0.0030899519340810144,0.8588609263687232,1264,0.9999724506886926,,0.8276652447475608,,,uniform,-0.0005341502030511986,0.10330037098426702,no_decomp,0.11117881394632946
0.0030899519340810144,,1264,0.9999724506886926,,,,,uniform,-0.0006099822102154187,,T1T2_only,
0.0030899519340810144,,1264,0.9999724506886926,,,,,uniform,0.0010676954621109337,,T3_only,
0.00026703288319218643,,1264,0.9999997942527472,,,,,uniform,0.014610791239015809,,T4_only,
0.0004196231021591501,0.6519964008309774,1264,0.9999994919302178,10101000100100000001010011111011110110111101001001010000101110011100110111110011011000110001000000011110000000101111010011111111100010101011100011101110101000101101000111000011110111000000111100100000000000000000000000000000000000000000000000000000,0.25941746477162353,0,0,uniform,0.010948070674562726,0.09462302035928817,full,0.11117266303898306
,3.2490300758626387e-70,1264,,,0.9264909456129412,,,uniform,,0.0,cover,0.0007749083643273461
0.039330128938735054,0.0002917297897958249,1264,0.9955320941096822,,6.361904493208863,,,ascii_text,-0.015241144581405776,0.10682254718913804,no_decomp,0.07428594307168866
0.039330128938735,,1264,0.9955320941096824,,,,,ascii_text,-0.015170499833565523,,T1T2_only,
0.039330128938735054,,1264,0.9955320941096822,,,,,ascii_text,-0.013564389116801034,,T3_only,
0.0035858701457236464,,1264,0.9999628979954283,,,,,ascii_text,-0.0014630249559551486,,T4_only,
0.001449607080186155,0.542357787119667,1264,0.9999939367462216,,0.6053074178004549,,,ascii_text,-0.001801204543495528,0.10026920283948629,full,0.11290086544251145
,3.2490300758626387e-70,1264,,,0.9264909456129412,,,ascii_text,,0.0,cover,0.0007749083643273461
0.5,0.0,1264,3.986313713864835e-11,,80.95060222135471,,,all_zeros,0.0,0.0,no_decomp,0.0019702946879350267
0.5,,1264,3.986313713864835e-11,,,,,all_zeros,0.0,,T1T2_only,
0.5,,1264,3.986313713864835e-11,,,,,all_zeros,0.0,,T3_only,
0.0010681315327687457,,1264,0.9999967080416078,,,,,all_zeros,0.0012545204294529672,,T4_only,
0.0010681315327687457,0.999102767808124,1264,0.9999967080416078,,0.6053074178004549,,,all_zeros,0.0012545204294529672,0.09827082479254132,full,0.11033594360400627
,3.2490300758626387e-70,1264,,,0.9264909456129412,,,all_zeros,,0.0,cover,0.0007749083643273461
0.0029755092698557917,0.9996878582432771,7865,0.9999744535996908,,2.0382800803484704,,,uniform,0.0034362657529282514,0.098671622713079,no_decomp,0.10581215878550186
0.0029755092698557917,,7865,0.9999744535996908,,,,,uniform,0.0035888671980179154,,T1T2_only,
0.0029755092698557917,,7865,0.9999744535996908,,,,,uniform,0.0018344009200536094,,T3_only,
0.0034332799267566827,,7865,0.9999659884537757,,,,,uniform,-0.0031373695407672015,,T4_only,
0.0019836728465705278,0.9988069132754183,7865,0.9999886460815388,00110101101001010110111001110100100100000101011111100000101001101000110111100100111101001101111110101100010100101000010001011111001010100011001110100110001111101010010110100000111010101001110101111000000000000000000000000000000000000000000000000000,1.9394543794830903,0,0,uniform,-0.008522800603500911,0.10368310087080423,full,0.10255063382129569
,1.0886430987975445e-33,7865,,,0.4817752917187294,,,uniform,,0.020592051085737268,cover,0.02198855630528842
0.039330128938735054,0.2290220868181495,7865,0.9955320941096822,,6.361904493208863,,,ascii_text,-0.015241144581405776,0.10359038110065019,no_decomp,0.07164980385860105
0.039330128938735,,7865,0.9955320941096824,,,,,ascii_text,-0.015170499833565523,,T1T2_only,
0.039330128938735054,,7865,0.9955320941096822,,,,,ascii_text,-0.014012782639988484,,T3_only,
0.001411459525444414,,7865,0.9999942516663307,,,,,ascii_text,-0.006989512381192191,,T4_only,
0.005836575875486361,0.9998814028567955,7865,0.9999017051714496,,1.2970873238581178,,,ascii_text,-0.007119410366216782,0.10317554427167698,full,0.10310717371525617
,1.0886430987975445e-33,7865,,,0.4817752917187294,,,ascii_text,,0.020592051085737268,cover,0.02198855630528842
0.5,0.0,7865,3.986313713864835e-11,,80.95060222135471,,,all_zeros,0.0,0.018594443309464404,no_decomp,0.016480988778760128
0.5,,7865,3.986313713864835e-11,,,,,all_zeros,0.0,,T1T2_only,
0.5,,7865,3.986313713864835e-11,,,,,all_zeros,0.0,,T3_only,
0.000953688868543523,,7865,0.9999973756713294,,,,,all_zeros,-0.0006521724564255421,,T4_only,
0.000953688868543523,0.9840446702597114,7865,0.9999973756713294,,1.371206599507153,,,all_zeros,-0.0006521724564255421,0.09426968596488283,full,0.10425596709071135
,1.0886430987975445e-33,7865,,,0.4817752917187294,,,all_zeros,,0.020592051085737268,cover,0.02198855630528842
0.002861066605630569,0.9999711592148836,5263,0.9999763809273918,,0.9511973708292862,,,uniform,-0.004496325265377052,0.03046403538282026,no_decomp,0.08380061775467121
0.002861066605630569,,5263,0.9999763809273918,,,,,uniform,-0.004496325265377035,,T1T2_only,
0.002861066605630569,,5263,0.9999763809273918,,,,,uniform,-0.004496325265377055,,T3_only,
0.0005340657663843729,,5263,0.9999991770108714,,,,,uniform,-0.00965285010294511,,T4_only,
0.0036240177004653873,0.998568497037343,5263,0.9999621043851676,01111000111110101000111010110111011111101100000110000000100011001100010111110100100010101010111111110000011001111001000010110110110000010011010110011110111100001111000000000101000001011111000100101000000000000000000000000000000000000000000000000000,0.11117891347355294,0,0,uniform,0.006013471969829381,0.04807013036696501,full,0.0822771585851042
,0.9939549800691777,5263,,,0.18529818912258825,,,uniform,,0.0,cover,0.0
0.039330128938735054,0.8826903189422388,5263,0.9955320941096822,,6.361904493208863,,,ascii_text,-0.015241144581405776,0.04155510205963737,no_decomp,0.05682588768382424
0.039330128938735,,5263,0.9955320941096824,,,,,ascii_text,-0.015170499833565523,,T1T2_only,
0.039330128938735054,,5263,0.9955320941096822,,,,,ascii_text,-0.013788584303802887,,T3_only,
0.0017166399633783413,,5263,0.9999914971635582,,,,,ascii_text,0.010403271862611013,,T4_only,
0.00030518043793392735,0.9966530793410076,5263,0.9999997312688904,,0.2841238899879686,,,ascii_text,0.006675708139207961,0.05201124027418945,full,0.08059020396822489
,0.9939549800691777,5263,,,0.18529818912258825,,,ascii_text,,0.0,cover,0.0
0.5,0.0,5263,3.986313713864835e-11,,80.95060222135471,,,all_zeros,0.0,0.0,no_decomp,0.0
0.5,,5263,3.986313713864835e-11,,,,,all_zeros,0.0,,T1T2_only,
0.5,,5263,3.986313713864835e-11,,,,,all_zeros,0.0,,T3_only,
0.0015640497444113777,,5263,0.9999929415983762,,,,,all_zeros,0.0016306390931759302,,T4_only,
0.0015640497444113777,0.9998063325823762,5263,0.9999929415983762,,0.5558945673677648,,,all_zeros,0.0016306390931759302,0.05049144880689853,full,0.07784421701218883
,0.9939549800691777,5263,,,0.18529818912258825,,,all_zeros,,0.0,cover,0.0
0.00026703288319218643,0.9999994676955567,279,0.9999997942527472,,0.30883031520431375,,,uniform,0.012016657813012142,0.12554426527186482,no_decomp,0.11732616848409351
0.00026703288319218643,,279,0.9999997942527472,,,,,uniform,0.012016657813012192,,T1T2_only,
0.00026703288319218643,,279,0.9999997942527472,,,,,uniform,0.011635204968206329,,T3_only,
0.008163576714732612,,279,0.9998076975629147,,,,,uniform,-0.0052667744967849275,,T4_only,
0.0017166399633783413,0.9999999235496397,279,0.9999914971635582,10111010111101110111101010100000100111001101000010010011110001011111111111100101111101000101101000010011100110001110011111100011110101001111101001110101010111010111110101101010000011111110100010000000000000000000000000000000000000000000000000000000,0.13588533868989805,0,0,uniform,-0.0045518387797030616,0.13024713534953816,full,0.12342626351928127
,3.813989569036507e-28,279,,,3.9406748220070433,,,uniform,,0.028772455196198435,cover,0.002296069624381363
0.039330128938735054,0.993885662028635,279,0.9955320941096822,,6.361904493208863,,,ascii_text,-0.015241144581405776,0.13244710612632196,no_decomp,0.08283087156167453
0.039330128938735,,279,0.9955320941096824,,,,,ascii_text,-0.015170499833565523,,T1T2_only,
0.039330128938735054,,279,0.9955320941096822,,,,,ascii_text,-0.014249222813723773,,T3_only,
0.0007248035400930775,,279,0.999998484188148,,,,,ascii_text,-0.012324147164978374,,T4_only,
0.004539559014267169,0.9999999344432432,279,0.9999405382298401,,0.43236244128603923,,,ascii_text,0.0001846230719888748,0.12595757236773797,full,0.11954597540842404
,3.813989569036507e-28,279,,,3.9406748220070433,,,ascii_text,,0.028772455196198435,cover,0.002296069624381363
0.5,0.0,279,3.986313713864835e-11,,80.95060222135471,,,all_zeros,0.0,0.017669731431292295,no_decomp,0.0013389818678706956
0.5,,279,3.986313713864835e-11,,,,,all_zeros,0.0,,T1T2_only,
0.5,,279,3.986313713864835e-11,,,,,all_zeros,0.0,,T3_only,
0.0031662470435644963,,279,0.9999710734238698,,,,,all_zeros,0.01136690778405811,,T4_only,
0.0031662470435644963,0.9999939174994664,279,0.9999710734238698,,1.3465001742908078,,,all_zeros,0.01136690778405811,0.1244356345364464,full,0.1143768246797818
,3.813989569036507e-28,279,,,3.9406748220070433,,,all_zeros,,0.028772455196198435,cover,0.002296069624381363
0.0035477225909819055,0.99999667366145,7741,0.9999636832074104,,0.21000461433893333,,,uniform,0.007465917598365196,0.11081868052791045,no_decomp,0.10544624831573675
0.0035477225909819055,,7741,0.9999636832074104,,,,,uniform,0.0072364775493026934,,T1T2_only,
0.0035477225909819055,,7741,0.9999636832074104,,,,,uniform,0.007694288720786051,,T3_only,
0.0011062790875104866,,7741,0.9999964687026006,,,,,uniform,-0.0056891246878170145,,T4_only,
0.001907377737087046,0.9999990505820967,7741,0.999989502666222,10011011000111000111101111100010010101000110001000111100101101100010011100101101010000010110000110010010011011110101011011110100110011101010101111010001101110011011001010100010111101011011110001111000000000000000000000000000000000000000000000000000,0.9017845203965961,0,0,uniform,0.009866185185863905,0.10765941596286513,full,0.10521129595441225
,0.04457953256895155,7741,,,0.11117891347355294,,,uniform,,0.008289778717104982,cover,0.0
0.039330128938735054,0.9261308431869516,7741,0.9955320941096822,,6.361904493208863,,,ascii_text,-0.015241144581405776,0.11000423671480022,no_decomp,0.07434167550959335
0.039330128938735,,7741,0.9955320941096824,,,,,ascii_text,-0.015170499833565523,,T1T2_only,
0.039330128938735054,,7741,0.9955320941096822,,,,,ascii_text,-0.012713761113987521,,T3_only,
0.0014877546349278958,,7741,0.9999936134281955,,,,,ascii_text,0.003844002107314915,,T4_only,
0.002784771496147087,0.9999998143573989,7741,0.9999776238219051,,0.08647248825720784,,,ascii_text,0.007408266067196339,0.1059464377260849,full,0.10536961849037403
,0.04457953256895155,7741,,,0.11117891347355294,,,ascii_text,,0.008289778717104982,cover,0.0
0.5,0.0,7741,3.986313713864835e-11,,80.95060222135471,,,all_zeros,0.0,0.009335475588506259,no_decomp,0.0
0.5,,7741,3.986313713864835e-11,,,,,all_zeros,0.0,,T1T2_only,
0.5,,7741,3.986313713864835e-11,,,,,all_zeros,0.0,,T3_only,
0.004310673685816724,,7741,0.9999463832838245,,,,,all_zeros,0.01392739012502978,,T4_only,
0.004310673685816724,0.9999250688369384,7741,0.9999463832838245,,1.8900415290504,,,all_zeros,0.01392739012502978,0.10559339181023024,full,0.10545956035124895
,0.04457953256895155,7741,,,0.11117891347355294,,,all_zeros,,0.008289778717104982,cover,0.0
0.0008010986495765593,0.9999977221390686,5559,0.9999981482740206,,0.18529818912258825,,,uniform,-0.008509696494098884,0.12311901613942007,no_decomp,0.11513077066275905
0.0008010986495765593,,5559,0.9999981482740206,,,,,uniform,-0.008433518657110015,,T1T2_only,
0.0008010986495765593,,5559,0.9999981482740206,,,,,uniform,-0.010035660628603464,,T3_only,
0.0039673456931410556,,5559,0.9999545839687269,,,,,uniform,-0.005137104471023266,,T4_only,
0.004730296787975874,0.9999924470292834,5559,0.9999354363917985,10101000100101111000010101000110111000000011111101011001101011111000010100110001001110100000100100110100001001101001100010000100110011110000000101010100110010100000000101111001001101001110110110101000000000000000000000000000000000000000000000000000,1.0006102212619765,0,0,uniform,-0.0037903014518115793,0.11672672763802197,full,0.11038756176078249
,0.9929182328604707,5559,,,0.08647248825720784,,,uniform,,0.004415549199230972,cover,0.0073431731099281436
0.039330128938735054,0.9264982654842691,5559,0.9955320941096822,,6.361904493208863,,,ascii_text,-0.015241144581405776,0.13137532521036616,no_decomp,0.07703854743181536
0.039330128938735,,5559,0.9955320941096824,,,,,ascii_text,-0.015170499833565523,,T1T2_only,
0.039330128938735054,,5559,0.9955320941096822,,,,,ascii_text,-0.014473418368019965,,T3_only,
0.002441443503471419,,5559,0.9999828011417078,,,,,ascii_text,0.006271260571379152,,T4_only,
0.0020981155107957505,0.9999923654556372,5559,0.9999872982196591,,1.1488487725600471,,,ascii_text,-0.007914272899692421,0.11027026389407148,full,0.11210852053506601
,0.9929182328604707,5559,,,0.08647248825720784,,,ascii_text,,0.004415549199230972,cover,0.0073431731099281436
0.5,0.0,5559,3.986313713864835e-11,,80.95060222135471,,,all_zeros,0.0,0.01790140895627009,no_decomp,0.003549468754763311
0.5,,5559,3.986313713864835e-11,,,,,all_zeros,0.0,,T1T2_only,
0.5,,5559,3.986313713864835e-11,,,,,all_zeros,0.0,,T3_only,
0.0005340657663843729,,5559,0.9999991770108714,,,,,all_zeros,0.003165231912190829,,T4_only,
0.0005340657663843729,0.9999928257970707,5559,0.9999991770108714,,0.4817752917187294,,,all_zeros,0.003165231912190829,0.12102721888527976,full,0.11601226116784058
,0.9929182328604707,5559,,,0.08647248825720784,,,all_zeros,,0.004415549199230972,cover,0.0073431731099281436
0.0040054932478827965,0.9944879058860674,2495,0.9999537063751558,,0.16059176390624313,,,uniform,0.0037897199188340115,0.06537621237054639,no_decomp,0.08675127345385
0.0040054932478827965,,2495,0.9999537063751558,,,,,uniform,0.0037128109439948805,,T1T2_only,
0.0040054932478827965,,2495,0.9999537063751558,,,,,uniform,0.004246319765383912,,T3_only,
0.0030136568245975326,,2495,0.9999737943608458,,,,,uniform,0.0019093390568815356,,T4_only,
0.0007629510948348184,0.9986559047141232,2495,0.9999983204300175,10011010001110001001011010101001101010110111000101001010100110100100100001101001101000010101001011101100000111111001110111001101110101001011001101011011111010110011011110000001111100011111110110010000000000000000000000000000000000000000000000000000,0.2841238899879686,0,0,uniform,-0.002710799295671159,0.07409462556677368,full,0.08424524348418494
,1.1105166096198093e-75,2495,,,3.0265370890022747,,,uniform,,0.0,cover,0.0
0.039330128938735054,0.6005648988169975,2495,0.9955320941096822,,6.361904493208863,,,ascii_text,-0.015241144581405776,0.07132388264303129,no_decomp,0.04912213938901894
0.039330128938735,,2495,0.9955320941096824,,,,,ascii_text,-0.015170499833565523,,T1T2_only,
0.039330128938735054,,2495,0.9955320941096822,,,,,ascii_text,-0.012170239727862523,,T3_only,
0.0030518043793392735,,2495,0.999973126723849,,,,,ascii_text,0.0012980082857968944,,T4_only,
0.00015259021896696368,0.9999889778649226,2495,0.9999999328172258,,0.5558945673677648,,,ascii_text,0.005760409373073229,0.0713290599478623,full,0.08306806439250441
,1.1105166096198093e-75,2495,,,3.0265370890022747,,,ascii_text,,0.0,cover,0.0
0.5,0.0,2495,3.986313713864835e-11,,80.95060222135471,,,all_zeros,0.0,0.0,no_decomp,0.0
0.5,,2495,3.986313713864835e-11,,,,,all_zeros,0.0,,T1T2_only,
0.5,,2495,3.986313713864835e-11,,,,,all_zeros,0.0,,T3_only,
0.004654001678492392,,2495,0.9999375023227263,,,,,all_zeros,-0.0017264925836714404,,T4_only,
0.004654001678492392,0.9674830196668588,2495,0.9999375023227263,,0.03705963782451765,,,all_zeros,-0.0017264925836714404,0.059077077103103025,full,0.08343468810897174
,1.1105166096198093e-75,2495,,,3.0265370890022747,,,all_zeros,,0.0,cover,0.0
0.0012970168612191912,0.9984889590662476,2340,0.9999951460391902,,1.0253166464783217,,,uniform,-0.008437716080457194,0.08396336953476738,no_decomp,0.105040817470149
0.0012970168612191912,,2340,0.9999951460391902,,,,,uniform,-0.008437716080457194,,T1T2_only,
0.0012970168612191912,,2340,0.9999951460391902,,,,,uniform,-0.008819411333454586,,T3_only,
0.003280689707789719,,2340,0.999968944540239,,,,,uniform,0.001215413191583385,,T4_only,
0.000953688868543523,0.999999259049703,2340,0.9999973756713294,11110011010010001111010011100100101010110110101111110001101010100000101100101010011011000010101010111101010101001001100010100110100010000101101101011001010000101010100000001010010111100010010010010000000000000000000000000000000000000000000000000000,0.3582431656370039,0,0,uniform,0.001712926578073123,0.07402890163576466,full,0.09702038732914343
,0.6106849809521436,2340,,,0.08647248825720784,,,uniform,,0.0,cover,0.0
0.039330128938735054,0.07577619094925919,2340,0.9955320941096822,,6.361904493208863,,,ascii_text,-0.015241144581405776,0.08101969346458132,no_decomp,0.06979265961567897
0.039330128938735,,2340,0.9955320941096824,,,,,ascii_text,-0.015170499833565523,,T1T2_only,
0.039330128938735054,,2340,0.9955320941096822,,,,,ascii_text,-0.013635038133829281,,T3_only,
0.0005722133211261138,,2340,0.9999990552420452,,,,,ascii_text,0.008200739553577146,,T4_only,
0.005569542992294174,0.9996883231532856,2340,0.9999104938993317,,0.43236244128603923,,,ascii_text,-0.0039021796136537537,0.08603411111290547,full,0.10335804877509289
,0.6106849809521436,2340,,,0.08647248825720784,,,ascii_text,,0.0,cover,0.0
0.5,0.0,2340,3.986313713864835e-11,,80.95060222135471,,,all_zeros,0.0,0.0,no_decomp,0.0
0.5,,2340,3.986313713864835e-11,,,,,all_zeros,0.0,,T1T2_only,
0.5,,2340,3.986313713864835e-11,,,,,all_zeros,0.0,,T3_only,
0.001411459525444414,,2340,0.9999942516663307,,,,,all_zeros,0.0047604788982973855,,T4_only,
0.001411459525444414,0.9727908592752931,2340,0.9999942516663307,,0.21000461433893333,,,all_zeros,0.0047604788982973855,0.07846791872968052,full,0.09923151509874542
,0.6106849809521436,2340,,,0.08647248825720784,,,all_zeros,,0.0,cover,0.0
0.0027084763866636052,0.9993860108860605,6502,0.9999788331239896,,0.01235321260817255,,,uniform,-0.005255912781081794,0.08167491537029437,no_decomp,0.08694863360848874
0.0027084763866636052,,6502,0.9999788331239896,,,,,uniform,-0.005255912781081775,,T1T2_only,
0.0027084763866636052,,6502,0.9999788331239896,,,,,uniform,-0.005331800416651236,,T3_only,
0.0017929350728618232,,6502,0.9999907245584925,,,,,uniform,0.010097027457154349,,T4_only,
0.001907377737087046,0.9999998856933026,6502,0.999989502666222,01011001110100011100001100110000110000101110101000010000010000011100111100101000010011111111101110010001100000110100110111100100111101011010011001111001110100110111010110000011110010010110011010011000000000000000000000000000000000000000000000000000,0.18529818912258825,0,0,uniform,-0.005088444410659362,0.08196565010021252,full,0.08790469097706734
,0.2132879782714822,6502,,,0.9264909456129412,,,uniform,,0.0,cover,0.0
0.039330128938735054,0.9655444389136285,6502,0.9955320941096822,,6.361904493208863,,,ascii_text,-0.015241144581405776,0.07493998757965228,no_decomp,0.05504708229315092
0.039330128938735,,6502,0.9955320941096824,,,,,ascii_text,-0.015170499833565523,,T1T2_only,
0.039330128938735054,,6502,0.9955320941096822,,,,,ascii_text,-0.014095676643750133,,T3_only,
0.00663767452506292,,6502,0.9998728696630624,,,,,ascii_text,0.0031432709900692545,,T4_only,
0.0017547875181200823,0.9999285403473219,6502,0.9999911150600004,,1.4700323003725333,,,ascii_text,-0.0019576748332871844,0.07842204204016574,full,0.0883625117973508
,0.2132879782714822,6502,,,0.9264909456129412,,,ascii_text,,0.0,cover,0.0
0.5,0.0,6502,3.986313713864835e-11,,80.95060222135471,,,all_zeros,0.0,0.0,no_decomp,0.0
0.5,,6502,3.986313713864835e-11,,,,,all_zeros,0.0,,T1T2_only,
0.5,,6502,3.986313713864835e-11,,,,,all_zeros,0.0,,T3_only,
0.004043640802624537,,6502,0.9999528203831989,,,,,all_zeros,0.002872866413336184,,T4_only,
0.004043640802624537,0.9999854738994842,6502,0.9999528203831989,,1.3465001742908078,,,all_zeros,0.002872866413336184,0.0790228340991655,full,0.08843438273157286
,0.2132879782714822,6502,,,0.9264909456129412,,,all_zeros,,0.0,cover,0.0
0.0017166399633783413,0.9999993190353551,9427,0.9999914971635582,,0.7041331186658353,,,uniform,-0.004017480273718151,0.09982666172197267,no_decomp,0.10097750374647695
0.0017166399633783413,,9427,0.9999914971635582,,,,,uniform,-0.004094045142100272,,T1T2_only,
0.0017166399633783413,,9427,0.9999914971635582,,,,,uniform,-0.0060778175717122315,,T3_only,
0.0007629510948348184,,9427,0.9999983204300175,,,,,uniform,-0.012095591463175737,,T4_only,
0.006942854962996847,0.9998157460068453,9427,0.9998609103938003,10011011000111010010101000000010010111001000000010110011011011100101011101111100100001001001011101100100101110000101101010111000001011111010110011110110000001001110101010001011010010001100101100100100000000000000000000000000000000000000000000000000,0.5806009925841098,0,0,uniform,0.005949255508549203,0.09544036472757741,full,0.10355063282307203
,0.004193114595089076,9427,,,0.25941746477162353,,,uniform,,0.006646787172173399,cover,0.0036123146691349355
0.039330128938735054,0.6122940745060405,9427,0.9955320941096822,,6.361904493208863,,,ascii_text,-0.015241144581405776,0.09083844973524449,no_decomp,0.06690190015413613
0.039330128938735,,9427,0.9955320941096824,,,,,ascii_text,-0.015170499833565523,,T1T2_only,
0.039330128938735054,,9427,0.9955320941096822,,,,,ascii_text,-0.013398601669279826,,T3_only,
0.004272526131074983,,9427,0.999947328064775,,,,,ascii_text,0.014081288973620699,,T4_only,
0.0005722133211261138,0.9999000555898484,9427,0.9999990552420452,,0.01235321260817255,,,ascii_text,-0.00629590326801322,0.09037599056041577,full,0.10143874830009887
,0.004193114595089076,9427,,,0.25941746477162353,,,ascii_text,,0.006646787172173399,cover,0.0036123146691349355
0.5,0.0,9427,3.986313713864835e-11,,80.95060222135471,,,all_zeros,0.0,0.0,no_decomp,0.0
0.5,,9427,3.986313713864835e-11,,,,,all_zeros,0.0,,T1T2_only,
0.5,,9427,3.986313713864835e-11,,,,,all_zeros,0.0,,T3_only,
0.0015259021896696368,,9427,0.9999932817122481,,,,,all_zeros,0.006590755777974993,,T4_only,
0.0015259021896696368,0.9999410738247545,9427,0.9999932817122481,,0.03705963782451765,,,all_zeros,0.006590755777974993,0.09719323130272055,full,0.1040246046954637
,0.004193114595089076,9427,,,0.25941746477162353,,,all_zeros,,0.006646787172173399,cover,0.0036123146691349355
0.004882887006942838,0.9996653561155735,1160,0.9999312037466646,,0.9017845203965961,,,uniform,0.0057427080536497565,0.09858970989452566,no_decomp,0.1194181135255716
0.004882887006942838,,1160,0.9999312037466646,,,,,uniform,0.0058182753334100005,,T1T2_only,
0.004882887006942838,,1160,0.9999312037466646,,,,,uniform,0.007268812876284214,,T3_only,
0.000457770656900891,,1160,0.9999993953549564,,,,,uniform,0.00041880263754268804,,T4_only,
0.000457770656900891,0.9999265328062005,1160,0.9999993953549564,11110100001010000000101110100011011101111001101000111010101011111011100000101110101010010001110000001111111110111111011010010111101100011001010000110101110011110111000100110000011111010001000100100000000000000000000000000000000000000000000000000000,0.9264909456129412,0,0,uniform,0.004233706844371015,0.10178146026150846,full,0.11820345050734364
,5.278848834745777e-15,1160,,,0.25941746477162353,,,uniform,,0.0010025716873936267,cover,0.010904938641795711
0.039330128938735054,0.8448218307322723,1160,0.9955320941096822,,6.361904493208863,,,ascii_text,-0.015241144581405776,0.10709724574840086,no_decomp,0.08513249094872033
0.039330128938735,,1160,0.9955320941096824,,,,,ascii_text,-0.015170499833565523,,T1T2_only,
0.039330128938735054,,1160,0.9955320941096822,,,,,ascii_text,-0.013552146911956985,,T3_only,
0.0029755092698557917,,1160,0.9999744535996908,,,,,ascii_text,0.010379179222395316,,T4_only,
0.0020218204013122687,0.9999999952210109,1160,0.9999882051922312,,0.6300138430168,,,ascii_text,0.010703387894618338,0.1048311634713601,full,0.11857748292568034
,5.278848834745777e-15,1160,,,0.25941746477162353,,,ascii_text,,0.0010025716873936267,cover,0.010904938641795711
0.5,0.0,1160,3.986313713864835e-11,,80.95060222135471,,,all_zeros,0.0,0.0,no_decomp,0.012138113199798227
0.5,,1160,3.986313713864835e-11,,,,,all_zeros,0.0,,T1T2_only,
0.5,,1160,3.986313713864835e-11,,,,,all_zeros,0.0,,T3_only,
0.0008392462043183002,,1160,0.9999979677201555,,,,,all_zeros,0.00758885829326988,,T4_only,
0.0008392462043183002,0.9969573669089892,1160,0.9999979677201555,,0.5311881421514196,,,all_zeros,0.00758885829326988,0.09342586754039858,full,0.1210472591809841
,5.278848834745777e-15,1160,,,0.25941746477162353,,,all_zeros,,0.0010025716873936267,cover,0.010904938641795711
0.0008010986495765593,0.9998237788296926,1598,0.9999981482740206,,0.7041331186658353,,,uniform,0.005147563800260866,0.09142372304135649,no_decomp,0.09508580481506833
0.0008010986495765593,,1598,0.9999981482740206,,,,,uniform,0.005147563800260868,,T1T2_only,
0.0008010986495765593,,1598,0.9999981482740206,,,,,uniform,0.005834366370244424,,T3_only,
0.002822919050888828,,1598,0.9999770065737057,,,,,uniform,-0.008768279289474814,,T4_only,
0.003662165255207128,0.9999968807571591,1598,0.9999613023766192,01101101010101111011001000101000100000001011101111100010100001111011101010000111000111000110011001011011000110101010000110001110101000111110010111110000111101101101010110101111111111000111110001100000000000000000000000000000000000000000000000000000,1.0253166464783217,0,0,uniform,0.002807677933019205,0.0851359101799328,full,0.09465390881907954
,0.9999994483592163,1598,,,0.4570688665023843,,,uniform,,0.0,cover,0.018443057034696488
0.039330128938735054,0.988624998933565,1598,0.9955320941096822,,6.361904493208863,,,ascii_text,-0.015241144581405776,0.08968571162264492,no_decomp,0.0694744411586197
0.039330128938735,,1598,0.9955320941096824,,,,,ascii_text,-0.015170499833565523,,T1T2_only,
0.039330128938735054,,1598,0.9955320941096822,,,,,ascii_text,-0.01348149196385565,,T3_only,
0.003852903028915833,,1598,0.9999571663592284,,,,,ascii_text,-0.007499480118884614,,T4_only,
0.0005722133211261138,0.9992298522707063,1598,0.9999990552420452,,2.3100507577282667,,,ascii_text,-0.0017180160611951982,0.08201035885710811,full,0.09117788357272688
,0.9999994483592163,1598,,,0.4570688665023843,,,ascii_text,,0.0,cover,0.018443057034696488
0.5,0.0,1598,3.986313713864835e-11,,80.95060222135471,,,all_zeros,0.0,0.0,no_decomp,0.017804875753298432
0.5,,1598,3.986313713864835e-11,,,,,all_zeros,0.0,,T1T2_only,
0.5,,1598,3.986313713864835e-11,,,,,all_zeros,0.0,,T3_only,
0.003700312809948869,,1598,0.9999604919697733,,,,,all_zeros,-0.00039813488117927177,,T4_only,
0.003700312809948869,0.9999820165278615,1598,0.9999604919697733,,0.3582431656370039,,,all_zeros,-0.00039813488117927177,0.09158270446474454,full,0.0931609608868429
,0.9999994483592163,1598,,,0.4570688665023843,,,all_zeros,,0.0,cover,0.018443057034696488
0.0017547875181200823,0.7432943774943184,9860,0.9999911150600004,,0.8276652447475608,,,uniform,-0.008748547676817077,0.0959202644126846,no_decomp,0.08827859323857422
0.0017547875181200823,,9860,0.9999911150600004,,,,,uniform,-0.008824579397328997,,T1T2_only,
0.0017547875181200823,,9860,0.9999911150600004,,,,,uniform,-0.006612176795911522,,T3_only,
0.0,,9860,1.0,,,,,uniform,-0.00026704452596769103,,T4_only,
0.0015640497444113777,0.2804400305663513,9860,0.9999929415983762,10010010111000011100000100000101011001100111001010010110100111011000110001101110101000001101001111000000001011111011101111000010100111001101100100010100010010110100011000000000011011000010000101100100000000000000000000000000000000000000000000000000,1.0253166464783217,0,0,uniform,-0.00012447416331533778,0.09290364397945264,full,0.08983431376761819
,6.625701583208335e-31,9860,,,0.21000461433893333,,,uniform,,0.0,cover,0.0
0.039330128938735054,0.0007304218339000135,9860,0.9955320941096822,,6.361904493208863,,,ascii_text,-0.015241144581405776,0.0910325049066104,no_decomp,0.05625780455205021
0.039330128938735,,9860,0.9955320941096824,,,,,ascii_text,-0.015170499833565523,,T1T2_only,
0.039330128938735054,,9860,0.9955320941096822,,,,,ascii_text,-0.013717936214076713,,T3_only,
0.0025558861676966416,,9860,0.999981150951096,,,,,ascii_text,-0.00616828256996112,,T4_only,
0.0007629510948348184,0.9620276576090502,9860,0.9999983204300175,,0.16059176390624313,,,ascii_text,0.00568200148978951,0.08973878384335789,full,0.0879635385163791
,6.625701583208335e-31,9860,,,0.21000461433893333,,,ascii_text,,0.0,cover,0.0
0.5,0.0,9860,3.986313713864835e-11,,80.95060222135471,,,all_zeros,0.0,0.0,no_decomp,0.0
0.5,,9860,3.986313713864835e-11,,,,,all_zeros,0.0,,T1T2_only,
0.5,,9860,3.986313713864835e-11,,,,,all_zeros,0.0,,T3_only,
0.0020218204013122687,,9860,0.9999882051922312,,,,,all_zeros,0.0026162784706964285,,T4_only,
0.0020218204013122687,0.9664101480058435,9860,0.9999882051922312,,0.7782523943148706,,,all_zeros,0.0026162784706964285,0.09217254797765445,full,0.08628523269567905
,6.625701583208335e-31,9860,,,0.21000461433893333,,,all_zeros,,0.0,cover,0.0
0.0,0.9998999195396155,7617,1.0,,0.8523716699639059,,,uniform,-0.0038530485636129636,0.014084443218949862,no_decomp,0.04252643080220371
0.0,,7617,1.0,,,,,uniform,-0.0037004525232581377,,T1T2_only,
0.0,,7617,1.0,,,,,uniform,-0.002861177212000007,,T3_only,
0.004806591897459356,,7617,0.9999333368664771,,,,,uniform,-0.0021900846712341977,,T4_only,
0.0017166399633783413,0.9935196012002566,7617,0.9999914971635582,11010001000111111111100011000000011000101000110010000100100010101001111001110001011000010010011011010010111011111000011001110011011010010111001001110011100011000001111011110110011001011000001110111000000000000000000000000000000000000000000000000000,0.21000461433893333,0,0,uniform,-0.011113017831663704,0.016314080632182187,full,0.046245217117769216
,1.22105253359594e-103,7617,,,1.8900415290504,,,uniform,,0.0,cover,0.0
0.039330128938735054,0.583301850014317,7617,0.9955320941096822,,6.361904493208863,,,ascii_text,-0.015241144581405776,0.015513012197643672,no_decomp,0.016943025400750364
0.039330128938735,,7617,0.9955320941096824,,,,,ascii_text,-0.015170499833565523,,T1T2_only,
0.039330128938735054,,7617,0.9955320941096822,,,,,ascii_text,-0.014626963610697126,,T3_only,
0.0029373617151140508,,7617,0.9999751044403917,,,,,ascii_text,0.003208706950607295,,T4_only,
0.0034332799267566827,0.9963071911110106,7617,0.9999659884537757,,0.06176606304086275,,,ascii_text,0.005941999259577299,0.01351795507201966,full,0.04301240544554027
,1.22105253359594e-103,7617,,,1.8900415290504,,,ascii_text,,0.0,cover,0.0
0.5,0.0,7617,3.986313713864835e-11,,80.95060222135471,,,all_zeros,0.0,0.0,no_decomp,0.0
0.5,,7617,3.986313713864835e-11,,,,,all_zeros,0.0,,T1T2_only,
0.5,,7617,3.986313713864835e-11,,,,,all_zeros,0.0,,T3_only,
0.0001907377737087046,,7617,0.9999998950269142,,,,,all_zeros,0.003471416343934202,,T4_only,
0.0001907377737087046,0.9852323212298523,7617,0.9999998950269142,,1.395913024723498,,,all_zeros,0.003471416343934202,0.010983393005973705,full,0.04587753518089296
,1.22105253359594e-103,7617,,,1.8900415290504,,,all_zeros,,0.0,cover,0.0
0.003776607919432351,0.9859896102972291,6178,0.9999588459611525,,2.2359314820792315,,,uniform,-0.0005530226513054621,0.06409085479705814,no_decomp,0.07843761153534827
0.003776607919432351,,6178,0.9999588459611525,,,,,uniform,-0.0004004179040222411,,T1T2_only,
0.003776607919432351,,6178,0.9999588459611525,,,,,uniform,-0.0011634416404382685,,T3_only,
0.0029373617151140508,,6178,0.9999751044403917,,,,,uniform,0.008167805527591132,,T4_only,
0.001907377737087046,0.9937492218287022,6178,0.999989502666222,11101111111011010111000100100001100111101010001101001101101111001100001111101000101101110101100010110110011111111011101100011010010100100010100100100001101011010110101010111010101001010100010000011000000000000000000000000000000000000000000000000000,0.5064817169350745,0,0,uniform,-0.007224820067305559,0.06651271980279123,full,0.08085488415893052
,0.9869261268779483,6178,,,1.5688580012379139,,,uniform,,0.0,cover,0.0
0.039330128938735054,0.48632302133897254,6178,0.9955320941096822,,6.361904493208863,,,ascii_text,-0.015241144581405776,0.06771754901663106,no_decomp,0.04987179518044762
0.039330128938735,,6178,0.9955320941096824,,,,,ascii_text,-0.015170499833565523,,T1T2_only,
0.039330128938735054,,6178,0.9955320941096822,,,,,ascii_text,-0.013327945793882032,,T3_only,
0.0013351644159609322,,6178,0.9999948563128114,,,,,ascii_text,-0.0019525419475816797,,T4_only,
0.0013351644159609322,0.9999988504045796,6178,0.9999948563128114,,0.25941746477162353,,,ascii_text,-0.003555013034558919,0.06943011278437224,full,0.08048919101109582
,0.9869261268779483,6178,,,1.5688580012379139,,,ascii_text,,0.0,cover,0.0
0.5,0.0,6178,3.986313713864835e-11,,80.95060222135471,,,all_zeros,0.0,0.0,no_decomp,0.0
0.5,,6178,3.986313713864835e-11,,,,,all_zeros,0.0,,T1T2_only,
0.5,,6178,3.986313713864835e-11,,,,,all_zeros,0.0,,T3_only,
0.0033951323720149418,,6178,0.9999667400727337,,,,,all_zeros,0.006782875814506573,,T4_only,
0.0033951323720149418,0.99784014055236,6178,0.9999667400727337,,1.4206194499398432,,,all_zeros,0.006782875814506573,0.06570654675461801,full,0.07696927200673374
,0.9869261268779483,6178,,,1.5688580012379139,,,all_zeros,,0.0,cover,0.0
0.0007629510948348184,0.5307251389920382,3733,0.9999983204300175,,0.08647248825720784,,,uniform,0.002553662522484686,0.1748028709173969,no_decomp,0.14795003638054754
0.0007629510948348184,,3733,0.9999983204300175,,,,,uniform,0.0026300739314401873,,T1T2_only,
0.0007629510948348184,,3733,0.9999983204300175,,,,,uniform,0.0013328913570129868,,T3_only,
0.00034332799267566827,,3733,0.9999996598871838,,,,,uniform,0.005225891739872369,,T4_only,
0.0021744106202792324,0.97979623853156,3733,0.999986357655109,00011011000111100111111000001001011000110110011001100110110000101000111100100001111111001110001110000101011110010110011101000111011001110111011100010011000001101011010100001000000111001010100101110000000000000000000000000000000000000000000000000000,0.877078095180251,0,0,uniform,-0.010052630084966836,0.17241950701587452,full,0.1518325861432215
,1.3259737398094192e-39,3733,,,1.4453258751561882,,,uniform,,0.07826556972976441,cover,0.03616148675614357
0.039330128938735054,0.00010387321135233436,3733,0.9955320941096822,,6.361904493208863,,,ascii_text,-0.015241144581405776,0.158589667328733,no_decomp,0.1043159634256626
0.039330128938735,,3733,0.9955320941096824,,,,,ascii_text,-0.015170499833565523,,T1T2_only,
0.039330128938735054,,3733,0.9955320941096822,,,,,ascii_text,-0.014249222813723778,,T3_only,
0.0022125581750209733,,3733,0.9999858747758283,,,,,ascii_text,0.004978036113780325,,T4_only,
0.005683985656519397,0.0822392150244616,3733,0.9999067776952901,,1.9394543794830903,,,ascii_text,0.004868910405826621,0.17333734706349208,full,0.14524333607470652
,1.3259737398094192e-39,3733,,,1.4453258751561882,,,ascii_text,,0.07826556972976441,cover,0.03616148675614357
0.5,0.0,3733,3.986313713864835e-11,,80.95060222135471,,,all_zeros,0.0,0.03784098995876716,no_decomp,0.02258190989806737
0.5,,3733,3.986313713864835e-11,,,,,all_zeros,0.0,,T1T2_only,
0.5,,3733,3.986313713864835e-11,,,,,all_zeros,0.0,,T3_only,
0.001373311970702673,,3733,0.9999945581885259,,,,,all_zeros,0.002472367386385137,,T4_only,
0.001373311970702673,0.9061463727152347,3733,0.9999945581885259,,0.877078095180251,,,all_zeros,0.002472367386385137,0.17880594873778946,full,0.14498554105854394
,1.3259737398094192e-39,3733,,,1.4453258751561882,,,all_zeros,,0.07826556972976441,cover,0.03616148675614357
0.0030518043793392735,0.9999999746008564,2110,0.999973126723849,,0.30883031520431375,,,uniform,-0.005569069376076445,0.09859198072326811,no_decomp,0.07342434207382985
0.0030518043793392735,,2110,0.999973126723849,,,,,uniform,-0.005644904792413946,,T1T2_only,
0.0030518043793392735,,2110,0.999973126723849,,,,,uniform,-0.005416467650257059,,T3_only,
0.001449607080186155,,2110,0.9999939367462216,,,,,uniform,0.0058282200731801775,,T4_only,
0.001869230182345305,0.9999923850359114,2110,0.9999899183616079,01001101100000100011100110100011101100110000011010101010100100110100011101001100001011001011101001101011001111110100000011110110110010111011110100100011100100011100111000010001110111000111110000010000000000000000000000000000000000000000000000000000,2.137105781213851,0,0,uniform,0.0075017643412871515,0.0867056064310218,full,0.07082773711963021
,0.22363189233110226,2110,,,0.5806009925841098,,,uniform,,0.0,cover,0.0
0.039330128938735054,0.8414041464062649,2110,0.9955320941096822,,6.361904493208863,,,ascii_text,-0.015241144581405776,0.0816915466403198,no_decomp,0.042876407360948394
0.039330128938735,,2110,0.9955320941096824,,,,,ascii_text,-0.015170499833565523,,T1T2_only,
0.039330128938735054,,2110,0.9955320941096822,,,,,ascii_text,-0.012630875455894008,,T3_only,
0.000915541313801782,,2110,0.999997581418812,,,,,ascii_text,-0.010189033296641156,,T4_only,
0.0002288853284504455,0.9999928870074538,2110,0.9999998488387549,,0.23471103955527844,,,ascii_text,-0.0004198851672748063,0.08643504238092636,full,0.0698764087159494
,0.22363189233110226,2110,,,0.5806009925841098,,,ascii_text,,0.0,cover,0.0
0.5,0.0,2110,3.986313713864835e-11,,80.95060222135471,,,all_zeros,0.0,0.0,no_decomp,0.0
0.5,,2110,3.986313713864835e-11,,,,,all_zeros,0.0,,T1T2_only,
0.5,,2110,3.986313713864835e-11,,,,,all_zeros,0.0,,T3_only,
0.008468757152666484,,2110,0.9997930503671554,,,,,all_zeros,0.0004380570461521064,,T4_only,
0.008468757152666484,0.9999999829287964,2110,0.9997930503671554,,0.25941746477162353,,,all_zeros,0.0004380570461521064,0.07906042858689952,full,0.06480914106921949
,0.22363189233110226,2110,,,0.5806009925841098,,,all_zeros,,0.0,cover,0.0
0.005111772335393283,0.9989368713664287,3714,0.9999246028192773,,0.3582431656370039,,,uniform,-0.00029530330348369094,0.12311239943467829,no_decomp,0.09006699443844421
0.005111772335393283,,3714,0.9999246028192773,,,,,uniform,-6.560802671046739e-05,,T1T2_only,
0.005111772335393283,,3714,0.9999246028192773,,,,,uniform,0.0012308166236118818,,T3_only,
0.0006866559853513365,,3714,0.9999986395484144,,,,,uniform,-0.008738024465686053,,T4_only,
0.004348821240558465,0.9996417361706819,3714,0.9999454301044031,10111000100111100111100010110101001010111101000101011000101000011011100101000011110001000011000111000110000111010100011101100011101100010101110011001001111111110000110001010011001010000100000101110000000000000000000000000000000000000000000000000000,0.2841238899879686,0,0,uniform,0.008737429057093972,0.12182652855181904,full,0.09193010228717743
,0.9999968499289317,3714,,,0.08647248825720784,,,uniform,,0.027655039245087554,cover,0.00013433882082041496
0.039330128938735054,0.7373414540336818,3714,0.9955320941096822,,6.361904493208863,,,ascii_text,-0.015241144581405776,0.12247643040787269,no_decomp,0.0608279450104915
0.039330128938735,,3714,0.9955320941096824,,,,,ascii_text,-0.015170499833565523,,T1T2_only,
0.039330128938735054,,3714,0.9955320941096822,,,,,ascii_text,-0.014863407493618294,,T3_only,
0.001869230182345305,,3714,0.9999899183616079,,,,,ascii_text,0.0005582672573773294,,T4_only,
0.0003814755474174092,0.9999999643423025,3714,0.9999995801076265,,0.6794266934494902,,,ascii_text,-0.0025565103956185654,0.11695533272453824,full,0.08884852987621569
,0.9999968499289317,3714,,,0.08647248825720784,,,ascii_text,,0.027655039245087554,cover,0.00013433882082041496
0.5,0.0,3714,3.986313713864835e-11,,80.95060222135471,,,all_zeros,0.0,0.020723935464328765,no_decomp,0.0
0.5,,3714,3.986313713864835e-11,,,,,all_zeros,0.0,,T1T2_only,
0.5,,3714,3.986313713864835e-11,,,,,all_zeros,0.0,,T3_only,
0.0006485084306095956,,3714,0.9999987865108183,,,,,all_zeros,0.0029356962062808594,,T4_only,
0.0006485084306095956,0.9999847634477467,3714,0.9999987865108183,,0.25941746477162353,,,all_zeros,0.0029356962062808594,0.11914404474679595,full,0.0881480167835067
,0.9999968499289317,3714,,,0.08647248825720784,,,all_zeros,,0.027655039245087554,cover,0.00013433882082041496
0.0016784924086366004,0.9999999921299839,869,0.9999918708691704,,0.5806009925841098,,,uniform,0.00384156649485347,0.07134308843153019,no_decomp,0.06770341555364541
0.0016784924086366004,,869,0.9999918708691704,,,,,uniform,0.003918123445621076,,T1T2_only,
0.0016784924086366004,,869,0.9999918708691704,,,,,uniform,0.004986307766763363,,T3_only,
0.0012970168612191912,,869,0.9999951460391902,,,,,uniform,0.0012519970991589848,,T4_only,
0.003204394598306237,0.9999991534266229,869,0.9999703721941872,10011101010111101110010110011010000001011100011001110111001001010100101000000111011110111110100000000011101100011111000110111101010100001001111010111010000001101111000100110010100100101010011011000000000000000000000000000000000000000000000000000000,1.2970873238581178,0,0,uniform,-0.006717922158777598,0.07587505730588186,full,0.07340318255188971
,0.9999439968230684,869,,,1.2229680482090823,,,uniform,,0.0,cover,0.0
0.039330128938735054,0.9813217205268034,869,0.9955320941096822,,6.361904493208863,,,ascii_text,-0.015241144581405776,0.07256391942832927,no_decomp,0.04599120563704373
0.039330128938735,,869,0.9955320941096824,,,,,ascii_text,-0.015170499833565523,,T1T2_only,
0.039330128938735054,,869,0.9955320941096822,,,,,ascii_text,-0.013788584303802922,,T3_only,
0.0027084763866636052,,869,0.9999788331239896,,,,,ascii_text,0.006799528181296013,,T4_only,
0.002441443503471419,0.9999940163379444,869,0.9999828011417078,,0.9759037960456314,,,ascii_text,0.011001111900368057,0.06898100126875104,full,0.07058512640824186
,0.9999439968230684,869,,,1.2229680482090823,,,ascii_text,,0.0,cover,0.0
0.5,0.0,869,3.986313713864835e-11,,80.95060222135471,,,all_zeros,0.0,0.0,no_decomp,0.0
0.5,,869,3.986313713864835e-11,,,,,all_zeros,0.0,,T1T2_only,
0.5,,869,3.986313713864835e-11,,,,,all_zeros,0.0,,T3_only,
0.0013351644159609322,,869,0.9999948563128114,,,,,all_zeros,-0.0011899644451470914,,T4_only,
0.0013351644159609322,0.9999982034574174,869,0.9999948563128114,,0.30883031520431375,,,all_zeros,-0.0011899644451470914,0.0707458121109943,full,0.07484574582870289
,0.9999439968230684,869,,,1.2229680482090823,,,all_zeros,,0.0,cover,0.0
0.001831082627603564,0.9964932083124718,788,0.9999903256590299,,1.371206599507153,,,uniform,0.007730941716775414,0.10832534765548227,no_decomp,0.10981827262656418
0.001831082627603564,,788,0.9999903256590299,,,,,uniform,0.007578343629702237,,T1T2_only,
0.001831082627603564,,788,0.9999903256590299,,,,,uniform,0.007273147455555582,,T3_only,
0.003776607919432351,,788,0.9999588459611525,,,,,uniform,0.0008972953701519217,,T4_only,
0.0038910505836575737,0.9973406690978387,788,0.9999563139607531,11010101011110001011001011101100111111000011011101111110110111000101001000011011100100001101110010110010100010110010000111111011001000111101001110000010111001001111110010010111110111000010100011000000000000000000000000000000000000000000000000000000,0.03705963782451765,0,0,uniform,0.002725067770840544,0.10436697224500319,full,0.11221602826394916
,2.0485938972461317e-124,788,,,21.976365229938963,,,uniform,,0.02438166365872301,cover,0.006532885558974833
0.039330128938735054,0.6022678604323952,788,0.9955320941096822,,6.361904493208863,,,ascii_text,-0.015241144581405776,0.11228595553598711,no_decomp,0.07601738422604362
0.039330128938735,,788,0.9955320941096824,,,,,ascii_text,-0.015170499833565523,,T1T2_only,
0.039330128938735054,,788,0.9955320941096822,,,,,ascii_text,-0.012630875455894017,,T3_only,
0.005340657663843729,,788,0.9999176995377976,,,,,ascii_text,-0.0042728273728593795,,T4_only,
0.0019455252918287869,0.9806175156914747,788,0.9999890785728672,,0.8523716699639059,,,ascii_text,-0.0015792733006077875,0.10470498927396114,full,0.1084627842747842
,2.0485938972461317e-124,788,,,21.976365229938963,,,ascii_text,,0.02438166365872301,cover,0.006532885558974833
0.5,0.0,788,3.986313713864835e-11,,80.95060222135471,,,all_zeros,0.0,0.014923743893530425,no_decomp,0.006480357523069119
0.5,,788,3.986313713864835e-11,,,,,all_zeros,0.0,,T1T2_only,
0.5,,788,3.986313713864835e-11,,,,,all_zeros,0.0,,T3_only,
0.000915541313801782,,788,0.999997581418812,,,,,all_zeros,-0.0075948922745802915,,T4_only,
0.000915541313801782,0.9571273683178789,788,0.999997581418812,,2.8041792620551687,,,all_zeros,-0.0075948922745802915,0.1075339189514512,full,0.10718147869586636
,2.0485938972461317e-124,788,,,21.976365229938963,,,all_zeros,,0.02438166365872301,cover,0.006532885558974833
0.006866559853513365,0.9999961083667962,974,0.999863950607561,,0.33353674042065884,,,uniform,-0.009079043287755271,0.09380697598075846,no_decomp,0.09675264931988684
0.006866559853513365,,974,0.999863950607561,,,,,uniform,-0.009079043287755195,,T1T2_only,
0.006866559853513365,,974,0.999863950607561,,,,,uniform,-0.00946166623120239,,T3_only,
0.002403295948729678,,974,0.9999833344091427,,,,,uniform,-0.005249639308661262,,T4_only,
0.003662165255207128,0.9996633650264911,974,0.9999613023766192,10001110010010110000000111111100001100101110101000100011010111100111001100001100101101010011111011110000100001101100110101111110001110101110010010110110110110100010110001011010100001110111001111000000000000000000000000000000000000000000000000000000,0.06176606304086275,0,0,uniform,-0.012682220046069552,0.09022957590311584,full,0.09647131118626211
,0.03907722448672734,974,,,0.18529818912258825,,,uniform,,0.0,cover,0.0
0.039330128938735054,0.8422922026553246,974,0.9955320941096822,,6.361904493208863,,,ascii_text,-0.015241144581405776,0.08859486644664288,no_decomp,0.06367286748757718
0.039330128938735,,974,0.9955320941096824,,,,,ascii_text,-0.015170499833565523,,T1T2_only,
0.039330128938735054,,974,0.9955320941096822,,,,,ascii_text,-0.013788584303802915,,T3_only,
0.0004959182116426319,,974,0.9999992903818413,,,,,ascii_text,-0.0002681043026157072,,T4_only,
0.0012207217517357094,0.9999594502803445,974,0.9999957002982415,,0.877078095180251,,,ascii_text,-0.008818248526379774,0.09188233707689705,full,0.09841658917678205
,0.03907722448672734,974,,,0.18529818912258825,,,ascii_text,,0.0,cover,0.0
0.5,0.0,974,3.986313713864835e-11,,80.95060222135471,,,all_zeros,0.0,0.0,no_decomp,0.0
0.5,,974,3.986313713864835e-11,,,,,all_zeros,0.0,,T1T2_only,
0.5,,974,3.986313713864835e-11,,,,,all_zeros,0.0,,T3_only,
0.005302510109101988,,974,0.999918871081644,,,,,all_zeros,0.004122530221803167,,T4_only,
0.005302510109101988,0.9998064147956156,974,0.999918871081644,,0.08647248825720784,,,all_zeros,0.004122530221803167,0.08988347099476432,full,0.09618703355406426
,0.03907722448672734,974,,,0.18529818912258825,,,all_zeros,,0.0,cover,0.0
0.005149919890135024,0.9903883212972616,7184,0.9999234732692526,,0.6053074178004549,,,uniform,0.002602762517186169,0.09809950262847,no_decomp,0.09240931550507607
0.005149919890135024,,7184,0.9999234732692526,,,,,uniform,0.0026798495865088022,,T1T2_only,
0.005149919890135024,,7184,0.9999234732692526,,,,,uniform,0.0014573830430066144,,T3_only,
0.003662165255207128,,7184,0.9999613023766192,,,,,uniform,0.005859762484179944,,T4_only,
0.0009918364232852639,0.9780524185306673,7184,0.9999971615259693,01010011001100010110000101011001010010001010001010000000000100110011010101011001101011110010100011110001001000010010001001110001101111101110100110100110111100000110100010010101111111100000100000111000000000000000000000000000000000000000000000000000,0.5558945673677648,0,0,uniform,-0.003856999000102855,0.09660732371174842,full,0.09443303045478374
,3.482907254700251e-39,7184,,,1.2723808986417726,,,uniform,,0.0,cover,0.0019256569571900392
0.039330128938735054,0.08281300063499199,7184,0.9955320941096822,,6.361904493208863,,,ascii_text,-0.015241144581405776,0.09562539808599343,no_decomp,0.06595539668598856
0.039330128938735,,7184,0.9955320941096824,,,,,ascii_text,-0.015170499833565523,,T1T2_only,
0.039330128938735054,,7184,0.9955320941096822,,,,,ascii_text,-0.013020853453934783,,T3_only,
0.003356984817273201,,7184,0.999967483293458,,,,,ascii_text,0.008690924991432042,,T4_only,
0.0034332799267566827,0.8693502257542742,7184,0.9999659884537757,,0.23471103955527844,,,ascii_text,-0.006876679288503066,0.09959478337785074,full,0.09642317922410336
,3.482907254700251e-39,7184,,,1.2723808986417726,,,ascii_text,,0.0,cover,0.0019256569571900392
0.5,0.0,7184,3.986313713864835e-11,,80.95060222135471,,,all_zeros,0.0,0.004237807999879481,no_decomp,0.0029642887916461937
0.5,,7184,3.986313713864835e-11,,,,,all_zeros,0.0,,T1T2_only,
0.5,,7184,3.986313713864835e-11,,,,,all_zeros,0.0,,T3_only,
0.0026703288319218643,,7184,0.9999794251778886,,,,,all_zeros,0.002222331641562784,,T4_only,
0.0026703288319218643,0.9904906268046447,7184,0.9999794251778886,,0.21000461433893333,,,all_zeros,0.002222331641562784,0.09550895242188595,full,0.09574412079541784
,3.482907254700251e-39,7184,,,1.2723808986417726,,,all_zeros,,0.0,cover,0.0019256569571900392
0.0013351644159609322,0.9999570609439968,7736,0.9999948563128114,,1.5194451508052236,,,uniform,0.004914327438291183,0.08801106584768315,no_decomp,0.09422221556041346
0.0013351644159609322,,7736,0.9999948563128114,,,,,uniform,0.00499042616454949,,T1T2_only,
0.0013351644159609322,,7736,0.9999948563128114,,,,,uniform,0.004685231907438478,,T3_only,
0.003280689707789719,,7736,0.999968944540239,,,,,uniform,-0.009923571704783083,,T4_only,
0.004692149233234133,0.9998465094253696,7736,0.9999364735565557,10101100111101010101010100001011110010110101100101010111011100111001011001111101000110001111100100010110111111111011100011001101100100001011011010011001000101100101111010111101110101110001110001111000000000000000000000000000000000000000000000000000,1.1488487725600471,0,0,uniform,0.012692965949982859,0.086901368114514,full,0.09391510348094688
,4.5972922128682433e-29,7736,,,2.7794728368388237,,,uniform,,0.0,cover,0.0
0.039330128938735054,0.7030155742887536,7736,0.9955320941096822,,6.361904493208863,,,ascii_text,-0.015241144581405776,0.09028848917076666,no_decomp,0.06346933568581194
0.039330128938735,,7736,0.9955320941096824,,,,,ascii_text,-0.015170499833565523,,T1T2_only,
0.039330128938735054,,7736,0.9955320941096822,,,,,ascii_text,-0.013635038133829257,,T3_only,
0.0008010986495765593,,7736,0.9999981482740206,,,,,ascii_text,0.007512684256153603,,T4_only,
0.0024795910582131597,0.9904692092563553,7736,0.9999822594762259,,0.06176606304086275,,,ascii_text,-0.0021991415721665402,0.09111912128411809,full,0.09502586460132889
,4.5972922128682433e-29,7736,,,2.7794728368388237,,,ascii_text,,0.0,cover,0.0
0.5,0.0,7736,3.986313713864835e-11,,80.95060222135471,,,all_zeros,0.0,0.0,no_decomp,0.0
0.5,,7736,3.986313713864835e-11,,,,,all_zeros,0.0,,T1T2_only,
0.5,,7736,3.986313713864835e-11,,,,,all_zeros,0.0,,T3_only,
0.0021744106202792324,,7736,0.999986357655109,,,,,all_zeros,0.005589097959645086,,T4_only,
0.0021744106202792324,0.9864725745413069,7736,0.999986357655109,,0.16059176390624313,,,all_zeros,0.005589097959645086,0.09022421771726406,full,0.09106139289863055
,4.5972922128682433e-29,7736,,,2.7794728368388237,,,all_zeros,,0.0,cover,0.0
0.0030899519340810144,0.9965476297317651,3497,0.9999724506886926,,0.9759037960456314,,,uniform,-0.0022127707603995894,0.1309457234592083,no_decomp,0.08500782307192335
0.0030899519340810144,,3497,0.9999724506886926,,,,,uniform,-0.002365372629249266,,T1T2_only,
0.0030899519340810144,,3497,0.9999724506886926,,,,,uniform,-0.0014497614161504112,,T3_only,
0.0030136568245975326,,3497,0.9999737943608458,,,,,uniform,0.00984462145431434,,T4_only,
0.004730296787975874,0.9999940033361849,3497,0.9999354363917985,10011011110111010011111110110011010100111011100010111011001011011000000010110011111110010010001011001010111011011000000001111001111001100100011101010001001001110111001111100100001110101001010110110000000000000000000000000000000000000000000000000000,0.8523716699639059,0,0,uniform,0.0023140865640791236,0.1254038692090101,full,0.08389157133682827
,9.477737599292097e-16,3497,,,6.658381595805004,,,uniform,,0.04158235815614957,cover,0.0
0.039330128938735054,0.9998525705594726,3497,0.9955320941096822,,6.361904493208863,,,ascii_text,-0.015241144581405776,0.12846455980379498,no_decomp,0.05648662564739136
0.039330128938735,,3497,0.9955320941096824,,,,,ascii_text,-0.015170499833565523,,T1T2_only,
0.039330128938735054,,3497,0.9955320941096822,,,,,ascii_text,-0.012630875455894006,,T3_only,
0.0020218204013122687,,3497,0.9999882051922312,,,,,ascii_text,0.0020818787751484135,,T4_only,
0.0025558861676966416,0.9999985132177113,3497,0.999981150951096,,0.5558945673677648,,,ascii_text,0.00726051990555433,0.12314757546069614,full,0.08420865842317399
,9.477737599292097e-16,3497,,,6.658381595805004,,,ascii_text,,0.04158235815614957,cover,0.0
0.5,0.0,3497,3.986313713864835e-11,,80.95060222135471,,,all_zeros,0.0,0.034472555816896,no_decomp,0.0017112018273944592
0.5,,3497,3.986313713864835e-11,,,,,all_zeros,0.0,,T1T2_only,
0.5,,3497,3.986313713864835e-11,,,,,all_zeros,0.0,,T3_only,
0.0026321812771801234,,3497,0.9999800088337016,,,,,all_zeros,-0.0022789744326305364,,T4_only,
0.0026321812771801234,0.9999979487581186,3497,0.9999800088337016,,1.4206194499398432,,,all_zeros,-0.0022789744326305364,0.1200561217732208,full,0.08386539408817655
,9.477737599292097e-16,3497,,,6.658381595805004,,,all_zeros,,0.04158235815614957,cover,0.0
0.004234378576333242,0.9999933657943194,1974,0.9999482644472657,,1.8159222534013648,,,uniform,0.001491844431244471,0.06418642089313178,no_decomp,0.08604442274152292
0.004234378576333242,,1974,0.9999482644472657,,,,,uniform,0.001568796091561324,,T1T2_only,
0.004234378576333242,,1974,0.9999482644472657,,,,,uniform,0.0017214030777011058,,T3_only,
0.0010299839780270048,,1974,0.9999969389827297,,,,,uniform,-0.004849348047677974,,T4_only,
0.0022125581750209733,0.9998188560501288,1974,0.9999858747758283,10110001010011110100001110000010001111111100111101001100111011101000001110010001111100011110011100010000101111001100010101100000011111001001100111011110101110011100001100010001001011110110110111100000000000000000000000000000000000000000000000000000,0.382949590853349,0,0,uniform,-0.007459127803665418,0.061196069814401885,full,0.08188842745540885
,0.9814973589186721,1974,,,1.0500230716946666,,,uniform,,0.0,cover,0.0
0.039330128938735054,0.9923692337978747,1974,0.9955320941096822,,6.361904493208863,,,ascii_text,-0.015241144581405776,0.06491482870151377,no_decomp,0.050801997575368386
0.039330128938735,,1974,0.9955320941096824,,,,,ascii_text,-0.015170499833565523,,T1T2_only,
0.039330128938735054,,1974,0.9955320941096822,,,,,ascii_text,-0.013942130473776534,,T3_only,
0.00373846036469061,,1974,0.999959673164621,,,,,ascii_text,-0.01985577458562282,,T4_only,
0.0030136568245975326,0.9999999536267918,1974,0.9999737943608458,,0.9759037960456314,,,ascii_text,-0.007857162355343464,0.06510573016176323,full,0.08435774138756083
,0.9814973589186721,1974,,,1.0500230716946666,,,ascii_text,,0.0,cover,0.0
0.5,0.0,1974,3.986313713864835e-11,,80.95060222135471,,,all_zeros,0.0,0.0,no_decomp,0.0
0.5,,1974,3.986313713864835e-11,,,,,all_zeros,0.0,,T1T2_only,
0.5,,1974,3.986313713864835e-11,,,,,all_zeros,0.0,,T3_only,
0.004119935912108019,,1974,0.9999510232040869,,,,,all_zeros,0.005082562258528655,,T4_only,
0.004119935912108019,0.9999981979827914,1974,0.9999510232040869,,0.5311881421514196,,,all_zeros,0.005082562258528655,0.06131507694865194,full,0.07845165866889843
,0.9814973589186721,1974,,,1.0500230716946666,,,all_zeros,,0.0,cover,0.0
0.0009918364232852639,0.9999100362991797,6351,0.9999971615259693,,1.1735551977763923,,,uniform,-0.0028649719548919646,0.0862296767878443,no_decomp,0.08860054266046676
0.0009918364232852639,,6351,0.9999971615259693,,,,,uniform,-0.002712678871605523,,T1T2_only,
0.0009918364232852639,,6351,0.9999971615259693,,,,,uniform,-0.0019496955518127576,,T3_only,
0.005493247882810692,,6351,0.9999129293742248,,,,,uniform,0.0030460246863874127,,T4_only,
0.003242542153047978,0.9999776611289044,6351,0.999969662566313,11000000001001101110001100111110100001101100010000001000011100001001010101000010011110101000101010101111110000010000011001010010010101101110111110101001111110110001001111110111011001111111001100011000000000000000000000000000000000000000000000000000,0.08647248825720784,0,0,uniform,-0.0022924530451495194,0.10053693137115163,full,0.08625824701050125
,0.745326843403104,6351,,,0.8523716699639059,,,uniform,,0.007687342918503176,cover,0.0
0.039330128938735054,0.9982349167761715,6351,0.9955320941096822,,6.361904493208863,,,ascii_text,-0.015241144581405776,0.08641656712270068,no_decomp,0.05759142611870219
0.039330128938735,,6351,0.9955320941096824,,,,,ascii_text,-0.015170499833565523,,T1T2_only,
0.039330128938735054,,6351,0.9955320941096822,,,,,ascii_text,-0.013174399623908426,,T3_only,
0.0016784924086366004,,6351,0.9999918708691704,,,,,ascii_text,0.0026973413643156504,,T4_only,
0.0010681315327687457,0.999984599835172,6351,0.9999967080416078,,0.01235321260817255,,,ascii_text,0.0010254654398400035,0.0848307130931629,full,0.08231485902316432
,0.745326843403104,6351,,,0.8523716699639059,,,ascii_text,,0.007687342918503176,cover,0.0
0.5,0.0,6351,3.986313713864835e-11,,80.95060222135471,,,all_zeros,0.0,0.005412782216572277,no_decomp,0.0
0.5,,6351,3.986313713864835e-11,,,,,all_zeros,0.0,,T1T2_only,
0.5,,6351,3.986313713864835e-11,,,,,all_zeros,0.0,,T3_only,
0.0026703288319218643,,6351,0.9999794251778886,,,,,all_zeros,0.002298222355181256,,T4_only,
0.0026703288319218643,0.9999999708774675,6351,0.9999794251778886,,0.5806009925841098,,,all_zeros,0.002298222355181256,0.09350880155152357,full,0.08398603492041902
,0.745326843403104,6351,,,0.8523716699639059,,,all_zeros,,0.007687342918503176,cover,0.0
0.0008773937590600411,0.9999999981528986,5849,0.99999777876842,,0.6794266934494902,,,uniform,0.004078878581617792,0.07327532285891838,no_decomp,0.07581471318413292
0.0008773937590600411,,5849,0.99999777876842,,,,,uniform,0.00400244405933885,,T1T2_only,
0.0008773937590600411,,5849,0.99999777876842,,,,,uniform,0.004307903751869831,,T3_only,
0.004425116350041947,,5849,0.9999434985501028,,,,,uniform,-0.004389513121872492,,T4_only,
0.0010299839780270048,0.9999999660285905,5849,0.9999969389827297,10100100001011001111111111111001000001000110101110011101101011011011000011001110101000110000111011110110111101011010001111110100001110010110100111010101001100011101001011100011101011111001101101101000000000000000000000000000000000000000000000000000,0.03705963782451765,0,0,uniform,0.0017126243831922952,0.07676476905563444,full,0.07604480992818977
,9.827182192409857e-08,5849,,,4.261858349819529,,,uniform,,0.0013181399389579744,cover,0.0
0.039330128938735054,0.9589401695911451,5849,0.9955320941096822,,6.361904493208863,,,ascii_text,-0.015241144581405776,0.07885098529876489,no_decomp,0.04875776069587743
0.039330128938735,,5849,0.9955320941096824,,,,,ascii_text,-0.015170499833565523,,T1T2_only,
0.039330128938735054,,5849,0.9955320941096822,,,,,ascii_text,-0.015170499833565547,,T3_only,
0.004692149233234133,,5849,0.9999364735565557,,,,,ascii_text,-0.00516234332035686,,T4_only,
0.0008392462043183002,0.999744646359925,5849,0.9999979677201555,,0.23471103955527844,,,ascii_text,0.0020192120287891523,0.07413243803494143,full,0.0754002067563672
,9.827182192409857e-08,5849,,,4.261858349819529,,,ascii_text,,0.0013181399389579744,cover,0.0
0.5,0.0,5849,3.986313713864835e-11,,80.95060222135471,,,all_zeros,0.0,0.007485515481189801,no_decomp,0.0
0.5,,5849,3.986313713864835e-11,,,,,all_zeros,0.0,,T1T2_only,
0.5,,5849,3.986313713864835e-11,,,,,all_zeros,0.0,,T3_only,
0.0011825741969939685,,5849,0.9999959648309207,,,,,all_zeros,0.0075099802996182975,,T4_only,
0.0011825741969939685,0.9999999927285514,5849,0.9999959648309207,,1.5688580012379139,,,all_zeros,0.0075099802996182975,0.07407661328671658,full,0.07747976787554822
,9.827182192409857e-08,5849,,,4.261858349819529,,,all_zeros,,0.0013181399389579744,cover,0.0
0.001373311970702673,0.9977134826132229,2404,0.9999945581885259,,1.5194451508052236,,,uniform,-0.014542425622739014,0.1170555609976505,no_decomp,0.0918615540408397
0.001373311970702673,,2404,0.9999945581885259,,,,,uniform,-0.014542425622739025,,T1T2_only,
0.001373311970702673,,2404,0.9999945581885259,,,,,uniform,-0.013398161975668715,,T3_only,
0.003662165255207128,,2404,0.9999613023766192,,,,,uniform,0.0025793261225095423,,T4_only,
0.0017547875181200823,0.9558653700760579,2404,0.9999911150600004,01100000011011100010011111001011011010011100110111110000110010000011101100000001000001001111100101111100110110000011000101100100101111111110001000011010011000110001000111010111011100000010011010010000000000000000000000000000000000000000000000000000,1.2476744734254275,0,0,uniform,0.003687913098159535,0.11814047839717665,full,0.09238878911819934
,0.020170984478338965,2404,,,1.2723808986417726,,,uniform,,0.019359218257191644,cover,0.0014027278525139825
0.039330128938735054,0.36506651178894295,2404,0.9955320941096822,,6.361904493208863,,,ascii_text,-0.015241144581405776,0.12068755578720311,no_decomp,0.060509359814088955
0.039330128938735,,2404,0.9955320941096824,,,,,ascii_text,-0.015170499833565523,,T1T2_only,
0.039330128938735054,,2404,0.9955320941096822,,,,,ascii_text,-0.012406668774040296,,T3_only,
0.0026321812771801234,,2404,0.9999800088337016,,,,,ascii_text,0.008479750099055718,,T4_only,
0.0035095750362401645,0.9689855781634285,2404,0.999964460021123,,3.150069215084,,,ascii_text,-0.0032920988382049193,0.11734456321735964,full,0.0899656581267091
,0.020170984478338965,2404,,,1.2723808986417726,,,ascii_text,,0.019359218257191644,cover,0.0014027278525139825
0.5,0.0,2404,3.986313713864835e-11,,80.95060222135471,,,all_zeros,0.0,0.020831482784872003,no_decomp,0.0
0.5,,2404,3.986313713864835e-11,,,,,all_zeros,0.0,,T1T2_only,
0.5,,2404,3.986313713864835e-11,,,,,all_zeros,0.0,,T3_only,
0.009269855802243099,,2404,0.9997520435706855,,,,,all_zeros,-0.00015164085185001856,,T4_only,
0.009269855802243099,0.9994522245090899,2404,0.9997520435706855,,2.927711388136894,,,all_zeros,-0.00015164085185001856,0.11859239821978343,full,0.08772550995505662
,0.020170984478338965,2404,,,1.2723808986417726,,,all_zeros,,0.019359218257191644,cover,0.0014027278525139825
0.0030518043793392735,0.9999993257270369,6339,0.999973126723849,,0.23471103955527844,,,uniform,0.00015302677423647502,0.09792340986621022,no_decomp,0.06371476023818168
0.0030518043793392735,,6339,0.999973126723849,,,,,uniform,0.00022979620506101447,,T1T2_only,
0.0030518043793392735,,6339,0.999973126723849,,,,,uniform,0.0004591613975248288,,T3_only,
0.0004959182116426319,,6339,0.9999992903818413,,,,,uniform,0.0005712533541340506,,T4_only,
0.0026321812771801234,0.999924358289116,6339,0.9999800088337016,00001110000001111101111110011000000101110001101110101010011011100001011111101001010111000001100101001100011100100001010000001101111000110011100000011101101101011011101000011101011010011100001100011000000000000000000000000000000000000000000000000000,0.06176606304086275,0,0,uniform,-0.005330981053923475,0.10569560451005437,full,0.06951876092118746
,0.9999726012283974,6339,,,0.18529818912258825,,,uniform,,0.022870126583840522,cover,0.0
0.039330128938735054,0.948273707596382,6339,0.9955320941096822,,6.361904493208863,,,ascii_text,-0.015241144581405776,0.099758410979656,no_decomp,0.039683976484068205
0.039330128938735,,6339,0.9955320941096824,,,,,ascii_text,-0.015170499833565523,,T1T2_only,
0.039330128938735054,,6339,0.9955320941096822,,,,,ascii_text,-0.014639218797730821,,T3_only,
0.0004196231021591501,,6339,0.9999994919302178,,,,,ascii_text,0.0032420261255672496,,T4_only,
0.0007629510948348184,0.9999135753215904,6339,0.9999983204300175,,0.5806009925841098,,,ascii_text,0.0014854877526969444,0.10066129094802954,full,0.07433093254757767
,0.9999726012283974,6339,,,0.18529818912258825,,,ascii_text,,0.022870126583840522,cover,0.0
0.5,0.0,6339,3.986313713864835e-11,,80.95060222135471,,,all_zeros,0.0,0.01769172684704863,no_decomp,0.0
0.5,,6339,3.986313713864835e-11,,,,,all_zeros,0.0,,T1T2_only,
0.5,,6339,3.986313713864835e-11,,,,,all_zeros,0.0,,T3_only,
3.814755474174092e-05,,6339,0.9999999958010766,,,,,all_zeros,0.006370880355861201,,T4_only,
3.814755474174092e-05,0.9891808797585743,6339,0.9999999958010766,,1.1982616229927372,,,all_zeros,0.006370880355861201,0.11061845082344249,full,0.06642289162048735
,0.9999726012283974,6339,,,0.18529818912258825,,,all_zeros,,0.022870126583840522,cover,0.0
0.0016403448538948595,0.9999954685077432,3987,0.9999922361768413,,1.2229680482090823,,,uniform,-0.005695026093866313,0.14455295221528958,no_decomp,0.09609637599591414
0.0016403448538948595,,3987,0.9999922361768413,,,,,uniform,-0.005771076079027717,,T1T2_only,
0.0016403448538948595,,3987,0.9999922361768413,,,,,uniform,-0.007068405239764425,,T3_only,
0.007515068284122961,,3987,0.9998370378486152,,,,,uniform,0.004772677789015327,,T4_only,
0.001869230182345305,0.9999999998215912,3987,0.9999899183616079,00001011001010011110001100010110111101001000100000110111011110111011011001001110010001001000001010000010100101110001101110101000100001101011111000110100001111111010001110001110001111001100100111110000000000000000000000000000000000000000000000000000,0.5806009925841098,0,0,uniform,-0.008445024963944977,0.17081432888188508,full,0.08999519374354117
,0.9999563805466454,3987,,,0.21000461433893333,,,uniform,,0.034711050190392105,cover,0.01377256423567701
0.039330128938735054,0.9990822321695203,3987,0.9955320941096822,,6.361904493208863,,,ascii_text,-0.015241144581405776,0.14918472420945275,no_decomp,0.07049958222706001
0.039330128938735,,3987,0.9955320941096824,,,,,ascii_text,-0.015170499833565523,,T1T2_only,
0.039330128938735054,,3987,0.9955320941096822,,,,,ascii_text,-0.013705692154634158,,T3_only,
0.0016021972991531186,,3987,0.9999925930865751,,,,,ascii_text,-0.0046263452012046,,T4_only,
3.814755474174092e-05,0.9999144614239525,3987,0.9999999958010766,,0.382949590853349,,,ascii_text,-0.00263228607748523,0.15108353140309538,full,0.09037285366876827
,0.9999563805466454,3987,,,0.21000461433893333,,,ascii_text,,0.034711050190392105,cover,0.01377256423567701
0.5,0.0,3987,3.986313713864835e-11,,80.95060222135471,,,all_zeros,0.0,0.022948285342317538,no_decomp,0.005849329498667783
0.5,,3987,3.986313713864835e-11,,,,,all_zeros,0.0,,T1T2_only,
0.5,,3987,3.986313713864835e-11,,,,,all_zeros,0.0,,T3_only,
0.0025177386129549006,,3987,0.9999817094126906,,,,,all_zeros,0.01069440349962909,,T4_only,
0.0025177386129549006,0.9999993355336375,3987,0.9999817094126906,,1.0500230716946666,,,all_zeros,0.01069440349962909,0.16115592991688477,full,0.08803233270098045
,0.9999563805466454,3987,,,0.21000461433893333,,,all_zeros,,0.034711050190392105,cover,0.01377256423567701
0.002288853284504455,0.9999937936410914,9377,0.999984883823228,,1.0747294969110117,,,uniform,0.005663710050906741,0.0959901180730378,no_decomp,0.08570906112695284
0.002288853284504455,,9377,0.999984883823228,,,,,uniform,0.005587066030161658,,T1T2_only,
0.002288853284504455,,9377,0.999984883823228,,,,,uniform,0.0058922645069147085,,T3_only,
0.0035858701457236464,,9377,0.9999628979954283,,,,,uniform,-0.003371125574725979,,T4_only,
0.002784771496147087,0.9999999996124638,9377,0.9999776238219051,00110100000010010000000000000011001011011101011000110100101010101111111110000000100001001000101011011111001110110010000111100100001011100000110010011100011001010001011100010010001001101000010100100100000000000000000000000000000000000000000000000000,0.7535459690985254,0,0,uniform,7.550571099614351e-06,0.09034206244911475,full,0.08016853276922248
,0.9999974498823389,9377,,,2.5324085846753728,,,uniform,,0.0,cover,0.0
0.039330128938735054,0.9992905997383026,9377,0.9955320941096822,,6.361904493208863,,,ascii_text,-0.015241144581405776,0.07552274907675537,no_decomp,0.04612824686447343
0.039330128938735,,9377,0.9955320941096824,,,,,ascii_text,-0.015170499833565523,,T1T2_only,
0.039330128938735054,,9377,0.9955320941096822,,,,,ascii_text,-0.01332794579388204,,T3_only,
0.002403295948729678,,9377,0.9999833344091427,,,,,ascii_text,-0.001968384068697183,,T4_only,
0.004386968795300206,0.9993827870468915,9377,0.9999444685264995,,0.4817752917187294,,,ascii_text,0.0008005024617141667,0.09475659705804414,full,0.08782627628229146
,0.9999974498823389,9377,,,2.5324085846753728,,,ascii_text,,0.0,cover,0.0
0.5,0.0,9377,3.986313713864835e-11,,80.95060222135471,,,all_zeros,0.0,0.0,no_decomp,0.0
0.5,,9377,3.986313713864835e-11,,,,,all_zeros,0.0,,T1T2_only,
0.5,,9377,3.986313713864835e-11,,,,,all_zeros,0.0,,T3_only,
0.004539559014267169,,9377,0.9999405382298401,,,,,all_zeros,-0.0010362458952268283,,T4_only,
0.004539559014267169,0.9999289900768531,9377,0.9999405382298401,,1.2229680482090823,,,all_zeros,-0.0010362458952268283,0.09525267145641858,full,0.08227161751459937
,0.9999974498823389,9377,,,2.5324085846753728,,,all_zeros,,0.0,cover,0.0
0.003242542153047978,0.9992698260808796,9448,0.999969662566313,,0.13588533868989805,,,uniform,-0.004735085540086406,0.0877807209314711,no_decomp,0.10947762613532278
0.003242542153047978,,9448,0.999969662566313,,,,,uniform,-0.004581488793577931,,T1T2_only,
0.003242542153047978,,9448,0.999969662566313,,,,,uniform,-0.0063369112641771955,,T3_only,
0.0014877546349278958,,9448,0.9999936134281955,,,,,uniform,-0.0029463527404230763,,T4_only,
0.0007248035400930775,0.9999947779047275,9448,0.999998484188148,11100001111111111001100101001110011100111011111001010010110001111111101000101000010001011110010110011111110010001001111010100111000110101011000111001111100110110011101010111011110111100001011100100100000000000000000000000000000000000000000000000000,1.4453258751561882,0,0,uniform,0.003469467143555062,0.08656837380214298,full,0.10968102961491513
,2.1645111712732542e-11,9448,,,0.11117891347355294,,,uniform,,0.0,cover,0.016100277412705175
0.039330128938735054,0.8210174447569483,9448,0.9955320941096822,,6.361904493208863,,,ascii_text,-0.015241144581405776,0.08947481639123188,no_decomp,0.08223534009591238
0.039330128938735,,9448,0.9955320941096824,,,,,ascii_text,-0.015170499833565523,,T1T2_only,
0.039330128938735054,,9448,0.9955320941096822,,,,,ascii_text,-0.01256021494401394,,T3_only,
0.0,,9448,1.0,,,,,ascii_text,0.0030137732523548076,,T4_only,
0.0021744106202792324,0.9999980364419128,9448,0.999986357655109,,0.6053074178004549,,,ascii_text,0.006886515464949936,0.0872080613579366,full,0.11118372779122154
,2.1645111712732542e-11,9448,,,0.11117891347355294,,,ascii_text,,0.0,cover,0.016100277412705175
0.5,0.0,9448,3.986313713864835e-11,,80.95060222135471,,,all_zeros,0.0,0.005182499882564749,no_decomp,0.017941907642873324
0.5,,9448,3.986313713864835e-11,,,,,all_zeros,0.0,,T1T2_only,
0.5,,9448,3.986313713864835e-11,,,,,all_zeros,0.0,,T3_only,
7.629510948348184e-05,,9448,0.9999999832043066,,,,,all_zeros,-0.0013352284667731448,,T4_only,
7.629510948348184e-05,0.9999765787381226,9448,0.9999999832043066,,1.0994359221273569,,,all_zeros,-0.0013352284667731448,0.08890623107684238,full,0.11182751720399571
,2.1645111712732542e-11,9448,,,0.11117891347355294,,,all_zeros,,0.0,cover,0.016100277412705175
0.0006103608758678547,0.9999984036103455,4609,0.9999989250753613,,0.33353674042065884,,,uniform,-0.011484357971505531,0.09336836517779477,no_decomp,0.09481343523820614
0.0006103608758678547,,4609,0.9999989250753613,,,,,uniform,-0.01148435797150554,,T1T2_only,
0.0006103608758678547,,4609,0.9999989250753613,,,,,uniform,-0.011560753235226809,,T3_only,
0.0014877546349278958,,4609,0.9999936134281955,,,,,uniform,0.004378322051704126,,T4_only,
0.0015640497444113777,0.9999999790602657,4609,0.9999929415983762,00100110100101100101000010100000011011101111010011000101011000111011110010001000011110011101001101100101010011101111000001001011010111101100001110000110011101010010001001010111101100111000000001001000000000000000000000000000000000000000000000000000,1.8653351038340549,0,0,uniform,0.002088431694085767,0.09286867511021982,full,0.0940623930557192
,0.15259421229876843,4609,,,0.8523716699639059,,,uniform,,0.0,cover,0.0
0.039330128938735054,0.5648356180578756,4609,0.9955320941096822,,6.361904493208863,,,ascii_text,-0.015241144581405776,0.09146004262335919,no_decomp,0.06404703967730282
0.039330128938735,,4609,0.9955320941096824,,,,,ascii_text,-0.015170499833565523,,T1T2_only,
0.039330128938735054,,4609,0.9955320941096822,,,,,ascii_text,-0.013245056426602666,,T3_only,
0.0008773937590600411,,4609,0.99999777876842,,,,,ascii_text,-0.01072298291534413,,T4_only,
0.006752117189288143,0.9999995910403865,4609,0.9998684479325148,,1.0747294969110117,,,ascii_text,-0.00022056604191396088,0.09103285055285605,full,0.0940868113913538
,0.15259421229876843,4609,,,0.8523716699639059,,,ascii_text,,0.0,cover,0.0
0.5,0.0,4609,3.986313713864835e-11,,80.95060222135471,,,all_zeros,0.0,0.0,no_decomp,0.0
0.5,,4609,3.986313713864835e-11,,,,,all_zeros,0.0,,T1T2_only,
0.5,,4609,3.986313713864835e-11,,,,,all_zeros,0.0,,T3_only,
0.0004959182116426319,,4609,0.9999992903818413,,,,,all_zeros,-0.012628396666995887,,T4_only,
0.0004959182116426319,0.9999980734180579,4609,0.9999992903818413,,0.9017845203965961,,,all_zeros,-0.012628396666995887,0.09188406362326451,full,0.09149904142876282
,0.15259421229876843,4609,,,0.8523716699639059,,,all_zeros,,0.0,cover,0.0
0.004730296787975874,0.999415150629762,8276,0.9999354363917985,,2.0876929307811607,,,uniform,0.004603232070038189,0.06990458037776182,no_decomp,0.09157612013188292
0.004730296787975874,,8276,0.9999354363917985,,,,,uniform,0.004680252547243379,,T1T2_only,
0.004730296787975874,,8276,0.9999354363917985,,,,,uniform,0.004450622369640906,,T3_only,
0.00030518043793392735,,8276,0.9999997312688904,,,,,uniform,0.005836472993181607,,T4_only,
0.004654001678492392,0.9982310564163087,8276,0.9999375023227263,10111110011111000110011110100101111001000011100110111011000001001000000111010111010110000001011110000000010110111101010000111010101100101010101010010000111010001110110010001100110010110010101000000100000000000000000000000000000000000000000000000000,0.23471103955527844,0,0,uniform,0.002699172907633581,0.06805438791620627,full,0.09156345182621282
,7.810262620418927e-12,8276,,,1.2723808986417726,,,uniform,,0.0,cover,0.0
0.039330128938735054,0.3413718766086412,8276,0.9955320941096822,,6.361904493208863,,,ascii_text,-0.015241144581405776,0.06904058449069975,no_decomp,0.06186784220521861
0.039330128938735,,8276,0.9955320941096824,,,,,ascii_text,-0.015170499833565523,,T1T2_only,
0.039330128938735054,,8276,0.9955320941096822,,,,,ascii_text,-0.013635038133829271,,T3_only,
0.003700312809948869,,8276,0.9999604919697733,,,,,ascii_text,-0.012759091202004129,,T4_only,
0.00415808346684976,0.999839742520973,8276,0.999950112016911,,1.0253166464783217,,,ascii_text,-0.0030837869364898365,0.07130218515685104,full,0.09558747483366782
,7.810262620418927e-12,8276,,,1.2723808986417726,,,ascii_text,,0.0,cover,0.0
0.5,0.0,8276,3.986313713864835e-11,,80.95060222135471,,,all_zeros,0.0,0.0,no_decomp,0.0
0.5,,8276,3.986313713864835e-11,,,,,all_zeros,0.0,,T1T2_only,
0.5,,8276,3.986313713864835e-11,,,,,all_zeros,0.0,,T3_only,
0.0016403448538948595,,8276,0.9999922361768413,,,,,all_zeros,-0.002719625191634909,,T4_only,
0.0016403448538948595,0.999986657511032,8276,0.9999922361768413,,0.5558945673677648,,,all_zeros,-0.002719625191634909,0.069078048254134,full,0.09045887453242518
,7.810262620418927e-12,8276,,,1.2723808986417726,,,all_zeros,,0.0,cover,0.0
0.0025558861676966416,0.9895470388898916,3067,0.999981150951096,,1.1488487725600471,,,uniform,-0.011814483610802878,0.13785821109502694,no_decomp,0.10297683203601787
0.0025558861676966416,,3067,0.999981150951096,,,,,uniform,-0.011738581129240111,,T1T2_only,
0.0025558861676966416,,3067,0.999981150951096,,,,,uniform,-0.012119683667064587,,T3_only,
0.0013351644159609322,,3067,0.9999948563128114,,,,,uniform,0.0006412014706190306,,T4_only,
0.0024795910582131597,0.995837859321522,3067,0.9999822594762259,10110000010111000000100100101100100101011110100000000010011101011101101010101100010100001010011100111101100010010101010010110111001101001000101001111011000011001000111010101111101110011101111111010000000000000000000000000000000000000000000000000000,0.13588533868989805,0,0,uniform,0.0019210528550951923,0.13599816397767314,full,0.10832080640688715
,0.9611801713591938,3067,,,0.6300138430168,,,uniform,,0.028834275391104072,cover,0.009960139395221836
0.039330128938735054,0.5951065406840106,3067,0.9955320941096822,,6.361904493208863,,,ascii_text,-0.015241144581405776,0.1386987407642704,no_decomp,0.07805740581304557
0.039330128938735,,3067,0.9955320941096824,,,,,ascii_text,-0.015170499833565523,,T1T2_only,
0.039330128938735054,,3067,0.9955320941096822,,,,,ascii_text,-0.014012782639988477,,T3_only,
0.006179903868162029,,3067,0.9998898006503398,,,,,ascii_text,-0.002938101657406995,,T4_only,
0.001869230182345305,0.9993096680335843,3067,0.9999899183616079,,0.06176606304086275,,,ascii_text,0.006051801494116348,0.14241706112957028,full,0.10466074268177539
,0.9611801713591938,3067,,,0.6300138430168,,,ascii_text,,0.028834275391104072,cover,0.009960139395221836
0.5,0.0,3067,3.986313713864835e-11,,80.95060222135471,,,all_zeros,0.0,0.03859876962412642,no_decomp,0.009353336860666455
0.5,,3067,3.986313713864835e-11,,,,,all_zeros,0.0,,T1T2_only,
0.5,,3067,3.986313713864835e-11,,,,,all_zeros,0.0,,T3_only,
0.0020599679560540096,,3067,0.9999877559049398,,,,,all_zeros,0.008871581758742995,,T4_only,
0.0020599679560540096,0.9997825934210195,3067,0.9999877559049398,,1.8406286786177097,,,all_zeros,0.008871581758742995,0.14202871263914116,full,0.10785829635950582
,0.9611801713591938,3067,,,0.6300138430168,,,all_zeros,,0.028834275391104072,cover,0.009960139395221836
0.00289921416037231,0.9998112971829475,320,0.9999757468829562,,0.6794266934494902,,,uniform,0.005955529252335516,0.11789343228534564,no_decomp,0.10772233628870166
0.00289921416037231,,320,0.9999757468829562,,,,,uniform,0.005956408862723776,,T1T2_only,
0.00289921416037231,,320,0.9999757468829562,,,,,uniform,0.0064900760686543955,,T3_only,
0.0017929350728618232,,320,0.9999907245584925,,,,,uniform,-0.015463405927226531,,T4_only,
0.001373311970702673,0.9999196678395311,320,0.9999945581885259,01011011010010011001010100101000011000011100101011011111110110111100000110101011101111111011001110000010110011111000111001000011010110100111001001111110010001000010101101000011101011110000001010000000000000000000000000000000000000000000000000000000,0.06176606304086275,0,0,uniform,0.006286879869665134,0.11500890404959209,full,0.10514902046035159
,2.2313880467137758e-10,320,,,1.6676837021032942,,,uniform,,0.008904337171555584,cover,0.0
0.039330128938735054,0.9913423881162124,320,0.9955320941096822,,6.361904493208863,,,ascii_text,-0.015241144581405776,0.11728812980046674,no_decomp,0.0698957362562832
0.039330128938735,,320,0.9955320941096824,,,,,ascii_text,-0.015170499833565523,,T1T2_only,
0.039330128938735054,,320,0.9955320941096822,,,,,ascii_text,-0.013091511183925505,,T3_only,
0.0017929350728618232,,320,0.9999907245584925,,,,,ascii_text,0.00765491705385515,,T4_only,
0.002403295948729678,0.9999995492469445,320,0.9999833344091427,,0.33353674042065884,,,ascii_text,0.004134865861305399,0.1169550744921686,full,0.11186458201776753
,2.2313880467137758e-10,320,,,1.6676837021032942,,,ascii_text,,0.008904337171555584,cover,0.0
0.5,0.0,320,3.986313713864835e-11,,80.95060222135471,,,all_zeros,0.0,0.0142027480214006,no_decomp,0.0
0.5,,320,3.986313713864835e-11,,,,,all_zeros,0.0,,T1T2_only,
0.5,,320,3.986313713864835e-11,,,,,all_zeros,0.0,,T3_only,
0.00011444266422522276,,320,0.9999999622096898,,,,,all_zeros,-0.009499154946917061,,T4_only,
0.00011444266422522276,0.9999916426118155,320,0.9999999622096898,,0.25941746477162353,,,all_zeros,-0.009499154946917061,0.11920526623588436,full,0.10935627069225269
,2.2313880467137758e-10,320,,,1.6676837021032942,,,all_zeros,,0.008904337171555584,cover,0.0
0.006103608758678547,0.9999759913879462,2293,0.9998925048929828,,0.25941746477162353,,,uniform,-0.005376241664410092,0.08221957948089822,no_decomp,0.09177932023950786
0.006103608758678547,,2293,0.9998925048929828,,,,,uniform,-0.005376241664410129,,T1T2_only,
0.006103608758678547,,2293,0.9998925048929828,,,,,uniform,-0.006139335588186914,,T3_only,
0.0011444266422522276,,2293,0.999996220965706,,,,,uniform,0.0021690899722023554,,T4_only,
0.0035095750362401645,0.9992278722528579,2293,0.999964460021123,00110011111101100111010010010010011011100100100110001000010101000111100001101100001001100101011001011011011101001111000011101110011100100100000000111000010011010010101111101001001111011010111100010000000000000000000000000000000000000000000000000000,0.18529818912258825,0,0,uniform,-0.015652987155443398,0.08659366290807469,full,0.10013739145407151
,0.990126055411369,2293,,,0.7041331186658353,,,uniform,,0.0,cover,0.0
0.039330128938735054,0.5281289134922286,2293,0.9955320941096822,,6.361904493208863,,,ascii_text,-0.015241144581405776,0.08762563067843913,no_decomp,0.0664477538730522
0.039330128938735,,2293,0.9955320941096824,,,,,ascii_text,-0.015170499833565523,,T1T2_only,
0.039330128938735054,,2293,0.9955320941096822,,,,,ascii_text,-0.013788584303802908,,T3_only,
0.00331883726253146,,2293,0.9999682181159568,,,,,ascii_text,0.0006050024433430759,,T4_only,
0.0008773937590600411,0.9992063614341403,2293,0.99999777876842,,0.21000461433893333,,,ascii_text,-0.007136832986614361,0.09088376146725652,full,0.09951259263861455
,0.990126055411369,2293,,,0.7041331186658353,,,ascii_text,,0.0,cover,0.0
0.5,0.0,2293,3.986313713864835e-11,,80.95060222135471,,,all_zeros,0.0,0.0,no_decomp,0.0
0.5,,2293,3.986313713864835e-11,,,,,all_zeros,0.0,,T1T2_only,
0.5,,2293,3.986313713864835e-11,,,,,all_zeros,0.0,,T3_only,
0.0044632639047836875,,2293,0.9999425201752017,,,,,all_zeros,0.005223441129753023,,T4_only,
0.0044632639047836875,0.9994943018926238,2293,0.9999425201752017,,0.6053074178004549,,,all_zeros,0.005223441129753023,0.08208871834293982,full,0.09243466396902796
,0.990126055411369,2293,,,0.7041331186658353,,,all_zeros,,0.0,cover,0.0
0.0031662470435644963,0.9999864806376789,8319,0.9999710734238698,,1.8406286786177097,,,uniform,-0.00023085639432299045,0.1355460921678293,no_decomp,0.08677368901669699
0.0031662470435644963,,8319,0.9999710734238698,,,,,uniform,-0.0001550414944992663,,T1T2_only,
0.0031662470435644963,,8319,0.9999710734238698,,,,,uniform,-0.0017568779967415626,,T3_only,
0.0049591821164263195,,8319,0.9999290370322611,,,,,uniform,-0.0013574308786853113,,T4_only,
0.0011444266422522276,0.9999985775549173,8319,0.999996220965706,10100101010001110010011101001000110010000011001001111111000111010110000011010110101011100100100010110100000110110100000010011101011000010100001001001011101100001110100010011010011110011111111000000100000000000000000000000000000000000000000000000000,0.08647248825720784,0,0,uniform,0.009265020199565021,0.14255673458798934,full,0.09970303271195964
,0.9999944658407995,8319,,,0.5064817169350745,,,uniform,,0.03517392812989611,cover,0.00603329206732919
0.039330128938735054,0.9993528907843666,8319,0.9955320941096822,,6.361904493208863,,,ascii_text,-0.015241144581405776,0.14157558582256277,no_decomp,0.06571736890863498
0.039330128938735,,8319,0.9955320941096824,,,,,ascii_text,-0.015170499833565523,,T1T2_only,
0.039330128938735054,,8319,0.9955320941096822,,,,,ascii_text,-0.014709861323644631,,T3_only,
0.0020218204013122687,,8319,0.9999882051922312,,,,,ascii_text,-0.000817493402935112,,T4_only,
0.002441443503471419,0.9999933117935808,8319,0.9999828011417078,,0.16059176390624313,,,ascii_text,-0.008607575461860464,0.13684485512889719,full,0.09599108456136989
,0.9999944658407995,8319,,,0.5064817169350745,,,ascii_text,,0.03517392812989611,cover,0.00603329206732919
0.5,0.0,8319,3.986313713864835e-11,,80.95060222135471,,,all_zeros,0.0,0.029085767117242572,no_decomp,0.009192225688164794
0.5,,8319,3.986313713864835e-11,,,,,all_zeros,0.0,,T1T2_only,
0.5,,8319,3.986313713864835e-11,,,,,all_zeros,0.0,,T3_only,
0.0010299839780270048,,8319,0.9999969389827297,,,,,all_zeros,-0.008663948765988772,,T4_only,
0.0010299839780270048,0.9998520707243079,8319,0.9999969389827297,,1.5441515760215687,,,all_zeros,-0.008663948765988772,0.16170899451615714,full,0.09392503281195898
,0.9999944658407995,8319,,,0.5064817169350745,,,all_zeros,,0.03517392812989611,cover,0.00603329206732919
0.001831082627603564,0.9999938407621751,1272,0.9999903256590299,,0.25941746477162353,,,uniform,-0.008749651687138702,0.21177157646416403,no_decomp,0.11179400660381904
0.001831082627603564,,1272,0.9999903256590299,,,,,uniform,-0.008749651687138602,,T1T2_only,
0.001831082627603564,,1272,0.9999903256590299,,,,,uniform,-0.008597053600065433,,T3_only,
0.006485084306095956,,1272,0.9998786477132937,,,,,uniform,0.0023128225428242703,,T4_only,
0.0017547875181200823,0.9999999980100379,1272,0.9999911150600004,01000011010100100101110000010100100011001011101100110001011111111001000100100110101110110001111001001000010000001110000101011110110111110011101100111110101001111110101111011111101100100001111100100000000000000000000000000000000000000000000000000000,0.11117891347355294,0,0,uniform,0.0036118838484221955,0.2463686147587844,full,0.10589594953008986
,0.9999970943896835,1272,,,0.5806009925841098,,,uniform,,0.13293198074660498,cover,0.02946687193891318
0.039330128938735054,0.9949218651478113,1272,0.9955320941096822,,6.361904493208863,,,ascii_text,-0.015241144581405776,0.2274926455484568,no_decomp,0.07970692625079313
0.039330128938735,,1272,0.9955320941096824,,,,,ascii_text,-0.015170499833565523,,T1T2_only,
0.039330128938735054,,1272,0.9955320941096822,,,,,ascii_text,-0.013398601669279824,,T3_only,
0.0021362630655374915,,1272,0.999986832136384,,,,,ascii_text,-0.003566177458958249,,T4_only,
0.002822919050888828,0.9999966515897963,1272,0.9999770065737057,,0.4817752917187294,,,ascii_text,-0.0008330322318515484,0.20564985223180587,full,0.09750869225568896
,0.9999970943896835,1272,,,0.5806009925841098,,,ascii_text,,0.13293198074660498,cover,0.02946687193891318
0.5,0.0,1272,3.986313713864835e-11,,80.95060222135471,,,all_zeros,0.0,0.15401290076578586,no_decomp,0.03627014360313065
0.5,,1272,3.986313713864835e-11,,,,,all_zeros,0.0,,T1T2_only,
0.5,,1272,3.986313713864835e-11,,,,,all_zeros,0.0,,T3_only,
0.0039673456931410556,,1272,0.9999545839687269,,,,,all_zeros,-0.008113527913018037,,T4_only,
0.0039673456931410556,0.9993536801403167,1272,0.9999545839687269,,2.458289309026337,,,all_zeros,-0.008113527913018037,0.20673017825717366,full,0.11456705974624092
,0.9999970943896835,1272,,,0.5806009925841098,,,all_zeros,,0.13293198074660498,cover,0.02946687193891318
0.0002288853284504455,0.9330838135354133,3010,0.9999998488387549,,0.25941746477162353,,,uniform,-0.010338559636566597,0.10149079149213663,no_decomp,0.08703153705608498
0.0002288853284504455,,3010,0.9999998488387549,,,,,uniform,-0.010414890051482087,,T1T2_only,
0.0002288853284504455,,3010,0.9999998488387549,,,,,uniform,-0.011940850774826133,,T3_only,
0.0010681315327687457,,3010,0.9999967080416078,,,,,uniform,0.0015597138533095195,,T4_only,
0.000953688868543523,0.9862865442369025,3010,0.9999973756713294,01011101000100011010110100111001000001111100111011100111111001000001100111101100001100110010011010011101011100100001000111110110010111001011000001011100001100101110011001010011001110100100001111010000000000000000000000000000000000000000000000000000,0.01235321260817255,0,0,uniform,0.0028575492413928593,0.10057972669981657,full,0.0855174435342581
,4.2961599742605343e-07,3010,,,0.877078095180251,,,uniform,,0.0,cover,0.0
0.039330128938735054,0.037691026473321176,3010,0.9955320941096822,,6.361904493208863,,,ascii_text,-0.015241144581405776,0.09908009262478538,no_decomp,0.05456457028596176
0.039330128938735,,3010,0.9955320941096824,,,,,ascii_text,-0.015170499833565523,,T1T2_only,
0.039330128938735054,,3010,0.9955320941096822,,,,,ascii_text,-0.014626963610697121,,T3_only,
0.002365148393987937,,3010,0.9999838592785371,,,,,ascii_text,-0.003952177701486412,,T4_only,
0.00289921416037231,0.9350098069457295,3010,0.9999757468829562,,0.9017845203965961,,,ascii_text,0.001835295799743115,0.1007660742233527,full,0.08734340881449883
,4.2961599742605343e-07,3010,,,0.877078095180251,,,ascii_text,,0.0,cover,0.0
0.5,0.0,3010,3.986313713864835e-11,,80.95060222135471,,,all_zeros,0.0,0.0,no_decomp,0.0
0.5,,3010,3.986313713864835e-11,,,,,all_zeros,0.0,,T1T2_only,
0.5,,3010,3.986313713864835e-11,,,,,all_zeros,0.0,,T3_only,
0.005340657663843729,,3010,0.9999176995377976,,,,,all_zeros,-0.010529978963415251,,T4_only,
0.005340657663843729,0.7788885420519076,3010,0.9999176995377976,,0.9017845203965961,,,all_zeros,-0.010529978963415251,0.10403250742750556,full,0.08641601854777403
,4.2961599742605343e-07,3010,,,0.877078095180251,,,all_zeros,,0.0,cover,0.0
7.629510948348184e-05,0.9987962969461666,9513,0.9999999832043066,,0.40765601606969415,,,uniform,3.813591241015639e-05,0.07705584271919565,no_decomp,0.08565097423396173
7.629510948348184e-05,,9513,0.9999999832043066,,,,,uniform,3.813591241017613e-05,,T1T2_only,
7.629510948348184e-05,,9513,0.9999999832043066,,,,,uniform,-0.0014115352363551592,,T3_only,
0.0006485084306095956,,9513,0.9999987865108183,,,,,uniform,-0.004617718915245614,,T4_only,
0.0016784924086366004,0.9981486982285143,9513,0.9999918708691704,01100000101000010011110000100101101101010110111100001100010010011011011100110111000010100011000111000110011001011011110111101110000101110000000111110111111110001110001000000001100010111001010010100100000000000000000000000000000000000000000000000000,0.9264909456129412,0,0,uniform,0.0008661682423575349,0.07849302423880951,full,0.08512506506180599
,0.5558180111171309,9513,,,0.7535459690985254,,,uniform,,0.0,cover,0.0
0.039330128938735054,0.18908607094131613,9513,0.9955320941096822,,6.361904493208863,,,ascii_text,-0.015241144581405776,0.07666665226329761,no_decomp,0.060816111608853606
0.039330128938735,,9513,0.9955320941096824,,,,,ascii_text,-0.015170499833565523,,T1T2_only,
0.039330128938735054,,9513,0.9955320941096822,,,,,ascii_text,-0.013020853453934795,,T3_only,
0.0016021972991531186,,9513,0.9999925930865751,,,,,ascii_text,0.009031380040193786,,T4_only,
0.0003814755474174092,0.9973770290066335,9513,0.9999995801076265,,1.7418029777523294,,,ascii_text,-0.0002676850500469471,0.07800676082776467,full,0.08605259145100383
,0.5558180111171309,9513,,,0.7535459690985254,,,ascii_text,,0.0,cover,0.0
0.5,0.0,9513,3.986313713864835e-11,,80.95060222135471,,,all_zeros,0.0,0.0,no_decomp,0.0
0.5,,9513,3.986313713864835e-11,,,,,all_zeros,0.0,,T1T2_only,
0.5,,9513,3.986313713864835e-11,,,,,all_zeros,0.0,,T3_only,
0.002365148393987937,,9513,0.9999838592785371,,,,,all_zeros,0.005585653515884893,,T4_only,
0.002365148393987937,0.9997225877306298,9513,0.9999838592785371,,0.7782523943148706,,,all_zeros,0.005585653515884893,0.08263304092980651,full,0.08689078088412613
,0.5558180111171309,9513,,,0.7535459690985254,,,all_zeros,,0.0,cover,0.0
0.0011444266422522276,0.9998980482697486,2694,0.999996220965706,,1.9641608046994354,,,uniform,0.0017116480600197453,0.1282751198395798,no_decomp,0.06967415262654808
0.0011444266422522276,,2694,0.999996220965706,,,,,uniform,0.0015587025062119386,,T1T2_only,
0.0011444266422522276,,2694,0.999996220965706,,,,,uniform,0.00018533070773357914,,T3_only,
0.0002288853284504455,,2694,0.9999998488387549,,,,,uniform,0.009727791496657485,,T4_only,
0.002250705729762714,0.9999980672569001,2694,0.9999853834985366,11011000101000001011011100001111100100010010000000010011011011001111011010010001100100100111111110000011011100110111100001010101110000110011010101100111110011101001001000100110011001010110000101010000000000000000000000000000000000000000000000000000,0.9759037960456314,0,0,uniform,-0.00501754251968201,0.12773231458119794,full,0.06941123036533381
,6.39554422113416e-12,2694,,,0.7535459690985254,,,uniform,,0.05292956433211406,cover,0.0
0.039330128938735054,0.9937628765151703,2694,0.9955320941096822,,6.361904493208863,,,ascii_text,-0.015241144581405776,0.14142059869073428,no_decomp,0.04368683677809044
0.039330128938735,,2694,0.9955320941096824,,,,,ascii_text,-0.015170499833565523,,T1T2_only,
0.039330128938735054,,2694,0.9955320941096822,,,,,ascii_text,-0.014780508853374298,,T3_only,
0.001449607080186155,,2694,0.9999939367462216,,,,,ascii_text,0.018417722065023706,,T4_only,
0.0020218204013122687,0.9999999997066468,2694,0.9999882051922312,,0.40765601606969415,,,ascii_text,-0.003716865581018636,0.1260426110743403,full,0.06668047339144777
,6.39554422113416e-12,2694,,,0.7535459690985254,,,ascii_text,,0.05292956433211406,cover,0.0
0.5,0.0,2694,3.986313713864835e-11,,80.95060222135471,,,all_zeros,0.0,0.043255068164407516,no_decomp,0.0
0.5,,2694,3.986313713864835e-11,,,,,all_zeros,0.0,,T1T2_only,
0.5,,2694,3.986313713864835e-11,,,,,all_zeros,0.0,,T3_only,
0.0031280994888227553,,2694,0.9999717662553689,,,,,all_zeros,0.010529015792289402,,T4_only,
0.0031280994888227553,0.9999688924965883,2694,0.9999717662553689,,1.8406286786177097,,,all_zeros,0.010529015792289402,0.1330577418672883,full,0.0696492415808661
,6.39554422113416e-12,2694,,,0.7535459690985254,,,all_zeros,,0.05292956433211406,cover,0.0
0.005302510109101988,0.9901229221508756,5680,0.999918871081644,,1.9394543794830903,,,uniform,0.0035875747307818075,0.07128501562289195,no_decomp,0.09198546748404617
0.005302510109101988,,5680,0.999918871081644,,,,,uniform,0.0035891874507601998,,T1T2_only,
0.005302510109101988,,5680,0.999918871081644,,,,,uniform,0.0020630566304979106,,T3_only,
0.0009918364232852639,,5680,0.9999971615259693,,,,,uniform,-0.004467385563551015,,T4_only,
0.0012588693064774503,0.9997481560569791,5680,0.9999954273676659,00011101001111001011100000011001100010100101011110101101010111111101110000000101010010000111111101000111010010011000010100101100110110111011100100000100010001001010111010110000011100010000110001101000000000000000000000000000000000000000000000000000,0.23471103955527844,0,0,uniform,-0.004698891984723376,0.07334979996357366,full,0.09315183909584386
,3.364909692087186e-07,5680,,,2.0876929307811607,,,uniform,,0.0,cover,0.0005897024297892868
0.039330128938735054,0.8435264392262327,5680,0.9955320941096822,,6.361904493208863,,,ascii_text,-0.015241144581405776,0.07298831389718966,no_decomp,0.06472433676455105
0.039330128938735,,5680,0.9955320941096824,,,,,ascii_text,-0.015170499833565523,,T1T2_only,
0.039330128938735054,,5680,0.9955320941096822,,,,,ascii_text,-0.01578468451346003,,T3_only,
0.004119935912108019,,5680,0.9999510232040869,,,,,ascii_text,-0.0073554958279036095,,T4_only,
0.000457770656900891,0.9999811676038628,5680,0.9999993953549564,,1.124142347343702,,,ascii_text,-0.001259755213461823,0.07303250370562914,full,0.09227051858813223
,3.364909692087186e-07,5680,,,2.0876929307811607,,,ascii_text,,0.0,cover,0.0005897024297892868
0.5,0.0,5680,3.986313713864835e-11,,80.95060222135471,,,all_zeros,0.0,0.0,no_decomp,0.002360754922499836
0.5,,5680,3.986313713864835e-11,,,,,all_zeros,0.0,,T1T2_only,
0.5,,5680,3.986313713864835e-11,,,,,all_zeros,0.0,,T3_only,
0.0012970168612191912,,5680,0.9999951460391902,,,,,all_zeros,-0.005690968869767707,,T4_only,
0.0012970168612191912,0.9867361380812332,5680,0.9999951460391902,,0.3582431656370039,,,all_zeros,-0.005690968869767707,0.07419821056363816,full,0.0961865849924108
,3.364909692087186e-07,5680,,,2.0876929307811607,,,all_zeros,,0.0,cover,0.0005897024297892868
0.003242542153047978,0.935614063690321,4537,0.999969662566313,,0.06176606304086275,,,uniform,-0.00099582520820189,0.09499742369437228,no_decomp,0.08754034727358598
0.003242542153047978,,4537,0.999969662566313,,,,,uniform,-0.0008432227494596488,,T1T2_only,
0.003242542153047978,,4537,0.999969662566313,,,,,uniform,7.239200299316176e-05,,T3_only,
0.0017166399633783413,,4537,0.9999914971635582,,,,,uniform,0.009029372469179448,,T4_only,
0.0021744106202792324,0.6079441849420806,4537,0.999986357655109,01101110000101001111101101001111101000110101011111100101011101011001001010101100101000000111010101110001111011101001001100010110000110100010110110101010001000100011000000110001110101101001110110001000000000000000000000000000000000000000000000000000,0.8276652447475608,0,0,uniform,-0.005245425826364645,0.09963083810956495,full,0.0891039896012478
,2.4669574855450563e-55,4537,,,0.21000461433893333,,,uniform,,0.007102704894945956,cover,0.0
0.039330128938735054,0.0017972499904629132,4537,0.9955320941096822,,6.361904493208863,,,ascii_text,-0.015241144581405776,0.09976692622438632,no_decomp,0.05987179616725462
0.039330128938735,,4537,0.9955320941096824,,,,,ascii_text,-0.015170499833565523,,T1T2_only,
0.039330128938735054,,4537,0.9955320941096822,,,,,ascii_text,-0.013481491963855648,,T3_only,
0.004043640802624537,,4537,0.9999528203831989,,,,,ascii_text,-0.004681744108280729,,T4_only,
0.0008773937590600411,0.9644524816765805,4537,0.99999777876842,,0.2841238899879686,,,ascii_text,-0.0002699909435238526,0.10073376659623046,full,0.09116148699409281
,2.4669574855450563e-55,4537,,,0.21000461433893333,,,ascii_text,,0.007102704894945956,cover,0.0
0.5,0.0,4537,3.986313713864835e-11,,80.95060222135471,,,all_zeros,0.0,0.006781411108655719,no_decomp,0.0
0.5,,4537,3.986313713864835e-11,,,,,all_zeros,0.0,,T1T2_only,
0.5,,4537,3.986313713864835e-11,,,,,all_zeros,0.0,,T3_only,
0.0009918364232852639,,4537,0.9999971615259693,,,,,all_zeros,0.011784004204456345,,T4_only,
0.0009918364232852639,0.8860752430515458,4537,0.9999971615259693,,0.30883031520431375,,,all_zeros,0.011784004204456345,0.09098582613181998,full,0.08506081068186279
,2.4669574855450563e-55,4537,,,0.21000461433893333,,,all_zeros,,0.007102704894945956,cover,0.0
0.007629510948348184,0.794858940536,2639,0.9998320365485243,,0.4570688665023843,,,uniform,-0.002940953802277049,0.07649002841332182,no_decomp,0.06639981929580659
0.007629510948348184,,2639,0.9998320365485243,,,,,uniform,-0.0030184346552678287,,T1T2_only,
0.007629510948348184,,2639,0.9998320365485243,,,,,uniform,-0.002025165379995243,,T3_only,
0.001869230182345305,,2639,0.9999899183616079,,,,,uniform,-0.00630865053854637,,T4_only,
0.0029373617151140508,0.33329942501860926,2639,0.9999751044403917,01110000010100101111000100110110101010000000110101110001110001100011011100110111010011011110100011011000100001101010010001010110001110110101011101011111101101001100111010111011000101101111001001010000000000000000000000000000000000000000000000000000,1.5935644264542588,0,0,uniform,0.008625609449762048,0.0723691723720875,full,0.0678666398071496
,2.1452318565582292e-260,2639,,,10.957299583449052,,,uniform,,0.0,cover,0.0
0.039330128938735054,0.00031298636495371174,2639,0.9955320941096822,,6.361904493208863,,,ascii_text,-0.015241144581405776,0.07815890515718954,no_decomp,0.03524006793175268
0.039330128938735,,2639,0.9955320941096824,,,,,ascii_text,-0.015170499833565523,,T1T2_only,
0.039330128938735054,,2639,0.9955320941096822,,,,,ascii_text,-0.014934054096051454,,T3_only,
0.0025940337224383825,,2639,0.9999805840914351,,,,,ascii_text,-0.004337871549458705,,T4_only,
0.0030136568245975326,0.8606182125187116,2639,0.9999737943608458,,0.21000461433893333,,,ascii_text,0.007402996101258103,0.07769397636083371,full,0.06384572616092554
,2.1452318565582292e-260,2639,,,10.957299583449052,,,ascii_text,,0.0,cover,0.0
0.5,0.0,2639,3.986313713864835e-11,,80.95060222135471,,,all_zeros,0.0,0.0,no_decomp,0.0
0.5,,2639,3.986313713864835e-11,,,,,all_zeros,0.0,,T1T2_only,
0.5,,2639,3.986313713864835e-11,,,,,all_zeros,0.0,,T3_only,
7.629510948348184e-05,,2639,0.9999999832043066,,,,,all_zeros,0.00888868327746208,,T4_only,
7.629510948348184e-05,0.7412006448473387,2639,0.9999999832043066,,0.13588533868989805,,,all_zeros,0.00888868327746208,0.08034951137015879,full,0.06151265608871472
,2.1452318565582292e-260,2639,,,10.957299583449052,,,all_zeros,,0.0,cover,0.0
0.001869230182345305,0.9999999185188206,7705,0.9999899183616079,,1.2476744734254275,,,uniform,-0.0024936962074776953,0.11049526408331627,no_decomp,0.11630139754716275
0.001869230182345305,,7705,0.9999899183616079,,,,,uniform,-0.002264515960397596,,T1T2_only,
0.001869230182345305,,7705,0.9999899183616079,,,,,uniform,-0.003409285246934189,,T3_only,
0.002441443503471419,,7705,0.9999828011417078,,,,,uniform,-0.002350988622722786,,T4_only,
0.003204394598306237,0.9999996097534984,7705,0.9999703721941872,00000001000000101011000001100001011010100101111011111000011111001001010010100110001001000100110111100010000101001011100011110111110100100011000101100010001110100110100001010100100000101001100001111000000000000000000000000000000000000000000000000000,2.7300599864061335,0,0,uniform,0.008390683608291642,0.10824860645928013,full,0.11523021782493115
,1.4097568726662277e-06,7705,,,0.3582431656370039,,,uniform,,0.02028535766311922,cover,0.005462068271015144
0.039330128938735054,0.9939859516603896,7705,0.9955320941096822,,6.361904493208863,,,ascii_text,-0.015241144581405776,0.11938546868724745,no_decomp,0.07859610355092526
0.039330128938735,,7705,0.9955320941096824,,,,,ascii_text,-0.015170499833565523,,T1T2_only,
0.039330128938735054,,7705,0.9955320941096822,,,,,ascii_text,-0.015784684513460018,,T3_only,
0.0035095750362401645,,7705,0.999964460021123,,,,,ascii_text,-0.0004694717443294071,,T4_only,
0.002365148393987937,0.999999826572192,7705,0.9999838592785371,,0.4570688665023843,,,ascii_text,0.009095440984017112,0.11197854576302342,full,0.11283922571213938
,1.4097568726662277e-06,7705,,,0.3582431656370039,,,ascii_text,,0.02028535766311922,cover,0.005462068271015144
0.5,0.0,7705,3.986313713864835e-11,,80.95060222135471,,,all_zeros,0.0,0.027399001708726004,no_decomp,0.008822228960572324
0.5,,7705,3.986313713864835e-11,,,,,all_zeros,0.0,,T1T2_only,
0.5,,7705,3.986313713864835e-11,,,,,all_zeros,0.0,,T3_only,
0.0010681315327687457,,7705,0.9999967080416078,,,,,all_zeros,-0.0006530986649763386,,T4_only,
0.0010681315327687457,0.9999958747429943,7705,0.9999967080416078,,1.0253166464783217,,,all_zeros,-0.0006530986649763386,0.10895680484711294,full,0.11742848038314375
,1.4097568726662277e-06,7705,,,0.3582431656370039,,,all_zeros,,0.02028535766311922,cover,0.005462068271015144
0.0011825741969939685,0.9698492513774412,5724,0.9999959648309207,,1.2723808986417726,,,uniform,-0.009046958901313245,0.1441039377809139,no_decomp,0.12459144969727515
0.0011825741969939685,,5724,0.9999959648309207,,,,,uniform,-0.008970481282122283,,T1T2_only,
0.0011825741969939685,,5724,0.9999959648309207,,,,,uniform,-0.00866565160480567,,T3_only,
0.0009918364232852639,,5724,0.9999971615259693,,,,,uniform,0.0025520599161020633,,T4_only,
0.002441443503471419,0.9916642645986802,5724,0.9999828011417078,10011001000000001010111101101101100001100110111111000110000101000101111001000011011101110001010010110111010010000111101010110110101101111001000111010001100011001010101100000111011110100011101001101000000000000000000000000000000000000000000000000000,1.3465001742908078,0,0,uniform,0.0016932719069353039,0.14516776353578426,full,0.12279716468113275
,1.0973122927648708e-08,5724,,,7.967822132271294,,,uniform,,0.09088935070336539,cover,0.036216420900860316
0.039330128938735054,0.12029997596767149,5724,0.9955320941096822,,6.361904493208863,,,ascii_text,-0.015241144581405776,0.14589351436316747,no_decomp,0.09577811461001036
0.039330128938735,,5724,0.9955320941096824,,,,,ascii_text,-0.015170499833565523,,T1T2_only,
0.039330128938735054,,5724,0.9955320941096822,,,,,ascii_text,-0.014639218797730833,,T3_only,
0.003356984817273201,,5724,0.999967483293458,,,,,ascii_text,-0.0004642298019372523,,T4_only,
0.003700312809948869,0.9939766964554888,5724,0.9999604919697733,,1.4947387255888784,,,ascii_text,0.0037221838924290118,0.1435493404817162,full,0.12648194375284316
,1.0973122927648708e-08,5724,,,7.967822132271294,,,ascii_text,,0.09088935070336539,cover,0.036216420900860316
0.5,0.0,5724,3.986313713864835e-11,,80.95060222135471,,,all_zeros,0.0,0.08106323560469678,no_decomp,0.03362842798324023
0.5,,5724,3.986313713864835e-11,,,,,all_zeros,0.0,,T1T2_only,
0.5,,5724,3.986313713864835e-11,,,,,all_zeros,0.0,,T3_only,
0.0002288853284504455,,5724,0.9999998488387549,,,,,all_zeros,0.005455101471294528,,T4_only,
0.0002288853284504455,0.998056662794432,5724,0.9999998488387549,,0.33353674042065884,,,all_zeros,0.005455101471294528,0.1438527442173449,full,0.12383854392268197
,1.0973122927648708e-08,5724,,,7.967822132271294,,,all_zeros,,0.09088935070336539,cover,0.036216420900860316
0.0008392462043183002,0.9990923142783137,6395,0.9999979677201555,,0.23471103955527844,,,uniform,0.0004168241890153153,0.0990746625744227,no_decomp,0.10342705689606353
0.0008392462043183002,,6395,0.9999979677201555,,,,,uniform,0.000569420659318616,,T1T2_only,
0.0008392462043183002,,6395,0.9999979677201555,,,,,uniform,0.002553174773261352,,T3_only,
0.002403295948729678,,6395,0.9999833344091427,,,,,uniform,0.008942120346202138,,T4_only,
0.0040054932478827965,0.9999551164814754,6395,0.9999537063751558,01000001011000111010011000111100101110101100110100110010110011011100010111001000100111110000100101110000110100000100100101100010111010010111010000100000100000100001101000001001101111111101111100011000000000000000000000000000000000000000000000000000,0.5806009925841098,0,0,uniform,-0.0033070574531078463,0.10160216414076016,full,0.10827355582408311
,1.3535176071285064e-09,6395,,,0.8276652447475608,,,uniform,,0.004604338650681703,cover,0.017536269056116854
0.039330128938735054,0.8726388945225573,6395,0.9955320941096822,,6.361904493208863,,,ascii_text,-0.015241144581405776,0.09927874180219229,no_decomp,0.07794723082888472
0.039330128938735,,6395,0.9955320941096824,,,,,ascii_text,-0.015170499833565523,,T1T2_only,
0.039330128938735054,,6395,0.9955320941096822,,,,,ascii_text,-0.014012782639988473,,T3_only,
0.0006103608758678547,,6395,0.9999989250753613,,,,,ascii_text,-0.003778155865805908,,T4_only,
0.004043640802624537,0.9999872025255506,6395,0.9999528203831989,,0.43236244128603923,,,ascii_text,0.001955999045229645,0.107642620047487,full,0.10960793452218784
,1.3535176071285064e-09,6395,,,0.8276652447475608,,,ascii_text,,0.004604338650681703,cover,0.017536269056116854
0.5,0.0,6395,3.986313713864835e-11,,80.95060222135471,,,all_zeros,0.0,0.0057561332603686495,no_decomp,0.01579694856178434
0.5,,6395,3.986313713864835e-11,,,,,all_zeros,0.0,,T1T2_only,
0.5,,6395,3.986313713864835e-11,,,,,all_zeros,0.0,,T3_only,
0.0008392462043183002,,6395,0.9999979677201555,,,,,all_zeros,0.012014155932065259,,T4_only,
0.0008392462043183002,0.9999622445107593,6395,0.9999979677201555,,0.8029588195312157,,,all_zeros,0.012014155932065259,0.09717099882389041,full,0.10229553034390639
,1.3535176071285064e-09,6395,,,0.8276652447475608,,,all_zeros,,0.004604338650681703,cover,0.017536269056116854
0.003929198138399315,0.9999070205037803,7443,0.9999554531639226,,1.4453258751561882,,,uniform,-0.00322772619984343,0.05496321425860945,no_decomp,0.08439269537381078
0.003929198138399315,,7443,0.9999554531639226,,,,,uniform,-0.0031520221318624905,,T1T2_only,
0.003929198138399315,,7443,0.9999554531639226,,,,,uniform,-0.004678076783179069,,T3_only,
0.0010681315327687457,,7443,0.9999967080416078,,,,,uniform,0.007205468544476841,,T4_only,
0.0044632639047836875,0.9942941382745685,7443,0.9999425201752017,01001110011000100010010000110110001010100001110101001010111010111101100101001101011100010011111000011000100101000001001101111110101011101110110100010010100110111000010010101010101000111100100010111000000000000000000000000000000000000000000000000000,1.6923901273196393,0,0,uniform,-0.0021017525444830135,0.058307833725625674,full,0.08324245222133356
,2.3240459321479313e-15,7443,,,3.4465463176801414,,,uniform,,0.0,cover,0.0
0.039330128938735054,0.8910749871875638,7443,0.9955320941096822,,6.361904493208863,,,ascii_text,-0.015241144581405776,0.05655085128025154,no_decomp,0.05301076208069317
0.039330128938735,,7443,0.9955320941096824,,,,,ascii_text,-0.015170499833565523,,T1T2_only,
0.039330128938735054,,7443,0.9955320941096822,,,,,ascii_text,-0.012406668774040262,,T3_only,
0.0013351644159609322,,7443,0.9999948563128114,,,,,ascii_text,-0.012024362780096798,,T4_only,
0.001907377737087046,0.999884890055527,7443,0.999989502666222,,0.18529818912258825,,,ascii_text,0.008645399096351756,0.051981130777215806,full,0.08678516940659381
,2.3240459321479313e-15,7443,,,3.4465463176801414,,,ascii_text,,0.0,cover,0.0
0.5,0.0,7443,3.986313713864835e-11,,80.95060222135471,,,all_zeros,0.0,0.0,no_decomp,0.0
0.5,,7443,3.986313713864835e-11,,,,,all_zeros,0.0,,T1T2_only,
0.5,,7443,3.986313713864835e-11,,,,,all_zeros,0.0,,T3_only,
0.0017929350728618232,,7443,0.9999907245584925,,,,,all_zeros,0.0016275703729996898,,T4_only,
0.0017929350728618232,0.999996059314714,7443,0.9999907245584925,,1.5441515760215687,,,all_zeros,0.0016275703729996898,0.052917131487251565,full,0.08509523131238386
,2.3240459321479313e-15,7443,,,3.4465463176801414,,,all_zeros,,0.0,cover,0.0
0.0011444266422522276,0.9991249964420772,7598,0.999996220965706,,0.4817752917187294,,,uniform,-0.010649046813595877,0.08726955631736923,no_decomp,0.10513712876340636
0.0011444266422522276,,7598,0.999996220965706,,,,,uniform,-0.010877762660330735,,T1T2_only,
0.0011444266422522276,,7598,0.999996220965706,,,,,uniform,-0.009046600582158316,,T3_only,
0.002746623941405346,,7598,0.9999782326719975,,,,,uniform,-0.0030444636191304564,,T4_only,
0.0038910505836575737,0.9993850645388301,7598,0.9999563139607531,10111001011000100110001101000101110111111111000111111011101101011001011010111010101000000110001101111011101101010001110000100000110111011000110010000101100010100001111000000010111001110111010110111000000000000000000000000000000000000000000000000000,0.03705963782451765,0,0,uniform,-0.01154411547846268,0.08716894340621675,full,0.10269786180751536
,9.426500326882527e-18,7598,,,1.2723808986417726,,,uniform,,0.010539955756676513,cover,0.01428552459905403
0.039330128938735054,0.49714971081119574,7598,0.9955320941096822,,6.361904493208863,,,ascii_text,-0.015241144581405776,0.08625485091552812,no_decomp,0.07349107404038031
0.039330128938735,,7598,0.9955320941096824,,,,,ascii_text,-0.015170499833565523,,T1T2_only,
0.039330128938735054,,7598,0.9955320941096822,,,,,ascii_text,-0.01402503040862808,,T3_only,
0.00034332799267566827,,7598,0.9999996598871838,,,,,ascii_text,-0.004311310250017485,,T4_only,
0.0008773937590600411,0.9496929399009513,7598,0.99999777876842,,0.8029588195312157,,,ascii_text,-0.010188762783543501,0.08745113437701904,full,0.10492856698898927
,9.426500326882527e-18,7598,,,1.2723808986417726,,,ascii_text,,0.010539955756676513,cover,0.01428552459905403
0.5,0.0,7598,3.986313713864835e-11,,80.95060222135471,,,all_zeros,0.0,0.006918852641060701,no_decomp,0.014475097334294564
0.5,,7598,3.986313713864835e-11,,,,,all_zeros,0.0,,T1T2_only,
0.5,,7598,3.986313713864835e-11,,,,,all_zeros,0.0,,T3_only,
0.00415808346684976,,7598,0.999950112016911,,,,,all_zeros,-3.165309521041283e-05,,T4_only,
0.00415808346684976,0.9977750666191653,7598,0.999950112016911,,1.395913024723498,,,all_zeros,-3.165309521041283e-05,0.08520246638803748,full,0.10458794308065297
,9.426500326882527e-18,7598,,,1.2723808986417726,,,all_zeros,,0.010539955756676513,cover,0.01428552459905403
0.0058747234302281015,0.9998722519370743,2287,0.9999004160430487,,1.642977276886949,,,uniform,-0.0004060574788705208,0.08737153518327148,no_decomp,0.07923545332887365
0.0058747234302281015,,2287,0.9999004160430487,,,,,uniform,-0.0002534402313527678,,T1T2_only,
0.0058747234302281015,,2287,0.9999004160430487,,,,,uniform,-0.0007112919739059978,,T3_only,
0.0020599679560540096,,2287,0.9999877559049398,,,,,uniform,-0.0036408788858700476,,T4_only,
0.002403295948729678,0.9992483559663244,2287,0.9999833344091427,00000110100101001011110100010000101000000001100111100110110000100110011010000100001011110011000011000011101100110101000101110101111100101101111110100010011000000000000111101100001010111111011100010000000000000000000000000000000000000000000000000000,0.23471103955527844,0,0,uniform,0.002151070773379703,0.08707978491406576,full,0.08619232085091431
,0.967386195555474,2287,,,0.30883031520431375,,,uniform,,0.0,cover,0.0
0.039330128938735054,0.8664324406768946,2287,0.9955320941096822,,6.361904493208863,,,ascii_text,-0.015241144581405776,0.08050580769946046,no_decomp,0.050267224769233045
0.039330128938735,,2287,0.9955320941096824,,,,,ascii_text,-0.015170499833565523,,T1T2_only,
0.039330128938735054,,2287,0.9955320941096822,,,,,ascii_text,-0.013398601669279812,,T3_only,
0.000953688868543523,,2287,0.9999973756713294,,,,,ascii_text,0.005680438639976114,,T4_only,
0.003242542153047978,0.9813140066086468,2287,0.999969662566313,,1.3217937490744627,,,ascii_text,0.01144176144542043,0.08440178651475715,full,0.08086010932719619
,0.967386195555474,2287,,,0.30883031520431375,,,ascii_text,,0.0,cover,0.0
0.5,0.0,2287,3.986313713864835e-11,,80.95060222135471,,,all_zeros,0.0,0.0,no_decomp,0.0
0.5,,2287,3.986313713864835e-11,,,,,all_zeros,0.0,,T1T2_only,
0.5,,2287,3.986313713864835e-11,,,,,all_zeros,0.0,,T3_only,
0.0017929350728618232,,2287,0.9999907245584925,,,,,all_zeros,-0.0055445357529881,,T4_only,
0.0017929350728618232,0.99998846098878,2287,0.9999907245584925,,1.0747294969110117,,,all_zeros,-0.0055445357529881,0.08747453058918352,full,0.08556369056267175
,0.967386195555474,2287,,,0.30883031520431375,,,all_zeros,,0.0,cover,0.0
0.0030899519340810144,0.9989235638118612,1932,0.9999724506886926,,0.8029588195312157,,,uniform,-0.002823178235798913,0.09898350340624949,no_decomp,0.09754206803304695
0.0030899519340810144,,1932,0.9999724506886926,,,,,uniform,-0.002899009163571089,,T1T2_only,
0.0030899519340810144,,1932,0.9999724506886926,,,,,uniform,-0.0032809838423484327,,T3_only,
0.0005340657663843729,,1932,0.9999991770108714,,,,,uniform,-0.001565250736252281,,T4_only,
0.0027084763866636052,0.9964743631064144,1932,0.9999788331239896,00100101111010100010110111110011100110101100100011011110010000111100010101000111100111001111001000000001100000001000110100101001001100101011111111011010100001001100001011011001010110000011000111100000000000000000000000000000000000000000000000000000,1.3465001742908078,0,0,uniform,-0.0035005949514114298,0.09214563422551669,full,0.09439274661198704
,0.3561345007442007,1932,,,0.9759037960456314,,,uniform,,0.0,cover,0.0
0.039330128938735054,0.8149603436210269,1932,0.9955320941096822,,6.361904493208863,,,ascii_text,-0.015241144581405776,0.09737773450730973,no_decomp,0.06275342425148887
0.039330128938735,,1932,0.9955320941096824,,,,,ascii_text,-0.015170499833565523,,T1T2_only,
0.039330128938735054,,1932,0.9955320941096822,,,,,ascii_text,-0.011638937924172173,,T3_only,
0.005226214999618506,,1932,0.9999211889729769,,,,,ascii_text,-0.0011402093773831602,,T4_only,
0.0011444266422522276,0.9967032155341138,1932,0.999996220965706,,1.1735551977763923,,,ascii_text,-0.009199197422006068,0.09451698419271247,full,0.09011596338341903
,0.3561345007442007,1932,,,0.9759037960456314,,,ascii_text,,0.0,cover,0.0
0.5,0.0,1932,3.986313713864835e-11,,80.95060222135471,,,all_zeros,0.0,0.0030851428020633414,no_decomp,0.0
0.5,,1932,3.986313713864835e-11,,,,,all_zeros,0.0,,T1T2_only,
0.5,,1932,3.986313713864835e-11,,,,,all_zeros,0.0,,T3_only,
0.0030899519340810144,,1932,0.9999724506886926,,,,,all_zeros,-7.634459650182417e-05,,T4_only,
0.0030899519340810144,0.9985191489214412,1932,0.9999724506886926,,0.4817752917187294,,,all_zeros,-7.634459650182417e-05,0.10439456832109748,full,0.08891510900476354
,0.3561345007442007,1932,,,0.9759037960456314,,,all_zeros,,0.0,cover,0.0
0.004425116350041947,0.6887555009618402,3108,0.9999434985501028,,1.1735551977763923,,,uniform,-0.006068201061758995,0.10054937701280464,no_decomp,0.09601542332835264
0.004425116350041947,,3108,0.9999434985501028,,,,,uniform,-0.006068201061758994,,T1T2_only,
0.004425116350041947,,3108,0.9999434985501028,,,,,uniform,-0.005152553094548179,,T3_only,
0.004425116350041947,,3108,0.9999434985501028,,,,,uniform,-0.0021760233085979055,,T4_only,
0.0035095750362401645,0.6890543195770917,3108,0.999964460021123,00010010011000000110001011001110111011110100101100001010110000100111110010100000001011111111011111110010100001010011101011100101010101100011000000001000011010001111100000000001100100000010010000110000000000000000000000000000000000000000000000000000,0.11117891347355294,0,0,uniform,-0.0004694717443293187,0.09670691712429949,full,0.0953505324441797
,2.2448056693691956e-83,3108,,,4.4100969011176,,,uniform,,0.0,cover,0.0
0.039330128938735054,5.9549478359044665e-05,3108,0.9955320941096822,,6.361904493208863,,,ascii_text,-0.015241144581405776,0.09275135767929783,no_decomp,0.06395327000957256
0.039330128938735,,3108,0.9955320941096824,,,,,ascii_text,-0.015170499833565523,,T1T2_only,
0.039330128938735054,,3108,0.9955320941096822,,,,,ascii_text,-0.015087599338728618,,T3_only,
0.0019455252918287869,,3108,0.9999890785728672,,,,,ascii_text,-0.005089035371585465,,T4_only,
0.0038910505836575737,0.45224272540887334,3108,0.9999563139607531,,0.18529818912258825,,,ascii_text,0.0018851494258561442,0.09652146092653661,full,0.09545016561121575
,2.2448056693691956e-83,3108,,,4.4100969011176,,,ascii_text,,0.0,cover,0.0
0.5,0.0,3108,3.986313713864835e-11,,80.95060222135471,,,all_zeros,0.0,0.0,no_decomp,0.0
0.5,,3108,3.986313713864835e-11,,,,,all_zeros,0.0,,T1T2_only,
0.5,,3108,3.986313713864835e-11,,,,,all_zeros,0.0,,T3_only,
0.0010299839780270048,,3108,0.9999969389827297,,,,,all_zeros,0.007816179042368731,,T4_only,
0.0010299839780270048,0.8405280656856895,3108,0.9999969389827297,,0.08647248825720784,,,all_zeros,0.007816179042368731,0.09706662567747912,full,0.09281229258435822
,2.2448056693691956e-83,3108,,,4.4100969011176,,,all_zeros,,0.0,cover,0.0
0.0011825741969939685,0.9999999984628418,9802,0.9999959648309207,,0.11117891347355294,,,uniform,-0.007368393066918882,0.07512140168262141,no_decomp,0.08463105311938514
0.0011825741969939685,,9802,0.9999959648309207,,,,,uniform,-0.007520989960954776,,T1T2_only,
0.0011825741969939685,,9802,0.9999959648309207,,,,,uniform,-0.006605408596739671,,T3_only,
0.000457770656900891,,9802,0.9999993953549564,,,,,uniform,-0.004082717095292793,,T4_only,
0.0036240177004653873,0.9999990078778649,9802,0.9999621043851676,11100111010110010010011000100111101100000110110000110001101010010101000111101011101001110000000010111111100011010011000011100101010101111101000101100011100100100011101011010101101000010101001001100100000000000000000000000000000000000000000000000000,1.3465001742908078,0,0,uniform,-0.0019219390394499655,0.08612830047229444,full,0.08788006317340563
,4.414350531763816e-13,9802,,,3.150069215084,,,uniform,,0.0,cover,0.0
0.039330128938735054,0.9991210892593505,9802,0.9955320941096822,,6.361904493208863,,,ascii_text,-0.015241144581405776,0.07243050712033255,no_decomp,0.0592117863347713
0.039330128938735,,9802,0.9955320941096824,,,,,ascii_text,-0.015170499833565523,,T1T2_only,
0.039330128938735054,,9802,0.9955320941096822,,,,,ascii_text,-0.014402768983697408,,T3_only,
0.0027084763866636052,,9802,0.9999788331239896,,,,,ascii_text,0.0074099302553404306,,T4_only,
0.001449607080186155,0.999999999683799,9802,0.9999939367462216,,1.2229680482090823,,,ascii_text,-0.007142109670536238,0.07576518535399514,full,0.08488730399864448
,4.414350531763816e-13,9802,,,3.150069215084,,,ascii_text,,0.0,cover,0.0
0.5,0.0,9802,3.986313713864835e-11,,80.95060222135471,,,all_zeros,0.0,0.0006810418930041476,no_decomp,0.0006093663396750421
0.5,,9802,3.986313713864835e-11,,,,,all_zeros,0.0,,T1T2_only,
0.5,,9802,3.986313713864835e-11,,,,,all_zeros,0.0,,T3_only,
0.002784771496147087,,9802,0.9999776238219051,,,,,all_zeros,0.0015335576662146827,,T4_only,
0.002784771496147087,0.9999998836260464,9802,0.9999776238219051,,0.9759037960456314,,,all_zeros,0.0015335576662146827,0.07426924384350908,full,0.08584597324134251
,4.414350531763816e-13,9802,,,3.150069215084,,,all_zeros,,0.0,cover,0.0
0.00034332799267566827,0.9999686297906527,3237,0.9999996598871838,,0.9017845203965961,,,uniform,-0.006752848046959149,0.11315648249630501,no_decomp,0.10870125295566489
0.00034332799267566827,,3237,0.9999996598871838,,,,,uniform,-0.006676500159185686,,T1T2_only,
0.00034332799267566827,,3237,0.9999996598871838,,,,,uniform,-0.006371413403212392,,T3_only,
0.0022125581750209733,,3237,0.9999858747758283,,,,,uniform,0.007496252293001301,,T4_only,
0.0012588693064774503,0.99875622827119,3237,0.9999954273676659,01110110111001101110101111101011010101000000001010001100001111111100000000110101100110111010000110101111011111110010011010101011111101000000101010101011110111011010001010010010010001111010010100110000000000000000000000000000000000000000000000000000,2.4829957342426825,0,0,uniform,-0.00668226668493664,0.11718021299074526,full,0.11549306092843054
,1.1620637536264355e-65,3237,,,1.2970873238581178,,,uniform,,0.006485324987996633,cover,0.004302195135993007
0.039330128938735054,0.9125860875783596,3237,0.9955320941096822,,6.361904493208863,,,ascii_text,-0.015241144581405776,0.11716896709980942,no_decomp,0.07633024689683611
0.039330128938735,,3237,0.9955320941096824,,,,,ascii_text,-0.015170499833565523,,T1T2_only,
0.039330128938735054,,3237,0.9955320941096822,,,,,ascii_text,-0.012170239727862514,,T3_only,
0.0015259021896696368,,3237,0.9999932817122481,,,,,ascii_text,0.003538343187620333,,T4_only,
0.0006866559853513365,0.9997520213013379,3237,0.9999986395484144,,0.18529818912258825,,,ascii_text,-0.002405174720070549,0.1173745253950196,full,0.1083603625097029
,1.1620637536264355e-65,3237,,,1.2970873238581178,,,ascii_text,,0.006485324987996633,cover,0.004302195135993007
0.5,0.0,3237,3.986313713864835e-11,,80.95060222135471,,,all_zeros,0.0,0.01263769969121174,no_decomp,0.00886789465311789
0.5,,3237,3.986313713864835e-11,,,,,all_zeros,0.0,,T1T2_only,
0.5,,3237,3.986313713864835e-11,,,,,all_zeros,0.0,,T3_only,
0.001831082627603564,,3237,0.9999903256590299,,,,,all_zeros,0.00010103736311147322,,T4_only,
0.001831082627603564,0.9961805191181671,3237,0.9999903256590299,,0.2841238899879686,,,all_zeros,0.00010103736311147322,0.11259642783741097,full,0.11401729934211702
,1.1620637536264355e-65,3237,,,1.2970873238581178,,,all_zeros,,0.006485324987996633,cover,0.004302195135993007
0.0005340657663843729,0.9888685730890285,42,0.9999991770108714,,1.5194451508052236,,,uniform,0.0004947137891359584,0.13621362436927525,no_decomp,0.096253683241937
0.0005340657663843729,,42,0.9999991770108714,,,,,uniform,0.0006474729095605607,,T1T2_only,
0.0005340657663843729,,42,0.9999991770108714,,,,,uniform,-0.0009548658783886905,,T3_only,
0.0030518043793392735,,42,0.999973126723849,,,,,uniform,-0.005416467650257033,,T4_only,
0.0021744106202792324,0.9996617313690204,42,0.999986357655109,11101100111100111101100110000111100111011011100100011111100110100111111101001101100110100010101000000100011000001111100111010010111110001001111000110000100011110001110011011100010110010101010000000000000000000000000000000000000000000000000000000000,0.11117891347355294,0,0,uniform,-0.009747432130567384,0.13610490574425518,full,0.100819031027238
,0.9327695591366103,42,,,0.3582431656370039,,,uniform,,0.04330701242670655,cover,0.003600379264599475
0.039330128938735054,0.4016014660950069,42,0.9955320941096822,,6.361904493208863,,,ascii_text,-0.015241144581405776,0.14359340756104774,no_decomp,0.07285451117408069
0.039330128938735,,42,0.9955320941096824,,,,,ascii_text,-0.015170499833565523,,T1T2_only,
0.039330128938735054,,42,0.9955320941096822,,,,,ascii_text,-0.014709861323644659,,T3_only,
0.0031280994888227553,,42,0.9999717662553689,,,,,ascii_text,0.0035851547354616904,,T4_only,
0.004501411459525428,0.9334199066599708,42,0.9999415334017847,,1.0006102212619765,,,ascii_text,-0.007139201098088406,0.13031903528226638,full,0.10424432176580482
,0.9327695591366103,42,,,0.3582431656370039,,,ascii_text,,0.04330701242670655,cover,0.003600379264599475
0.5,0.0,42,3.986313713864835e-11,,80.95060222135471,,,all_zeros,0.0,0.04440075012769125,no_decomp,0.005774848779661977
0.5,,42,3.986313713864835e-11,,,,,all_zeros,0.0,,T1T2_only,
0.5,,42,3.986313713864835e-11,,,,,all_zeros,0.0,,T3_only,
0.0011444266422522276,,42,0.999996220965706,,,,,all_zeros,-0.007596757545045796,,T4_only,
0.0011444266422522276,0.9947504861579592,42,0.999996220965706,,0.7288395438821804,,,all_zeros,-0.007596757545045796,0.14313612947606572,full,0.10522124347135052
,0.9327695591366103,42,,,0.3582431656370039,,,all_zeros,,0.04330701242670655,cover,0.003600379264599475
0.0006103608758678547,0.9980204045738303,7024,0.9999989250753613,,0.5806009925841098,,,uniform,0.008734736925467461,0.08519604310450603,no_decomp,0.07623139875699007
0.0006103608758678547,,7024,0.9999989250753613,,,,,uniform,0.008658349373512385,,T1T2_only,
0.0006103608758678547,,7024,0.9999989250753613,,,,,uniform,0.008200560570216528,,T3_only,
0.0030899519340810144,,7024,0.9999724506886926,,,,,uniform,0.0007624915804922058,,T4_only,
0.0011825741969939685,0.9990585172282509,7024,0.9999959648309207,01000001000100011010111000111000001101001001011010111000110000100010011011001001011101101110100100010000000010010001111101000001000100000111010000110000000001101111100001110100000010100000111011011000000000000000000000000000000000000000000000000000,0.40765601606969415,0,0,uniform,0.008349087018773294,0.08221550073998979,full,0.07858461196867497
,2.8288450122761646e-09,7024,,,0.6053074178004549,,,uniform,,0.0,cover,0.0
0.039330128938735054,0.3400579038012638,7024,0.9955320941096822,,6.361904493208863,,,ascii_text,-0.015241144581405776,0.08442871011783899,no_decomp,0.046050410193848756
0.039330128938735,,7024,0.9955320941096824,,,,,ascii_text,-0.015170499833565523,,T1T2_only,
0.039330128938735054,,7024,0.9955320941096822,,,,,ascii_text,-0.01378858430380294,,T3_only,
0.002822919050888828,,7024,0.9999770065737057,,,,,ascii_text,0.0026767885820971962,,T4_only,
0.00026703288319218643,0.9998002064005473,7024,0.9999997942527472,,0.33353674042065884,,,ascii_text,-0.002861422409903878,0.08377896441522852,full,0.0783215634713144
,2.8288450122761646e-09,7024,,,0.6053074178004549,,,ascii_text,,0.0,cover,0.0
0.5,0.0,7024,3.986313713864835e-11,,80.95060222135471,,,all_zeros,0.0,0.0,no_decomp,0.0
0.5,,7024,3.986313713864835e-11,,,,,all_zeros,0.0,,T1T2_only,
0.5,,7024,3.986313713864835e-11,,,,,all_zeros,0.0,,T3_only,
0.0007629510948348184,,7024,0.9999983204300175,,,,,all_zeros,0.001103877553280171,,T4_only,
0.0007629510948348184,0.9822993775712136,7024,0.9999983204300175,,0.16059176390624313,,,all_zeros,0.001103877553280171,0.08754313711765041,full,0.07820320489388538
,2.8288450122761646e-09,7024,,,0.6053074178004549,,,all_zeros,,0.0,cover,0.0
0.00034332799267566827,0.9999991743165659,1829,0.9999996598871838,,0.6300138430168,,,uniform,-0.004463906362326368,0.0907301520697096,no_decomp,0.10388028738131799
0.00034332799267566827,,1829,0.9999996598871838,,,,,uniform,-0.004463906362326337,,T1T2_only,
0.00034332799267566827,,1829,0.9999996598871838,,,,,uniform,-0.004845346907418361,,T3_only,
0.003356984817273201,,1829,0.999967483293458,,,,,uniform,-0.006415740625957388,,T4_only,
0.00030518043793392735,0.9999995080858445,1829,0.9999997312688904,01111111101000111001001111100000011111001101101011100011000111111011011111101111101110011100000011111100000000011111100000011101000001110011100010110110111111110011101010010010101110001010010011100000000000000000000000000000000000000000000000000000,0.43236244128603923,0,0,uniform,0.0038527238218710753,0.08441593944232388,full,0.09957400588111379
,0.08427341334129276,1829,,,0.43236244128603923,,,uniform,,0.0,cover,0.006561934790067033
0.039330128938735054,0.4909334131371999,1829,0.9955320941096822,,6.361904493208863,,,ascii_text,-0.015241144581405776,0.08032072423926992,no_decomp,0.06914190454631419
0.039330128938735,,1829,0.9955320941096824,,,,,ascii_text,-0.015170499833565523,,T1T2_only,
0.039330128938735054,,1829,0.9955320941096822,,,,,ascii_text,-0.013942130473776527,,T3_only,
0.0026703288319218643,,1829,0.9999794251778886,,,,,ascii_text,0.009166050397218318,,T4_only,
0.004348821240558465,0.9874212792480238,1829,0.9999454301044031,,1.8159222534013648,,,ascii_text,-0.006981152284906799,0.08916097610302116,full,0.09507078741761534
,0.08427341334129276,1829,,,0.43236244128603923,,,ascii_text,,0.0,cover,0.006561934790067033
0.5,0.0,1829,3.986313713864835e-11,,80.95060222135471,,,all_zeros,0.0,0.0,no_decomp,0.008291928701090131
0.5,,1829,3.986313713864835e-11,,,,,all_zeros,0.0,,T1T2_only,
0.5,,1829,3.986313713864835e-11,,,,,all_zeros,0.0,,T3_only,
0.0020599679560540096,,1829,0.9999877559049398,,,,,all_zeros,-0.006006470256458589,,T4_only,
0.0020599679560540096,0.999996735565169,1829,0.9999877559049398,,0.21000461433893333,,,all_zeros,-0.006006470256458589,0.09474272408327443,full,0.10697009344804569
,0.08427341334129276,1829,,,0.43236244128603923,,,all_zeros,,0.0,cover,0.006561934790067033
0.000953688868543523,0.9999977808855066,2182,0.9999973756713294,,0.9759037960456314,,,uniform,0.004002165750138294,0.05710695849947688,no_decomp,0.071287996060901
0.000953688868543523,,2182,0.9999973756713294,,,,,uniform,0.004078322005851423,,T1T2_only,
0.000953688868543523,,2182,0.9999973756713294,,,,,uniform,0.0062911143503754695,,T3_only,
0.004310673685816724,,2182,0.9999463832838245,,,,,uniform,-0.0005703113707033076,,T4_only,
3.814755474174092e-05,0.9999978772926333,2182,0.9999999958010766,11100110110000101001011010110111111110110001011000000111011101100011100100000110100000111100111000100010011011110000011000100010110001010110000001001010001101011111101110001111110101110110000100010000000000000000000000000000000000000000000000000000,0.11117891347355294,0,0,uniform,0.015221450747964452,0.05676217270006665,full,0.06898526591721825
,6.810288463168639e-40,2182,,,0.9264909456129412,,,uniform,,0.0,cover,0.0
0.039330128938735054,0.9967848526218543,2182,0.9955320941096822,,6.361904493208863,,,ascii_text,-0.015241144581405776,0.06231334813408915,no_decomp,0.04255306700519149
0.039330128938735,,2182,0.9955320941096824,,,,,ascii_text,-0.015170499833565523,,T1T2_only,
0.039330128938735054,,2182,0.9955320941096822,,,,,ascii_text,-0.01378858430380292,,T3_only,
0.0030136568245975326,,2182,0.9999737943608458,,,,,ascii_text,0.003969915618284407,,T4_only,
0.0026321812771801234,0.9999999994475318,2182,0.9999800088337016,,2.433582883809992,,,ascii_text,0.003291340926973935,0.06190912845116288,full,0.07292487314221027
,6.810288463168639e-40,2182,,,0.9264909456129412,,,ascii_text,,0.0,cover,0.0
0.5,0.0,2182,3.986313713864835e-11,,80.95060222135471,,,all_zeros,0.0,0.0,no_decomp,0.0
0.5,,2182,3.986313713864835e-11,,,,,all_zeros,0.0,,T1T2_only,
0.5,,2182,3.986313713864835e-11,,,,,all_zeros,0.0,,T3_only,
0.0053788052185854696,,2182,0.9999165195951462,,,,,all_zeros,0.0059506477454105405,,T4_only,
0.0053788052185854696,0.9999996493404237,2182,0.9999165195951462,,0.382949590853349,,,all_zeros,0.0059506477454105405,0.05662932566787943,full,0.07318833633809534
,6.810288463168639e-40,2182,,,0.9264909456129412,,,all_zeros,,0.0,cover,0.0
0.00015259021896696368,0.988889599865001,9136,0.9999999328172258,,0.5064817169350745,,,uniform,0.011482781526848887,0.09279478093527466,no_decomp,0.10057794828925755
0.00015259021896696368,,9136,0.9999999328172258,,,,,uniform,0.011330185475834165,,T1T2_only,
0.00015259021896696368,,9136,0.9999999328172258,,,,,uniform,0.011024993373804814,,T3_only,
0.004425116350041947,,9136,0.9999434985501028,,,,,uniform,0.005301763373619467,,T4_only,
0.0004196231021591501,0.9736468558710837,9136,0.9999994919302178,01100111101000010000000111010101000001001101001011111100000111010100010100110000100100001111000010001000011000111001010110110011010101000011000000111101110001110100111010100001111111100000110111000100000000000000000000000000000000000000000000000000,0.9511973708292862,0,0,uniform,-0.004387909410519494,0.08889676195537019,full,0.09816900953330587
,2.570220559040345e-38,9136,,,2.137105781213851,,,uniform,,0.007592486010133416,cover,0.0
0.039330128938735054,0.023010685070676214,9136,0.9955320941096822,,6.361904493208863,,,ascii_text,-0.015241144581405776,0.09153108117049163,no_decomp,0.06412280231238612
0.039330128938735,,9136,0.9955320941096824,,,,,ascii_text,-0.015170499833565523,,T1T2_only,
0.039330128938735054,,9136,0.9955320941096822,,,,,ascii_text,-0.01370569215463415,,T3_only,
0.0002288853284504455,,9136,0.9999998488387549,,,,,ascii_text,0.0007246232289285062,,T4_only,
0.00331883726253146,0.9841691468502389,9136,0.9999682181159568,,0.23471103955527844,,,ascii_text,-0.017326325633692876,0.09135443068652493,full,0.10234559649866785
,2.570220559040345e-38,9136,,,2.137105781213851,,,ascii_text,,0.007592486010133416,cover,0.0
0.5,0.0,9136,3.986313713864835e-11,,80.95060222135471,,,all_zeros,0.0,0.0,no_decomp,0.0
0.5,,9136,3.986313713864835e-11,,,,,all_zeros,0.0,,T1T2_only,
0.5,,9136,3.986313713864835e-11,,,,,all_zeros,0.0,,T3_only,
0.0006103608758678547,,9136,0.9999989250753613,,,,,all_zeros,-0.004846329640670667,,T4_only,
0.0006103608758678547,0.998762766429451,9136,0.9999989250753613,,0.30883031520431375,,,all_zeros,-0.004846329640670667,0.0958072797752074,full,0.10062587429949568
,2.570220559040345e-38,9136,,,2.137105781213851,,,all_zeros,,0.007592486010133416,cover,0.0
0.0029755092698557917,0.9358633628627163,8175,0.9999744535996908,,0.7288395438821804,,,uniform,-0.005185262366550526,0.10095665038426696,no_decomp,0.10734001567552348
0.0029755092698557917,,8175,0.9999744535996908,,,,,uniform,-0.005033573730347628,,T1T2_only,
0.0029755092698557917,,8175,0.9999744535996908,,,,,uniform,-0.004651610836823304,,T3_only,
0.006141756313420288,,8175,0.9998911569712183,,,,,uniform,-0.011482883459523124,,T4_only,
0.00034332799267566827,0.9718056296284561,8175,0.9999996598871838,11111101010000110010001111001001011100111100110001000000110010011001000000110011000110101111110001110010011110101110111001100000011011100010100000000101101001101000110101110001111100101111011111111000000000000000000000000000000000000000000000000000,0.21000461433893333,0,0,uniform,-0.0008015996669138909,0.09559804097011404,full,0.10122558840246558
,1.1633579724036318e-24,8175,,,0.4817752917187294,,,uniform,,0.0,cover,0.0001905358587419272
0.039330128938735054,0.0003109900937384932,8175,0.9955320941096822,,6.361904493208863,,,ascii_text,-0.015241144581405776,0.09981254288183264,no_decomp,0.067370621509792
0.039330128938735,,8175,0.9955320941096824,,,,,ascii_text,-0.015170499833565523,,T1T2_only,
0.039330128938735054,,8175,0.9955320941096822,,,,,ascii_text,-0.015253407186833557,,T3_only,
0.002784771496147087,,8175,0.9999776238219051,,,,,ascii_text,-0.00975975308156151,,T4_only,
7.629510948348184e-05,0.9066170134272855,8175,0.9999999832043066,,0.5311881421514196,,,ascii_text,0.010033168056754044,0.0932209508749816,full,0.10009527846454337
,1.1633579724036318e-24,8175,,,0.4817752917187294,,,ascii_text,,0.0,cover,0.0001905358587419272
0.5,0.0,8175,3.986313713864835e-11,,80.95060222135471,,,all_zeros,0.0,0.0,no_decomp,0.0
0.5,,8175,3.986313713864835e-11,,,,,all_zeros,0.0,,T1T2_only,
0.5,,8175,3.986313713864835e-11,,,,,all_zeros,0.0,,T3_only,
0.002403295948729678,,8175,0.9999833344091427,,,,,all_zeros,-0.007080834102837107,,T4_only,
0.002403295948729678,0.7503116053475737,8175,0.9999833344091427,,0.9017845203965961,,,all_zeros,-0.007080834102837107,0.09882188237554222,full,0.10699376937258143
,1.1633579724036318e-24,8175,,,0.4817752917187294,,,all_zeros,,0.0,cover,0.0001905358587419272
0.0012970168612191912,0.9832739481065781,2203,0.9999951460391902,,0.7535459690985254,,,uniform,0.006821990645595497,0.13800805572052535,no_decomp,0.12094643293939386
0.0012970168612191912,,2203,0.9999951460391902,,,,,uniform,0.0068980897053211926,,T1T2_only,
0.0012970168612191912,,2203,0.9999951460391902,,,,,uniform,0.0065928955103934875,,T3_only,
0.0001907377737087046,,2203,0.9999998950269142,,,,,uniform,0.011177543374263832,,T4_only,
0.0009918364232852639,0.8557188390273978,2203,0.9999971615259693,11100111101110101010111010101111010110101001011010100111011000000011101000100000011111100001100101101101010001110010101010010101111010110111111110010010100100001001001100101001101010101101100100010000000000000000000000000000000000000000000000000000,2.5571150098917177,0,0,uniform,0.01430200126247786,0.13201218247455074,full,0.12323842301158824
,3.0955986747878676e-79,2203,,,0.7782523943148706,,,uniform,,0.031803574453141255,cover,0.02305087964759541
0.039330128938735054,0.008206976097595067,2203,0.9955320941096822,,6.361904493208863,,,ascii_text,-0.015241144581405776,0.14186685803555238,no_decomp,0.08962444067120713
0.039330128938735,,2203,0.9955320941096824,,,,,ascii_text,-0.015170499833565523,,T1T2_only,
0.039330128938735054,,2203,0.9955320941096822,,,,,ascii_text,-0.014095676643750147,,T3_only,
0.0013351644159609322,,2203,0.9999948563128114,,,,,ascii_text,-0.003478512922220105,,T4_only,
0.0011444266422522276,0.9530320153544941,2203,0.999996220965706,,0.13588533868989805,,,ascii_text,-0.00858881006261523,0.1398380695396217,full,0.12476764860182632
,3.0955986747878676e-79,2203,,,0.7782523943148706,,,ascii_text,,0.031803574453141255,cover,0.02305087964759541
0.5,0.0,2203,3.986313713864835e-11,,80.95060222135471,,,all_zeros,0.0,0.017047575232929647,no_decomp,0.014019490107087534
0.5,,2203,3.986313713864835e-11,,,,,all_zeros,0.0,,T1T2_only,
0.5,,2203,3.986313713864835e-11,,,,,all_zeros,0.0,,T3_only,
0.002250705729762714,,2203,0.9999853834985366,,,,,all_zeros,-0.003415593908192483,,T4_only,
0.002250705729762714,0.9920594189076903,2203,0.9999853834985366,,1.4206194499398432,,,all_zeros,-0.003415593908192483,0.13854332529308377,full,0.12331024349270597
,3.0955986747878676e-79,2203,,,0.7782523943148706,,,all_zeros,,0.031803574453141255,cover,0.02305087964759541
0.00415808346684976,0.9996821861898161,1028,0.999950112016911,,0.18529818912258825,,,uniform,-0.0022438112198029134,0.12346310645406842,no_decomp,0.11411107009959487
0.00415808346684976,,1028,0.999950112016911,,,,,uniform,-0.002319481381255972,,T1T2_only,
0.00415808346684976,,1028,0.999950112016911,,,,,uniform,-0.0014051133237861894,,T3_only,
0.00663767452506292,,1028,0.9998728696630624,,,,,uniform,-0.0018932860264529068,,T4_only,
0.003280689707789719,0.9966635820143857,1028,0.999968944540239,11100011101011100110001100001011010100000110001111001110100100101100111010111000100011100100111111000010100001101111100100101010011010000011000010110111111111001011001100001000011110110010000000100000000000000000000000000000000000000000000000000000,1.4947387255888784,0,0,uniform,0.015407463088173652,0.1266524768594611,full,0.11558613821752385
,4.806660367630271e-14,1028,,,0.33353674042065884,,,uniform,,0.03346137276051713,cover,0.019023674415193526
0.039330128938735054,0.143702892914829,1028,0.9955320941096822,,6.361904493208863,,,ascii_text,-0.015241144581405776,0.13182663720684695,no_decomp,0.08409680631116569
0.039330128938735,,1028,0.9955320941096824,,,,,ascii_text,-0.015170499833565523,,T1T2_only,
0.039330128938735054,,1028,0.9955320941096822,,,,,ascii_text,-0.013398601669279817,,T3_only,
0.003662165255207128,,1028,0.9999613023766192,,,,,ascii_text,-0.0017704488937218626,,T4_only,
0.0020218204013122687,0.9794546586729195,1028,0.9999882051922312,,0.5806009925841098,,,ascii_text,0.0022344773108368492,0.12233632922982551,full,0.11132283319963558
,4.806660367630271e-14,1028,,,0.33353674042065884,,,ascii_text,,0.03346137276051713,cover,0.019023674415193526
0.5,0.0,1028,3.986313713864835e-11,,80.95060222135471,,,all_zeros,0.0,0.03150770944935038,no_decomp,0.02209413329978617
0.5,,1028,3.986313713864835e-11,,,,,all_zeros,0.0,,T1T2_only,
0.5,,1028,3.986313713864835e-11,,,,,all_zeros,0.0,,T3_only,
0.002746623941405346,,1028,0.9999782326719975,,,,,all_zeros,-0.011284054167763381,,T4_only,
0.002746623941405346,0.9624693893480758,1028,0.9999782326719975,,0.5806009925841098,,,all_zeros,-0.011284054167763381,0.12823717684209746,full,0.11665370184590129
,4.806660367630271e-14,1028,,,0.33353674042065884,,,all_zeros,,0.03346137276051713,cover,0.019023674415193526
0.0025940337224383825,0.9861855592568696,1113,0.9999805840914351,,0.30883031520431375,,,uniform,0.0018420364003863886,0.1608299238019775,no_decomp,0.10628934320611103
0.0025940337224383825,,1113,0.9999805840914351,,,,,uniform,0.0019954267593921566,,T1T2_only,
0.0025940337224383825,,1113,0.9999805840914351,,,,,uniform,0.0013842357749776209,,T3_only,
0.007820248722056888,,1113,0.99982353305206,,,,,uniform,-0.0008158856753175883,,T4_only,
0.0029755092698557917,0.9949049265205059,1113,0.9999744535996908,10101100100000001101010100001111101000000010110000010101000110010111100101000111101001011111101011011010001101001110110001011110111000110010100100011111010101011000100101101110010011111001101000100000000000000000000000000000000000000000000000000000,0.6794266934494902,0,0,uniform,0.0012230883593797315,0.1546219720338676,full,0.105031704152927
,6.225026912022426e-54,1113,,,10.290226102607733,,,uniform,,0.09031709054511403,cover,0.025954042516945188
0.039330128938735054,0.16566571060648727,1113,0.9955320941096822,,6.361904493208863,,,ascii_text,-0.015241144581405776,0.168124993802068,no_decomp,0.07559619776941938
0.039330128938735,,1113,0.9955320941096824,,,,,ascii_text,-0.015170499833565523,,T1T2_only,
0.039330128938735054,,1113,0.9955320941096822,,,,,ascii_text,-0.013788584303802915,,T3_only,
0.00457770656900891,,1113,0.9999395346593567,,,,,ascii_text,0.00888193539555347,,T4_only,
0.0013351644159609322,0.9785670281506151,1113,0.9999948563128114,,0.7288395438821804,,,ascii_text,0.0033879503442682548,0.15397100021710508,full,0.10272941147672882
,6.225026912022426e-54,1113,,,10.290226102607733,,,ascii_text,,0.09031709054511403,cover,0.025954042516945188
0.5,0.0,1113,3.986313713864835e-11,,80.95060222135471,,,all_zeros,0.0,0.08446026423229967,no_decomp,0.021404526515296625
0.5,,1113,3.986313713864835e-11,,,,,all_zeros,0.0,,T1T2_only,
0.5,,1113,3.986313713864835e-11,,,,,all_zeros,0.0,,T3_only,
0.001907377737087046,,1113,0.999989502666222,,,,,all_zeros,-0.005470235640239041,,T4_only,
0.001907377737087046,0.9928653198396287,1113,0.999989502666222,,0.21000461433893333,,,all_zeros,-0.005470235640239041,0.1516078765683783,full,0.10453452998287731
,6.225026912022426e-54,1113,,,10.290226102607733,,,all_zeros,,0.09031709054511403,cover,0.025954042516945188
0.00026703288319218643,0.7788229030552026,4588,0.9999997942527472,,0.8276652447475608,,,uniform,0.0005719515218196518,0.17373756131308782,no_decomp,0.12079088214672326
0.00026703288319218643,,4588,0.9999997942527472,,,,,uniform,0.000648205929753833,,T1T2_only,
0.00026703288319218643,,4588,0.9999997942527472,,,,,uniform,0.0011823358573499463,,T3_only,
0.0012588693064774503,,4588,0.9999954273676659,,,,,uniform,-0.008208623837039467,,T4_only,
0.003700312809948869,0.6747330700768741,4588,0.9999604919697733,11000110011010111100000001010111100001110110001111100000011100111111011000001100001110000011011011111100101000011100100011100001100011111110010111011111010101111110111100110011100111100011011110001000000000000000000000000000000000000000000000000000,1.7418029777523294,0,0,uniform,0.014251887424983524,0.17648380295262045,full,0.11863827187999422
,9.643737251851173e-41,4588,,,1.0253166464783217,,,uniform,,0.07075005491767196,cover,0.01844262970898554
0.039330128938735054,0.07127266801609251,4588,0.9955320941096822,,6.361904493208863,,,ascii_text,-0.015241144581405776,0.17216649954915686,no_decomp,0.08253391353911442
0.039330128938735,,4588,0.9955320941096824,,,,,ascii_text,-0.015170499833565523,,T1T2_only,
0.039330128938735054,,4588,0.9955320941096822,,,,,ascii_text,-0.012796653630422596,,T3_only,
0.0014877546349278958,,4588,0.9999936134281955,,,,,ascii_text,-0.0029463527404230802,,T4_only,
0.004501411459525428,0.8169145178137328,4588,0.9999415334017847,,1.9147479542667452,,,ascii_text,0.0005682073020324602,0.18026679443800014,full,0.12445595536268576
,9.643737251851173e-41,4588,,,1.0253166464783217,,,ascii_text,,0.07075005491767196,cover,0.01844262970898554
0.5,0.0,4588,3.986313713864835e-11,,80.95060222135471,,,all_zeros,0.0,0.06679504930321387,no_decomp,0.01959784830883527
0.5,,4588,3.986313713864835e-11,,,,,all_zeros,0.0,,T1T2_only,
0.5,,4588,3.986313713864835e-11,,,,,all_zeros,0.0,,T3_only,
0.004081788357366278,,4588,0.9999519259928462,,,,,all_zeros,-0.0003330927000797079,,T4_only,
0.004081788357366278,0.9905962614037708,4588,0.9999519259928462,,0.8523716699639059,,,all_zeros,-0.0003330927000797079,0.17305294993547526,full,0.12433682836479557
,9.643737251851173e-41,4588,,,1.0253166464783217,,,all_zeros,,0.07075005491767196,cover,0.01844262970898554
0.006141756313420288,0.9999985998242984,2117,0.9998911569712183,,2.0135736551321255,,,uniform,-0.009116344855358758,0.12577490855710377,no_decomp,0.09958815190269972
0.006141756313420288,,2117,0.9998911569712183,,,,,uniform,-0.00919359740964516,,T1T2_only,
0.006141756313420288,,2117,0.9998911569712183,,,,,uniform,-0.007439425374369226,,T3_only,
0.0016021972991531186,,2117,0.9999925930865751,,,,,uniform,0.0007145710567005328,,T4_only,
0.0017929350728618232,0.9998803583259219,2117,0.9999907245584925,00010001100000101111001001110000110110110110011101001100011000001011101100101001000111001001101111001000011100000110111010011011101100011001111001011100101010100001101100001100001000001010001000010000000000000000000000000000000000000000000000000000,0.23471103955527844,0,0,uniform,-0.003789386987334457,0.11094244478023925,full,0.09429671140199108
,0.9825372256976673,2117,,,0.9017845203965961,,,uniform,,0.02132766881195194,cover,0.007893776048259225
0.039330128938735054,0.9751157523498926,2117,0.9955320941096822,,6.361904493208863,,,ascii_text,-0.015241144581405776,0.12040067101605222,no_decomp,0.06710500231131707
0.039330128938735,,2117,0.9955320941096824,,,,,ascii_text,-0.015170499833565523,,T1T2_only,
0.039330128938735054,,2117,0.9955320941096822,,,,,ascii_text,-0.013327945793882032,,T3_only,
0.0008392462043183002,,2117,0.9999979677201555,,,,,ascii_text,-0.0011091405140175698,,T4_only,
0.000457770656900891,0.9979861492552448,2117,0.9999993953549564,,1.124142347343702,,,ascii_text,0.0008765911423620817,0.11707565349942692,full,0.0963034260706075
,0.9825372256976673,2117,,,0.9017845203965961,,,ascii_text,,0.02132766881195194,cover,0.007893776048259225
0.5,0.0,2117,3.986313713864835e-11,,80.95060222135471,,,all_zeros,0.0,0.01915206996471805,no_decomp,0.0066750154345868624
0.5,,2117,3.986313713864835e-11,,,,,all_zeros,0.0,,T1T2_only,
0.5,,2117,3.986313713864835e-11,,,,,all_zeros,0.0,,T3_only,
0.0,,2117,1.0,,,,,all_zeros,-0.0039293494944838215,,T4_only,
0.0,0.9997772186572401,2117,1.0,,0.40765601606969415,,,all_zeros,-0.0039293494944838215,0.11560122874314448,full,0.09723356602249954
,0.9825372256976673,2117,,,0.9017845203965961,,,all_zeros,,0.02132766881195194,cover,0.007893776048259225
0.004310673685816724,0.8091064970538042,318,0.9999463832838245,,0.21000461433893333,,,uniform,0.0027114005599398103,0.08804488622734996,no_decomp,0.13928869245159692
0.004310673685816724,,318,0.9999463832838245,,,,,uniform,0.002481836312608946,,T1T2_only,
0.004310673685816724,,318,0.9999463832838245,,,,,uniform,0.003016615127480803,,T3_only,
0.001907377737087046,,318,0.999989502666222,,,,,uniform,0.006509023439705592,,T4_only,
0.005455100328068951,0.9982535966238554,318,0.9999141345133737,11100101010011111101100000011111000010110101101001010010011011011011110110011100001101000101110010010001011011101001100010001011000111111001000011101001100101010110100000001101011011110111110010000000000000000000000000000000000000000000000000000000,0.08647248825720784,0,0,uniform,0.0065578173130348485,0.08791478844129788,full,0.13671138187378984
,0.0,318,,,75.02106016943189,,,uniform,,0.018544373539238847,cover,0.0285776659811958
0.039330128938735054,0.011924216766242857,318,0.9955320941096822,,6.361904493208863,,,ascii_text,-0.015241144581405776,0.08496131257821037,no_decomp,0.10320361347969034
0.039330128938735,,318,0.9955320941096824,,,,,ascii_text,-0.015170499833565523,,T1T2_only,
0.039330128938735054,,318,0.9955320941096822,,,,,ascii_text,-0.013327945793882016,,T3_only,
0.000915541313801782,,318,0.999997581418812,,,,,ascii_text,0.0017132171499011945,,T4_only,
0.00015259021896696368,0.790061543822051,318,0.9999999328172258,,0.06176606304086275,,,ascii_text,0.009956774909293795,0.08730542881740468,full,0.13794256490924386
,0.0,318,,,75.02106016943189,,,ascii_text,,0.018544373539238847,cover,0.0285776659811958
0.5,0.0,318,3.986313713864835e-11,,80.95060222135471,,,all_zeros,0.0,0.01671107463003478,no_decomp,0.02802428627759371
0.5,,318,3.986313713864835e-11,,,,,all_zeros,0.0,,T1T2_only,
0.5,,318,3.986313713864835e-11,,,,,all_zeros,0.0,,T3_only,
0.0039673456931410556,,318,0.9999545839687269,,,,,all_zeros,0.007681770048083112,,T4_only,
0.0039673456931410556,0.8984699400102093,318,0.9999545839687269,,0.23471103955527844,,,all_zeros,0.007681770048083112,0.0884146249967599,full,0.14157961100705918
,0.0,318,,,75.02106016943189,,,all_zeros,,0.018544373539238847,cover,0.0285776659811958
0.002327000839246196,0.9999899484262753,3253,0.999984375749897,,1.0006102212619765,,,uniform,0.004900018967650026,0.11400736260200696,no_decomp,0.10683706896419214
0.002327000839246196,,3253,0.999984375749897,,,,,uniform,0.004975968179046065,,T1T2_only,
0.002327000839246196,,3253,0.999984375749897,,,,,uniform,0.0036785170223459763,,T3_only,
0.002288853284504455,,3253,0.999984883823228,,,,,uniform,0.003603275931266765,,T4_only,
0.004425116350041947,0.9999539781653688,3253,0.9999434985501028,10111001110000010110101100110001010010100110110101000010101011001100010111011100001001100111100101000111110000110110001101011111100011010001110001111101010101101111001000101000001100001010110100110000000000000000000000000000000000000000000000000000,0.9017845203965961,0,0,uniform,0.004537379377862105,0.10677740043280769,full,0.10693198917199291
,0.1874595276201565,3253,,,1.4206194499398432,,,uniform,,0.015201838202908545,cover,0.0055270864670967125
0.039330128938735054,0.996350238273462,3253,0.9955320941096822,,6.361904493208863,,,ascii_text,-0.015241144581405776,0.11383923758312028,no_decomp,0.07519087017267614
0.039330128938735,,3253,0.9955320941096824,,,,,ascii_text,-0.015170499833565523,,T1T2_only,
0.039330128938735054,,3253,0.9955320941096822,,,,,ascii_text,-0.011946030264119415,,T3_only,
0.001373311970702673,,3253,0.9999945581885259,,,,,ascii_text,-0.005539191316733872,,T4_only,
0.0005340657663843729,0.999819317372077,3253,0.9999991770108714,,0.18529818912258825,,,ascii_text,0.0008762886952021483,0.11463834813311838,full,0.10760485809772342
,0.1874595276201565,3253,,,1.4206194499398432,,,ascii_text,,0.015201838202908545,cover,0.0055270864670967125
0.5,0.0,3253,3.986313713864835e-11,,80.95060222135471,,,all_zeros,0.0,0.012066611278419263,no_decomp,0.004045051886102751
0.5,,3253,3.986313713864835e-11,,,,,all_zeros,0.0,,T1T2_only,
0.5,,3253,3.986313713864835e-11,,,,,all_zeros,0.0,,T3_only,
0.004043640802624537,,3253,0.9999528203831989,,,,,all_zeros,-0.0026221844453888344,,T4_only,
0.004043640802624537,0.99999504891981,3253,0.9999528203831989,,0.3582431656370039,,,all_zeros,-0.0026221844453888344,0.11789117005026035,full,0.11201821472933994
,0.1874595276201565,3253,,,1.4206194499398432,,,all_zeros,,0.015201838202908545,cover,0.0055270864670967125
0.0035858701457236464,0.5883255189918655,6094,0.9999628979954283,,1.618270851670604,,,uniform,0.014712987379876695,0.0660090270521565,no_decomp,0.08748942927945666
0.0035858701457236464,,6094,0.9999628979954283,,,,,uniform,0.01471298737987669,,T1T2_only,
0.0035858701457236464,,6094,0.9999628979954283,,,,,uniform,0.01463722175260637,,T3_only,
0.0019836728465705278,,6094,0.9999886460815388,,,,,uniform,0.005592252933411762,,T4_only,
0.0001907377737087046,0.966850128496828,6094,0.9999998950269142,10000100110011101001101010000000001000100000100111110010001110110011111110110100010010011010000010000100110010011111111101101001000011101000001010100001010001111111011111111011101010100111001111101000000000000000000000000000000000000000000000000000,0.03705963782451765,0,0,uniform,0.00019062718953343928,0.06607836393261655,full,0.08635872880345831
,6.759703575958411e-36,6094,,,2.1865186316465413,,,uniform,,0.0,cover,0.0
0.039330128938735054,0.0007666437271094164,6094,0.9955320941096822,,6.361904493208863,,,ascii_text,-0.015241144581405776,0.06978047149022176,no_decomp,0.05692974856162591
0.039330128938735,,6094,0.9955320941096824,,,,,ascii_text,-0.015170499833565523,,T1T2_only,
0.039330128938735054,,6094,0.9955320941096822,,,,,ascii_text,-0.011863149242508197,,T3_only,
0.0053788052185854696,,6094,0.9999165195951462,,,,,ascii_text,0.002440532574025478,,T4_only,
0.002365148393987937,0.9497479671566523,6094,0.9999838592785371,,0.5806009925841098,,,ascii_text,-0.0017391203306519204,0.06706642448383163,full,0.08912632849637371
,6.759703575958411e-36,6094,,,2.1865186316465413,,,ascii_text,,0.0,cover,0.0
0.5,0.0,6094,3.986313713864835e-11,,80.95060222135471,,,all_zeros,0.0,0.0,no_decomp,0.0
0.5,,6094,3.986313713864835e-11,,,,,all_zeros,0.0,,T1T2_only,
0.5,,6094,3.986313713864835e-11,,,,,all_zeros,0.0,,T3_only,
0.0006485084306095956,,6094,0.9999987865108183,,,,,all_zeros,0.010107918805714817,,T4_only,
0.0006485084306095956,0.901598369147156,6094,0.9999987865108183,,0.18529818912258825,,,all_zeros,0.010107918805714817,0.06567635393320718,full,0.08774451232510372
,6.759703575958411e-36,6094,,,2.1865186316465413,,,all_zeros,,0.0,cover,0.0
0.0031662470435644963,0.9963477962323226,1496,0.9999710734238698,,1.1982616229927372,,,uniform,0.0020581760093048808,0.12620266950286502,no_decomp,0.11875306275462152
0.0031662470435644963,,1496,0.9999710734238698,,,,,uniform,0.002058176009304858,,T1T2_only,
0.0031662470435644963,,1496,0.9999710734238698,,,,,uniform,0.002286594249155381,,T3_only,
0.001907377737087046,,1496,0.999989502666222,,,,,uniform,0.0033810462640906764,,T4_only,
0.0006866559853513365,0.9900782936668086,1496,0.9999986395484144,11110011100111111010010001110101011101111001011000111100101001011001111000100011010111000000111000000100101101111001000111110010010001000110001110101110011110101101110000111000000100110001101110100000000000000000000000000000000000000000000000000000,0.33353674042065884,0,0,uniform,0.007437186320471886,0.11972161066295484,full,0.11301778457176728
,0.008595660516797452,1496,,,1.5194451508052236,,,uniform,,0.024704721248986792,cover,0.024978461006040856
0.039330128938735054,0.14674953105785987,1496,0.9955320941096822,,6.361904493208863,,,ascii_text,-0.015241144581405776,0.11585442624523619,no_decomp,0.07978202838795172
0.039330128938735,,1496,0.9955320941096824,,,,,ascii_text,-0.015170499833565523,,T1T2_only,
0.039330128938735054,,1496,0.9955320941096822,,,,,ascii_text,-0.013174399623908394,,T3_only,
0.002250705729762714,,1496,0.9999853834985366,,,,,ascii_text,0.004672160122893693,,T4_only,
0.0005722133211261138,0.9890764232789632,1496,0.9999990552420452,,1.0500230716946666,,,ascii_text,-0.005227729586422341,0.12100045117531288,full,0.11736425997171718
,0.008595660516797452,1496,,,1.5194451508052236,,,ascii_text,,0.024704721248986792,cover,0.024978461006040856
0.5,0.0,1496,3.986313713864835e-11,,80.95060222135471,,,all_zeros,0.0,0.024686081881313986,no_decomp,0.020959960261952716
0.5,,1496,3.986313713864835e-11,,,,,all_zeros,0.0,,T1T2_only,
0.5,,1496,3.986313713864835e-11,,,,,all_zeros,0.0,,T3_only,
0.006141756313420288,,1496,0.9998911569712183,,,,,all_zeros,-0.005760614030767062,,T4_only,
0.006141756313420288,0.9908154198390314,1496,0.9998911569712183,,1.3465001742908078,,,all_zeros,-0.005760614030767062,0.11949972468075684,full,0.11483670862059363
,0.008595660516797452,1496,,,1.5194451508052236,,,all_zeros,,0.024704721248986792,cover,0.024978461006040856
0.0011825741969939685,0.9999995771408982,9484,0.9999959648309207,,0.21000461433893333,,,uniform,0.0056023429261280655,0.1012297037310485,no_decomp,0.09240419332967985
0.0011825741969939685,,9484,0.9999959648309207,,,,,uniform,0.005754939820163892,,T1T2_only,
0.0011825741969939685,,9484,0.9999959648309207,,,,,uniform,0.006212730502271447,,T3_only,
0.0017547875181200823,,9484,0.9999911150600004,,,,,uniform,-0.009816733117269886,,T4_only,
0.0008773937590600411,0.9978464529835243,9484,0.99999777876842,00101100010101111100010000001101011100110011111011111000111101000011011010100110101010000001101101100000000010111110110011000101110011101000010001100001101110100101101101010111010101110011000010100100000000000000000000000000000000000000000000000000,0.5558945673677648,0,0,uniform,0.006673019256343082,0.10124416470460064,full,0.09594751396224538
,0.6561684513701915,9484,,,0.18529818912258825,,,uniform,,0.002707665721373043,cover,0.0011553650271324757
0.039330128938735054,0.8655253430767207,9484,0.9955320941096822,,6.361904493208863,,,ascii_text,-0.015241144581405776,0.10628934974894198,no_decomp,0.06313498327416064
0.039330128938735,,9484,0.9955320941096824,,,,,ascii_text,-0.015170499833565523,,T1T2_only,
0.039330128938735054,,9484,0.9955320941096822,,,,,ascii_text,-0.014402768983697418,,T3_only,
0.001869230182345305,,9484,0.9999899183616079,,,,,ascii_text,0.0076537963336980016,,T4_only,
0.0035858701457236464,0.9997147350214243,9484,0.9999628979954283,,1.2476744734254275,,,ascii_text,0.005709357872196691,0.10494794249687854,full,0.092924366458927
,0.6561684513701915,9484,,,0.18529818912258825,,,ascii_text,,0.002707665721373043,cover,0.0011553650271324757
0.5,0.0,9484,3.986313713864835e-11,,80.95060222135471,,,all_zeros,0.0,0.0,no_decomp,0.0
0.5,,9484,3.986313713864835e-11,,,,,all_zeros,0.0,,T1T2_only,
0.5,,9484,3.986313713864835e-11,,,,,all_zeros,0.0,,T3_only,
0.005073624780651542,,9484,0.9999257239705774,,,,,all_zeros,-0.0071612773703511575,,T4_only,
0.005073624780651542,0.99988536845523,9484,0.9999257239705774,,1.5441515760215687,,,all_zeros,-0.0071612773703511575,0.11088358084398599,full,0.09611269663362745
,0.6561684513701915,9484,,,0.18529818912258825,,,all_zeros,,0.002707665721373043,cover,0.0011553650271324757
0.0017166399633783413,0.9990561681599447,2929,0.9999914971635582,,1.0500230716946666,,,uniform,-0.014851926858731943,0.10453694543663335,no_decomp,0.09334984446099728
0.0017166399633783413,,2929,0.9999914971635582,,,,,uniform,-0.01500452469795755,,T1T2_only,
0.0017166399633783413,,2929,0.9999914971635582,,,,,uniform,-0.013860309410959481,,T3_only,
0.0040054932478827965,,2929,0.9999537063751558,,,,,uniform,-0.004908807342904005,,T4_only,
0.0012207217517357094,0.9997400913823906,2929,0.9999957002982415,00001110101100010110001110001000000001000111001110110011011000111011111011111010101001000001100011110000100101010110011000011111010011110100101011010110111110101100000000101001110001011000111011010000000000000000000000000000000000000000000000000000,1.1488487725600471,0,0,uniform,-0.011183686268914075,0.10183355569392938,full,0.08758217125149709
,0.7738463569799726,2929,,,0.11117891347355294,,,uniform,,0.0,cover,0.0
0.039330128938735054,0.7282135452416071,2929,0.9955320941096822,,6.361904493208863,,,ascii_text,-0.015241144581405776,0.10582918395734077,no_decomp,0.05733111409408006
0.039330128938735,,2929,0.9955320941096824,,,,,ascii_text,-0.015170499833565523,,T1T2_only,
0.039330128938735054,,2929,0.9955320941096822,,,,,ascii_text,-0.013020853453934788,,T3_only,
0.0033951323720149418,,2929,0.9999667400727337,,,,,ascii_text,-0.01801459965858329,,T4_only,
0.0013351644159609322,0.9966629965654525,2929,0.9999948563128114,,0.01235321260817255,,,ascii_text,-0.0113374665908898,0.11242740842057007,full,0.09084219702374464
,0.7738463569799726,2929,,,0.11117891347355294,,,ascii_text,,0.0,cover,0.0
0.5,0.0,2929,3.986313713864835e-11,,80.95060222135471,,,all_zeros,0.0,0.0,no_decomp,0.0
0.5,,2929,3.986313713864835e-11,,,,,all_zeros,0.0,,T1T2_only,
0.5,,2929,3.986313713864835e-11,,,,,all_zeros,0.0,,T3_only,
0.0027084763866636052,,2929,0.9999788331239896,,,,,all_zeros,-0.0005252967072373337,,T4_only,
0.0027084763866636052,0.9944765418980616,2929,0.9999788331239896,,0.11117891347355294,,,all_zeros,-0.0005252967072373337,0.09260403331019863,full,0.08649112650749743
,0.7738463569799726,2929,,,0.11117891347355294,,,all_zeros,,0.0,cover,0.0
0.00030518043793392735,0.999999992357465,9914,0.9999997312688904,,0.6300138430168,,,uniform,-0.0001911162351244932,0.05642772506220578,no_decomp,0.0711538742443032
0.00030518043793392735,,9914,0.9999997312688904,,,,,uniform,-0.00026746377799958924,,T1T2_only,
0.00030518043793392735,,9914,0.9999997312688904,,,,,uniform,0.0002666720564976433,,T3_only,
0.00415808346684976,,9914,0.999950112016911,,,,,uniform,0.0033256941301969905,,T4_only,
0.003204394598306237,0.9999999657490893,9914,0.9999703721941872,11110100011101110100110101101010111100010011001111101001101101011010001011100110011000000110110000000001010000011001011110111001011011100001000100111000100010110000000001111111011101110101110101100100000000000000000000000000000000000000000000000000,1.7665094029686745,0,0,uniform,0.001141591946957475,0.05592410319937338,full,0.07396010507523694
,2.520707538413721e-26,9914,,,12.686749348593208,,,uniform,,0.0,cover,0.0
0.039330128938735054,0.9948518085783608,9914,0.9955320941096822,,6.361904493208863,,,ascii_text,-0.015241144581405776,0.05386221517222598,no_decomp,0.04492123368012127
0.039330128938735,,9914,0.9955320941096824,,,,,ascii_text,-0.015170499833565523,,T1T2_only,
0.039330128938735054,,9914,0.9955320941096822,,,,,ascii_text,-0.013020853453934778,,T3_only,
0.0014877546349278958,,9914,0.9999936134281955,,,,,ascii_text,0.002852348136677598,,T4_only,
0.005989166094453324,0.9999985828866703,9914,0.9998964982637489,,0.33353674042065884,,,ascii_text,0.0010392785058954248,0.05398225864219737,full,0.0744818368220049
,2.520707538413721e-26,9914,,,12.686749348593208,,,ascii_text,,0.0,cover,0.0
0.5,0.0,9914,3.986313713864835e-11,,80.95060222135471,,,all_zeros,0.0,0.0,no_decomp,0.0
0.5,,9914,3.986313713864835e-11,,,,,all_zeros,0.0,,T1T2_only,
0.5,,9914,3.986313713864835e-11,,,,,all_zeros,0.0,,T3_only,
0.0011825741969939685,,9914,0.9999959648309207,,,,,all_zeros,-0.005766310094897777,,T4_only,
0.0011825741969939685,0.9999998559892869,9914,0.9999959648309207,,0.6053074178004549,,,all_zeros,-0.005766310094897777,0.05455469952724873,full,0.07266761296673682
,2.520707538413721e-26,9914,,,12.686749348593208,,,all_zeros,,0.0,cover,0.0
0.0044632639047836875,0.9999999739654675,2236,0.9999425201752017,,1.371206599507153,,,uniform,-0.00767264119479002,0.1398741283929361,no_decomp,0.11685948968690088
0.0044632639047836875,,2236,0.9999425201752017,,,,,uniform,-0.007595647800159973,,T1T2_only,
0.0044632639047836875,,2236,0.9999425201752017,,,,,uniform,-0.009579554420265554,,T3_only,
0.0004196231021591501,,2236,0.9999994919302178,,,,,uniform,-0.004158947961768083,,T4_only,
0.0012970168612191912,0.9999999908567029,2236,0.9999951460391902,00111111001001000000101011000001011000001101101100111010100111010000001011100110101111000111010011101110111010110011111011101101100010010010011110110100111010001011001110101001111011100011110100010000000000000000000000000000000000000000000000000000,0.11117891347355294,0,0,uniform,-0.009200701416759875,0.15532094155844106,full,0.1104806036515975
,0.9999714159332066,2236,,,0.6053074178004549,,,uniform,,0.061467743599771245,cover,0.01042986554509626
0.039330128938735054,0.9923000823912989,2236,0.9955320941096822,,6.361904493208863,,,ascii_text,-0.015241144581405776,0.15615183814290898,no_decomp,0.08218393750165157
0.039330128938735,,2236,0.9955320941096824,,,,,ascii_text,-0.015170499833565523,,T1T2_only,
0.039330128938735054,,2236,0.9955320941096822,,,,,ascii_text,-0.013174399623908402,,T3_only,
0.00015259021896696368,,2236,0.9999999328172258,,,,,ascii_text,0.005607813318505255,,T4_only,
0.0005722133211261138,0.999999783326777,2236,0.9999990552420452,,0.08647248825720784,,,ascii_text,0.004004427007891628,0.1594200078484949,full,0.11818952879689046
,0.9999714159332066,2236,,,0.6053074178004549,,,ascii_text,,0.061467743599771245,cover,0.01042986554509626
0.5,0.0,2236,3.986313713864835e-11,,80.95060222135471,,,all_zeros,0.0,0.04910168698445305,no_decomp,0.012621220651322223
0.5,,2236,3.986313713864835e-11,,,,,all_zeros,0.0,,T1T2_only,
0.5,,2236,3.986313713864835e-11,,,,,all_zeros,0.0,,T3_only,
0.001449607080186155,,2236,0.9999939367462216,,,,,all_zeros,-0.002869829267699136,,T4_only,
0.001449607080186155,0.9999805399453282,2236,0.9999939367462216,,0.11117891347355294,,,all_zeros,-0.002869829267699136,0.15243113664864036,full,0.10899745737129271
,0.9999714159332066,2236,,,0.6053074178004549,,,all_zeros,,0.061467743599771245,cover,0.01042986554509626
0.0006866559853513365,0.9998618648882791,2034,0.9999986395484144,,0.7288395438821804,,,uniform,0.004690452413388499,0.11415719143896416,no_decomp,0.08917977347693556
0.0006866559853513365,,2034,0.9999986395484144,,,,,uniform,0.004537856085217187,,T1T2_only,
0.0006866559853513365,,2034,0.9999986395484144,,,,,uniform,0.003164489131675465,,T3_only,
0.0007629510948348184,,2034,0.9999983204300175,,,,,uniform,-0.006754717614237041,,T4_only,
0.004882887006942838,0.9999999677821176,2034,0.9999312037466646,10101101001011011111101000111110000010101000001011001101101010100001010101001011101000010000101100001001001010111100011000000101000011101011011001010111110000111100111010100100010110110100111111100000000000000000000000000000000000000000000000000000,0.6053074178004549,0,0,uniform,-0.0025753074460483773,0.11410031589704925,full,0.08788761062198804
,0.008010256540915858,2034,,,0.13588533868989805,,,uniform,,0.023503707086700267,cover,0.0029054568611747134
0.039330128938735054,0.810197453293933,2034,0.9955320941096822,,6.361904493208863,,,ascii_text,-0.015241144581405776,0.12329542902206257,no_decomp,0.05988565151234627
0.039330128938735,,2034,0.9955320941096824,,,,,ascii_text,-0.015170499833565523,,T1T2_only,
0.039330128938735054,,2034,0.9955320941096822,,,,,ascii_text,-0.012937965941248339,,T3_only,
0.0004196231021591501,,2034,0.9999994919302178,,,,,ascii_text,-0.002938178779034287,,T4_only,
0.0021744106202792324,0.9999601709775607,2034,0.999986357655109,,0.382949590853349,,,ascii_text,0.0033001140611923618,0.11740788314447993,full,0.0874210307597432
,0.008010256540915858,2034,,,0.13588533868989805,,,ascii_text,,0.023503707086700267,cover,0.0029054568611747134
0.5,0.0,2034,3.986313713864835e-11,,80.95060222135471,,,all_zeros,0.0,0.024637248237338844,no_decomp,0.0023194011276440355
0.5,,2034,3.986313713864835e-11,,,,,all_zeros,0.0,,T1T2_only,
0.5,,2034,3.986313713864835e-11,,,,,all_zeros,0.0,,T3_only,
0.0015640497444113777,,2034,0.9999929415983762,,,,,all_zeros,0.0018592942474449745,,T4_only,
0.0015640497444113777,0.9999478606632771,2034,0.9999929415983762,,1.5441515760215687,,,all_zeros,0.0018592942474449745,0.11501695140024183,full,0.0881707309267264
,0.008010256540915858,2034,,,0.13588533868989805,,,all_zeros,,0.023503707086700267,cover,0.0029054568611747134
0.0013351644159609322,0.5392079014741051,7206,0.9999948563128114,,1.395913024723498,,,uniform,0.000717706564995277,0.10902759149511476,no_decomp,0.09724568831510315
0.0013351644159609322,,7206,0.9999948563128114,,,,,uniform,0.0008703036935507751,,T1T2_only,
0.0013351644159609322,,7206,0.9999948563128114,,,,,uniform,0.0014041872688548853,,T3_only,
0.005531395437552433,,7206,0.9999117158362155,,,,,uniform,-0.005654691791772299,,T4_only,
0.003814755474174092,0.8725564076886186,7206,0.9999580103593582,11000110010011100000010110000011011101101010111010000010110010100101101011111111110011101010011110010100000010111100000110010100011100011011111011110100110111010111100000000000010000010110010000111000000000000000000000000000000000000000000000000000,1.371206599507153,0,0,uniform,-0.005665864211957891,0.10633424448190791,full,0.09504520646923478
,2.358884217972082e-69,7206,,,0.01235321260817255,,,uniform,,0.01237769027172099,cover,0.00302247948201643
0.039330128938735054,0.000511772788746575,7206,0.9955320941096822,,6.361904493208863,,,ascii_text,-0.015241144581405776,0.10772065421022768,no_decomp,0.06683703897471457
0.039330128938735,,7206,0.9955320941096824,,,,,ascii_text,-0.015170499833565523,,T1T2_only,
0.039330128938735054,,7206,0.9955320941096822,,,,,ascii_text,-0.014319873125342804,,T3_only,
7.629510948348184e-05,,7206,0.9999999832043066,,,,,ascii_text,0.003166346080888521,,T4_only,
0.0007629510948348184,0.3689698805668064,7206,0.9999983204300175,,0.9264909456129412,,,ascii_text,-0.006296928427185163,0.10871814098487693,full,0.09673496715337312
,2.358884217972082e-69,7206,,,0.01235321260817255,,,ascii_text,,0.01237769027172099,cover,0.00302247948201643
0.5,0.0,7206,3.986313713864835e-11,,80.95060222135471,,,all_zeros,0.0,0.008209589028102525,no_decomp,0.0038667168379488033
0.5,,7206,3.986313713864835e-11,,,,,all_zeros,0.0,,T1T2_only,
0.5,,7206,3.986313713864835e-11,,,,,all_zeros,0.0,,T3_only,
0.001373311970702673,,7206,0.9999945581885259,,,,,all_zeros,-0.0030211303609132788,,T4_only,
0.001373311970702673,0.9916136868449758,7206,0.9999945581885259,,0.16059176390624313,,,all_zeros,-0.0030211303609132788,0.1053613393527803,full,0.0957742606593725
,2.358884217972082e-69,7206,,,0.01235321260817255,,,all_zeros,,0.01237769027172099,cover,0.00302247948201643
0.0035477225909819055,0.9997817975384616,2546,0.9999636832074104,,1.3465001742908078,,,uniform,0.0033445400753093404,0.10187585032275455,no_decomp,0.09834047788495023
0.0035477225909819055,,2546,0.9999636832074104,,,,,uniform,0.0033456192858122304,,T1T2_only,
0.0035477225909819055,,2546,0.9999636832074104,,,,,uniform,0.0013617719501386061,,T3_only,
3.814755474174092e-05,,2546,0.9999999958010766,,,,,uniform,-0.0011063256650536153,,T4_only,
0.0030518043793392735,0.999693534234977,2546,0.999973126723849,00001011101110000010101000110011011111001011100110011110100100011001011001011101101110001101110101010000110000000010010011001010111100010001000101101011101110010101011101110001100010100100111110010000000000000000000000000000000000000000000000000000,1.0006102212619765,0,0,uniform,-0.005951045101378671,0.09869594996468674,full,0.09644878664902938
,0.9967979666560198,2546,,,0.9264909456129412,,,uniform,,0.0053066291702532215,cover,0.004540106445310698
0.039330128938735054,0.9408951745865628,2546,0.9955320941096822,,6.361904493208863,,,ascii_text,-0.015241144581405776,0.09181745221642423,no_decomp,0.06419597228926864
0.039330128938735,,2546,0.9955320941096824,,,,,ascii_text,-0.015170499833565523,,T1T2_only,
0.039330128938735054,,2546,0.9955320941096822,,,,,ascii_text,-0.012477330213216847,,T3_only,
0.0012207217517357094,,2546,0.9999957002982415,,,,,ascii_text,0.009645978984086305,,T4_only,
0.00015259021896696368,0.9999534548043091,2546,0.9999999328172258,,0.3582431656370039,,,ascii_text,0.009346436812643235,0.08908262999267327,full,0.09467892506725899
,0.9967979666560198,2546,,,0.9264909456129412,,,ascii_text,,0.0053066291702532215,cover,0.004540106445310698
0.5,0.0,2546,3.986313713864835e-11,,80.95060222135471,,,all_zeros,0.0,0.0,no_decomp,0.0
0.5,,2546,3.986313713864835e-11,,,,,all_zeros,0.0,,T1T2_only,
0.5,,2546,3.986313713864835e-11,,,,,all_zeros,0.0,,T3_only,
0.0034332799267566827,,2546,0.9999659884537757,,,,,all_zeros,-0.0013061307076614277,,T4_only,
0.0034332799267566827,0.9999946941361947,2546,0.9999659884537757,,0.01235321260817255,,,all_zeros,-0.0013061307076614277,0.10002430973254295,full,0.10099176952946155
,0.9967979666560198,2546,,,0.9264909456129412,,,all_zeros,,0.0053066291702532215,cover,0.004540106445310698
0.0005722133211261138,0.9999909206813848,8971,0.9999990552420452,,1.0006102212619765,,,uniform,-0.007440465951056619,0.09057280446916995,no_decomp,0.07230852221541481
0.0005722133211261138,,8971,0.9999990552420452,,,,,uniform,-0.007440290009789959,,T1T2_only,
0.0005722133211261138,,8971,0.9999990552420452,,,,,uniform,-0.007593062204608719,,T3_only,
3.814755474174092e-05,,8971,0.9999999958010766,,,,,uniform,0.0008774228711074288,,T4_only,
0.004730296787975874,0.9999845560994823,8971,0.9999354363917985,01110100001101010100110001100110110101001101100011000001100010011010111110101111100110010110101100110011011010101110011001000001010011111010011001000100010101101111100011001100100010001101000011000100000000000000000000000000000000000000000000000000,0.21000461433893333,0,0,uniform,0.002619305964873709,0.08296739310466318,full,0.06861170161806562
,0.9993349234914252,8971,,,1.642977276886949,,,uniform,,0.008436051106014591,cover,0.0
0.039330128938735054,0.998375905436095,8971,0.9955320941096822,,6.361904493208863,,,ascii_text,-0.015241144581405776,0.10433034070951136,no_decomp,0.04420815497468602
0.039330128938735,,8971,0.9955320941096824,,,,,ascii_text,-0.015170499833565523,,T1T2_only,
0.039330128938735054,,8971,0.9955320941096822,,,,,ascii_text,-0.012784420698571174,,T3_only,
0.009193560692759617,,8971,0.9997561085904347,,,,,ascii_text,-0.0038123707140180533,,T4_only,
0.006523231860837697,0.9999994522511442,8971,0.9998772157996672,,0.40765601606969415,,,ascii_text,-0.011427134630362894,0.08312909945861822,full,0.06992592214821963
,0.9993349234914252,8971,,,1.642977276886949,,,ascii_text,,0.008436051106014591,cover,0.0
0.5,0.0,8971,3.986313713864835e-11,,80.95060222135471,,,all_zeros,0.0,0.013771888811669412,no_decomp,0.0
0.5,,8971,3.986313713864835e-11,,,,,all_zeros,0.0,,T1T2_only,
0.5,,8971,3.986313713864835e-11,,,,,all_zeros,0.0,,T3_only,
0.0026321812771801234,,8971,0.9999800088337016,,,,,all_zeros,-0.005559474719518491,,T4_only,
0.0026321812771801234,0.999999995325523,8971,0.9999800088337016,,0.40765601606969415,,,all_zeros,-0.005559474719518491,0.08774155605810259,full,0.06456030025525177
,0.9993349234914252,8971,,,1.642977276886949,,,all_zeros,,0.008436051106014591,cover,0.0
0.0007629510948348184,0.9791713429084619,8102,0.9999983204300175,,0.6794266934494902,,,uniform,-0.0007272794081253675,0.08015121912682042,no_decomp,0.0866339544482992
0.0007629510948348184,,8102,0.9999983204300175,,,,,uniform,-0.0006508617868785307,,T1T2_only,
0.0007629510948348184,,8102,0.9999983204300175,,,,,uniform,-0.00011689375432354206,,T3_only,
0.0008010986495765593,,8102,0.9999981482740206,,,,,uniform,-0.006297168607635942,,T4_only,
0.00030518043793392735,0.9996511675085332,8102,0.9999997312688904,11110011011111010000010101010011110111011011010001110011111001110110001011000101101010011000100110101100000101001011110001001110000100111100001011000011110001000110010000010010111111100110010111111000000000000000000000000000000000000000000000000000,0.21000461433893333,0,0,uniform,-0.00263265379044268,0.08057915855371818,full,0.08479302707541848
,3.695298014464999e-08,8102,,,0.382949590853349,,,uniform,,0.004406481181866787,cover,0.0025336162304238274
0.039330128938735054,0.746414516218438,8102,0.9955320941096822,,6.361904493208863,,,ascii_text,-0.015241144581405776,0.08060893868581845,no_decomp,0.05912577042411288
0.039330128938735,,8102,0.9955320941096824,,,,,ascii_text,-0.015170499833565523,,T1T2_only,
0.039330128938735054,,8102,0.9955320941096822,,,,,ascii_text,-0.013481491963855658,,T3_only,
0.00331883726253146,,8102,0.9999682181159568,,,,,ascii_text,-0.013130265658185127,,T4_only,
0.005149919890135024,0.9989918237520691,8102,0.9999234732692526,,0.06176606304086275,,,ascii_text,-0.009911440483704051,0.08079237335453028,full,0.08717627579881417
,3.695298014464999e-08,8102,,,0.382949590853349,,,ascii_text,,0.004406481181866787,cover,0.0025336162304238274
0.5,0.0,8102,3.986313713864835e-11,,80.95060222135471,,,all_zeros,0.0,0.00605767091058877,no_decomp,0.00361953157276269
0.5,,8102,3.986313713864835e-11,,,,,all_zeros,0.0,,T1T2_only,
0.5,,8102,3.986313713864835e-11,,,,,all_zeros,0.0,,T3_only,
0.0016403448538948595,,8102,0.9999922361768413,,,,,all_zeros,0.005139409390441188,,T4_only,
0.0016403448538948595,0.9726232515170375,8102,0.9999922361768413,,0.7041331186658353,,,all_zeros,0.005139409390441188,0.07943562350286287,full,0.08688900898116114
,3.695298014464999e-08,8102,,,0.382949590853349,,,all_zeros,,0.004406481181866787,cover,0.0025336162304238274
0.0030518043793392735,0.9999589159017406,9548,0.999973126723849,,0.7535459690985254,,,uniform,-0.008010696989186987,0.09368292211695399,no_decomp,0.09211876204043074
0.0030518043793392735,,9548,0.999973126723849,,,,,uniform,-0.007933929613640986,,T1T2_only,
0.0030518043793392735,,9548,0.999973126723849,,,,,uniform,-0.007477063070282446,,T3_only,
0.00373846036469061,,9548,0.999959673164621,,,,,uniform,-0.004977407735187863,,T4_only,
0.0024795910582131597,0.9999731510600933,9548,0.9999822594762259,10101001010011111010101110111110100000001101111010000101100011101011011110011001000010011011111100101010010100100110010100100111101010111001000110011111010011101001000100111001100100110011001010100100000000000000000000000000000000000000000000000000,0.01235321260817255,1,0,uniform,-0.0008257434297459889,0.08742436144046768,full,0.08873934605783768
,0.9968478685308136,9548,,,0.8029588195312157,,,uniform,,0.0,cover,0.0
0.039330128938735054,0.549015105617806,9548,0.9955320941096822,,6.361904493208863,,,ascii_text,-0.015241144581405776,0.08531792385117033,no_decomp,0.059741126694635445
0.039330128938735,,9548,0.9955320941096824,,,,,ascii_text,-0.015170499833565523,,T1T2_only,
0.039330128938735054,,9548,0.9955320941096822,,,,,ascii_text,-0.013327945793882039,,T3_only,
0.00011444266422522276,,9548,0.9999999622096898,,,,,ascii_text,-0.0007248676006780668,,T4_only,
0.002250705729762714,0.99999767830479,9548,0.9999853834985366,,1.2723808986417726,,,ascii_text,-0.0007454557222458089,0.0847992414132443,full,0.08750850748193938
,0.9968478685308136,9548,,,0.8029588195312157,,,ascii_text,,0.0,cover,0.0
0.5,0.0,9548,3.986313713864835e-11,,80.95060222135471,,,all_zeros,0.0,0.0,no_decomp,0.0
0.5,,9548,3.986313713864835e-11,,,,,all_zeros,0.0,,T1T2_only,
0.5,,9548,3.986313713864835e-11,,,,,all_zeros,0.0,,T3_only,
0.001869230182345305,,9548,0.9999899183616079,,,,,all_zeros,0.00544140880114547,,T4_only,
0.001869230182345305,0.9966491916685074,9548,0.9999899183616079,,0.9017845203965961,,,all_zeros,0.00544140880114547,0.09238547966741464,full,0.08742323792281027
,0.9968478685308136,9548,,,0.8029588195312157,,,all_zeros,,0.0,cover,0.0
0.005188067444876765,0.9999998839590184,2202,0.9999223353204901,,0.5558945673677648,,,uniform,-0.006480053092158902,0.4562521193858381,no_decomp,0.1801604338930744
0.005188067444876765,,2202,0.9999223353204901,,,,,uniform,-0.006631071595342857,,T1T2_only,
0.005188067444876765,,2202,0.9999223353204901,,,,,uniform,-0.004876822294983153,,T3_only,
0.00011444266422522276,,2202,0.9999999622096898,,,,,uniform,0.003929297307858829,,T4_only,
0.0034714274814984236,0.9999337651056555,2202,0.999965228436575,01000100111101101011011101010100011011111001101010001011101010101110011100011100101001101110100100110000000011100110101010001101010110100001000011000000100110000000001111111011100010110101100100010000000000000000000000000000000000000000000000000000,0.40765601606969415,0,0,uniform,0.004568569415140199,0.4562537271886834,full,0.17649154304424827
,2.17395699398515e-83,2202,,,23.088154364674494,,,uniform,,0.4366944372836211,cover,0.09210251819372482
0.039330128938735054,0.9999909840811866,2202,0.9955320941096822,,6.361904493208863,,,ascii_text,-0.015241144581405776,0.4559542381797385,no_decomp,0.1483294784262527
0.039330128938735,,2202,0.9955320941096824,,,,,ascii_text,-0.015170499833565523,,T1T2_only,
0.039330128938735054,,2202,0.9955320941096822,,,,,ascii_text,-0.013788584303802892,,T3_only,
0.0017166399633783413,,2202,0.9999914971635582,,,,,ascii_text,-0.0031779322706545422,,T4_only,
0.00015259021896696368,0.9999999999717586,2202,0.9999999328172258,,0.6794266934494902,,,ascii_text,0.0007247395723301333,0.45681517917738834,full,0.17871707376723436
,2.17395699398515e-83,2202,,,23.088154364674494,,,ascii_text,,0.4366944372836211,cover,0.09210251819372482
0.5,0.0,2202,3.986313713864835e-11,,80.95060222135471,,,all_zeros,0.0,0.38578182503864183,no_decomp,0.09265597644169936
0.5,,2202,3.986313713864835e-11,,,,,all_zeros,0.0,,T1T2_only,
0.5,,2202,3.986313713864835e-11,,,,,all_zeros,0.0,,T3_only,
0.00011444266422522276,,2202,0.9999999622096898,,,,,all_zeros,0.0051500656946566435,,T4_only,
0.00011444266422522276,0.9999996019701427,2202,0.9999999622096898,,1.2476744734254275,,,all_zeros,0.0051500656946566435,0.4557298037275472,full,0.17881602967354143
,2.17395699398515e-83,2202,,,23.088154364674494,,,all_zeros,,0.4366944372836211,cover,0.09210251819372482
0.0004196231021591501,0.9874018727005823,8132,0.9999994919302178,,0.382949590853349,,,uniform,-0.0011833901006407114,0.10549813696698959,no_decomp,0.11631071947672617
0.0004196231021591501,,8132,0.9999994919302178,,,,,uniform,-0.001335858016538187,,T1T2_only,
0.0004196231021591501,,8132,0.9999994919302178,,,,,uniform,-0.00034404426572498515,,T3_only,
0.003852903028915833,,8132,0.9999571663592284,,,,,uniform,0.0008180932913131866,,T4_only,
0.0021362630655374915,0.9912831278147678,8132,0.999986832136384,00000111110000110001111101101100010010110110010101100110110001011110110111000101001100001101010000110101010111010011101110100000101001100011001100100101101111000110111110011110101100100010001111111000000000000000000000000000000000000000000000000000,0.16059176390624313,0,0,uniform,0.000935810701185876,0.10906296385811694,full,0.12239828830326467
,4.959775483629488e-55,8132,,,5.373647484555059,,,uniform,,0.016839865211736096,cover,0.013860643305480022
0.039330128938735054,0.0016155476158685054,8132,0.9955320941096822,,6.361904493208863,,,ascii_text,-0.015241144581405776,0.10527134565701232,no_decomp,0.08069519824092325
0.039330128938735,,8132,0.9955320941096824,,,,,ascii_text,-0.015170499833565523,,T1T2_only,
0.039330128938735054,,8132,0.9955320941096822,,,,,ascii_text,-0.013020853453934783,,T3_only,
0.003700312809948869,,8132,0.9999604919697733,,,,,ascii_text,0.003646441428452607,,T4_only,
0.0012970168612191912,0.9421142298333569,8132,0.9999951460391902,,0.23471103955527844,,,ascii_text,-0.0061487600715492904,0.1069538500933033,full,0.11958853155842387
,4.959775483629488e-55,8132,,,5.373647484555059,,,ascii_text,,0.016839865211736096,cover,0.013860643305480022
0.5,0.0,8132,3.986313713864835e-11,,80.95060222135471,,,all_zeros,0.0,0.008746284961480598,no_decomp,0.008772087637607387
0.5,,8132,3.986313713864835e-11,,,,,all_zeros,0.0,,T1T2_only,
0.5,,8132,3.986313713864835e-11,,,,,all_zeros,0.0,,T3_only,
0.0021744106202792324,,8132,0.999986357655109,,,,,all_zeros,-0.008602602210762002,,T4_only,
0.0021744106202792324,0.7104168543227735,8132,0.999986357655109,,1.2476744734254275,,,all_zeros,-0.008602602210762002,0.10622683379412771,full,0.119000968256539
,4.959775483629488e-55,8132,,,5.373647484555059,,,all_zeros,,0.016839865211736096,cover,0.013860643305480022
0.0015640497444113777,0.9907518758344979,6165,0.9999929415983762,,0.9511973708292862,,,uniform,0.009946965460544719,0.06460775296010533,no_decomp,0.09240164859932147
0.0015640497444113777,,6165,0.9999929415983762,,,,,uniform,0.00979436789048622,,T1T2_only,
0.0015640497444113777,,6165,0.9999929415983762,,,,,uniform,0.010863023053928781,,T3_only,
0.007362478065155997,,6165,0.9998435886524062,,,,,uniform,0.0125658037380364,,T4_only,
0.002288853284504455,0.9825038913097865,6165,0.999984883823228,10011110100110010011101100101100110111101001100001110100111111110010000010110000011001101111000001101100110010010011100011000001101000111111111110010111000001101110100100111111101001111010100000011000000000000000000000000000000000000000000000000000,0.9759037960456314,0,0,uniform,-0.004713736408065021,0.06585420597440347,full,0.09166920794375008
,0.0006379505584571095,6165,,,0.11117891347355294,,,uniform,,0.0,cover,0.0
0.039330128938735054,0.2880745456790415,6165,0.9955320941096822,,6.361904493208863,,,ascii_text,-0.015241144581405776,0.06279242406855756,no_decomp,0.05966626799990517
0.039330128938735,,6165,0.9955320941096824,,,,,ascii_text,-0.015170499833565523,,T1T2_only,
0.039330128938735054,,6165,0.9955320941096822,,,,,ascii_text,-0.014319873125342806,,T3_only,
0.004844739452201097,,6165,0.9999322745058885,,,,,ascii_text,-0.002421208660037486,,T4_only,
0.003242542153047978,0.9200311427746926,6165,0.999969662566313,,1.2229680482090823,,,ascii_text,0.0038874534715469637,0.06519887571582507,full,0.08772879107502916
,0.0006379505584571095,6165,,,0.11117891347355294,,,ascii_text,,0.0,cover,0.0
0.5,0.0,6165,3.986313713864835e-11,,80.95060222135471,,,all_zeros,0.0,0.0,no_decomp,0.0
0.5,,6165,3.986313713864835e-11,,,,,all_zeros,0.0,,T1T2_only,
0.5,,6165,3.986313713864835e-11,,,,,all_zeros,0.0,,T3_only,
0.0016403448538948595,,6165,0.9999922361768413,,,,,all_zeros,0.0006375246720412632,,T4_only,
0.0016403448538948595,0.997566483706991,6165,0.9999922361768413,,0.6794266934494902,,,all_zeros,0.0006375246720412632,0.0661297065017039,full,0.09034055497335525
,0.0006379505584571095,6165,,,0.11117891347355294,,,all_zeros,,0.0,cover,0.0
0.002861066605630569,0.9542315241520558,5088,0.9999763809273918,,1.2970873238581178,,,uniform,-0.0021305745490291456,0.08170248117080675,no_decomp,0.09261798169145577
0.002861066605630569,,5088,0.9999763809273918,,,,,uniform,-0.002054708668214847,,T1T2_only,
0.002861066605630569,,5088,0.9999763809273918,,,,,uniform,-0.0014443045189242994,,T3_only,
0.0015259021896696368,,5088,0.9999932817122481,,,,,uniform,-0.0020312292192709767,,T4_only,
0.0029373617151140508,0.99732968691834,5088,0.9999751044403917,10000000100010000110110110111010010111110100011000000111111111110010101000010000011110101100100111101011001110100010011001011000000111000110100010111000101011101100000100010100101010010000011111001000000000000000000000000000000000000000000000000000,0.21000461433893333,0,0,uniform,0.0033604146780110288,0.08373259805086154,full,0.09247736823636313
,4.330212999595259e-13,5088,,,0.08647248825720784,,,uniform,,0.0066709676747565,cover,0.005474313414620624
0.039330128938735054,0.022486865882705688,5088,0.9955320941096822,,6.361904493208863,,,ascii_text,-0.015241144581405776,0.08261119170932775,no_decomp,0.06192432769149588
0.039330128938735,,5088,0.9955320941096824,,,,,ascii_text,-0.015170499833565523,,T1T2_only,
0.039330128938735054,,5088,0.9955320941096822,,,,,ascii_text,-0.01256021494401391,,T3_only,
0.0034332799267566827,,5088,0.9999659884537757,,,,,ascii_text,0.0006008831978772199,,T4_only,
0.0021744106202792324,0.9892999408195832,5088,0.999986357655109,,0.9264909456129412,,,ascii_text,-0.0005148591028955993,0.0823674028639462,full,0.09379738467292632
,4.330212999595259e-13,5088,,,0.08647248825720784,,,ascii_text,,0.0066709676747565,cover,0.005474313414620624
0.5,0.0,5088,3.986313713864835e-11,,80.95060222135471,,,all_zeros,0.0,0.010193510747221884,no_decomp,0.005168326277886383
0.5,,5088,3.986313713864835e-11,,,,,all_zeros,0.0,,T1T2_only,
0.5,,5088,3.986313713864835e-11,,,,,all_zeros,0.0,,T3_only,
0.002746623941405346,,5088,0.9999782326719975,,,,,all_zeros,-0.014260187727495668,,T4_only,
0.002746623941405346,0.9982104502138913,5088,0.9999782326719975,,1.371206599507153,,,all_zeros,-0.014260187727495668,0.08408542092753617,full,0.09333522296956076
,4.330212999595259e-13,5088,,,0.08647248825720784,,,all_zeros,,0.0066709676747565,cover,0.005474313414620624
0.0015640497444113777,0.9999596456571653,47,0.9999929415983762,,1.2476744734254275,,,uniform,-0.011492748799573224,0.09817102893267386,no_decomp,0.09274179913871017
0.0015640497444113777,,47,0.9999929415983762,,,,,uniform,-0.011264096777584758,,T1T2_only,
0.0015640497444113777,,47,0.9999929415983762,,,,,uniform,-0.012942186511573656,,T3_only,
0.006446936751354215,,47,0.9998800712276608,,,,,uniform,0.003383134805747473,,T4_only,
0.0026321812771801234,0.9999966849057587,47,0.9999800088337016,10100100101011011111111010110111010000011111010111101110111100111011111000000110010100001010010000100111000101100001001011100010111100101001111100100010010001101011011001010111100001001111010000000000000000000000000000000000000000000000000000000000,0.11117891347355294,0,0,uniform,0.007716748750220169,0.09273882314124574,full,0.09179976363568984
,0.32366375192968827,47,,,1.1982616229927372,,,uniform,,0.0015231157972094768,cover,0.003225226030298023
0.039330128938735054,0.9035325299583324,47,0.9955320941096822,,6.361904493208863,,,ascii_text,-0.015241144581405776,0.08549590406257133,no_decomp,0.0636672977235568
0.039330128938735,,47,0.9955320941096824,,,,,ascii_text,-0.015170499833565523,,T1T2_only,
0.039330128938735054,,47,0.9955320941096822,,,,,ascii_text,-0.013245056426602666,,T3_only,
0.0035858701457236464,,47,0.9999628979954283,,,,,ascii_text,-0.0007000055061517892,,T4_only,
0.0016784924086366004,0.999999133404217,47,0.9999918708691704,,0.7041331186658353,,,ascii_text,-0.0018805914405796674,0.09240831959566145,full,0.09401112018291706
,0.32366375192968827,47,,,1.1982616229927372,,,ascii_text,,0.0015231157972094768,cover,0.003225226030298023
0.5,0.0,47,3.986313713864835e-11,,80.95060222135471,,,all_zeros,0.0,0.00147395084478048,no_decomp,0.0017547725974767692
0.5,,47,3.986313713864835e-11,,,,,all_zeros,0.0,,T1T2_only,
0.5,,47,3.986313713864835e-11,,,,,all_zeros,0.0,,T3_only,
0.0039673456931410556,,47,0.9999545839687269,,,,,all_zeros,0.00470535436743806,,T4_only,
0.0039673456931410556,0.9999987988760296,47,0.9999545839687269,,1.9888672299157804,,,all_zeros,0.00470535436743806,0.09164365846945263,full,0.09448338300646326
,0.32366375192968827,47,,,1.1982616229927372,,,all_zeros,,0.0015231157972094768,cover,0.003225226030298023
0.0007248035400930775,0.9999668850899535,2159,0.999998484188148,,0.06176606304086275,,,uniform,-0.008356865278617424,0.1679249847417049,no_decomp,0.0
0.0007248035400930775,,2159,0.999998484188148,,,,,uniform,-0.008433049017510415,,T1T2_only,
0.0007248035400930775,,2159,0.999998484188148,,,,,uniform,-0.010340618191544502,,T3_only,
0.00034332799267566827,,2159,0.9999996598871838,,,,,uniform,-0.0037772793580485835,,T4_only,
0.00026703288319218643,0.9999994066119959,2159,0.9999997942527472,01110100111101011000100101100001001100010001111011100011100110100000110011001110111011101011110001000100011001011101000100110010110011101000001000100011100000101000111011000011001001001111011000010000000000000000000000000000000000000000000000000000,1.4453258751561882,0,0,uniform,0.0004956912987111092,0.17815154725870516,full,0.02797954133439976
,0.9999669138543071,2159,,,1.371206599507153,,,uniform,,0.04568032621281688,cover,0.0
0.039330128938735054,0.9741695136124734,2159,0.9955320941096822,,6.361904493208863,,,ascii_text,-0.015241144581405776,0.17595631318362176,no_decomp,0.0
0.039330128938735,,2159,0.9955320941096824,,,,,ascii_text,-0.015170499833565523,,T1T2_only,
0.039330128938735054,,2159,0.9955320941096822,,,,,ascii_text,-0.01371793621407672,,T3_only,
0.002250705729762714,,2159,0.9999853834985366,,,,,ascii_text,0.00795337930147994,,T4_only,
0.0019836728465705278,0.9999930140668103,2159,0.9999886460815388,,1.371206599507153,,,ascii_text,-0.0024954645144207666,0.14480010480607866,full,0.0
,0.9999669138543071,2159,,,1.371206599507153,,,ascii_text,,0.04568032621281688,cover,0.0
0.5,0.0,2159,3.986313713864835e-11,,80.95060222135471,,,all_zeros,0.0,0.01200040779486153,no_decomp,0.0
0.5,,2159,3.986313713864835e-11,,,,,all_zeros,0.0,,T1T2_only,
0.5,,2159,3.986313713864835e-11,,,,,all_zeros,0.0,,T3_only,
0.0011825741969939685,,2159,0.9999959648309207,,,,,all_zeros,0.0022452112573393725,,T4_only,
0.0011825741969939685,0.9999570528705435,2159,0.9999959648309207,,0.08647248825720784,,,all_zeros,0.0022452112573393725,0.07372445537448423,full,0.0
,0.9999669138543071,2159,,,1.371206599507153,,,all_zeros,,0.04568032621281688,cover,0.0
0.004310673685816724,0.9999821938327229,4655,0.9999463832838245,,0.382949590853349,,,uniform,-0.010261547792579588,0.10232236449566846,no_decomp,0.09189384521293179
0.004310673685816724,,4655,0.9999463832838245,,,,,uniform,-0.010337183957302312,,T1T2_only,
0.004310673685816724,,4655,0.9999463832838245,,,,,uniform,-0.010642398725633594,,T3_only,
0.00373846036469061,,4655,0.999959673164621,,,,,uniform,0.008680132995953448,,T4_only,
0.0006866559853513365,0.999970936447719,4655,0.9999986395484144,01111010101101100111111000110001100110100010011110011010100100001100010100101011111011000000100101001010101001000011000100000000111011001010001000011000110000100001010110101110010111111111010001001000000000000000000000000000000000000000000000000000,0.9511973708292862,0,0,uniform,-0.0033207525931593534,0.09822248401051971,full,0.09239950073669942
,0.5366352681545862,4655,,,1.1982616229927372,,,uniform,,0.0,cover,0.0
0.039330128938735054,0.6598855020849935,4655,0.9955320941096822,,6.361904493208863,,,ascii_text,-0.015241144581405776,0.10188438902675079,no_decomp,0.059842232665592125
0.039330128938735,,4655,0.9955320941096824,,,,,ascii_text,-0.015170499833565523,,T1T2_only,
0.039330128938735054,,4655,0.9955320941096822,,,,,ascii_text,-0.013552146911956988,,T3_only,
0.001411459525444414,,4655,0.9999942516663307,,,,,ascii_text,0.0023193520558768958,,T4_only,
0.0068284122987716245,0.9990019651262726,4655,0.9998654581152864,,0.23471103955527844,,,ascii_text,0.0012241764134106926,0.09658277870966535,full,0.09128032931393631
,0.5366352681545862,4655,,,1.1982616229927372,,,ascii_text,,0.0,cover,0.0
0.5,0.0,4655,3.986313713864835e-11,,80.95060222135471,,,all_zeros,0.0,0.0,no_decomp,0.0
0.5,,4655,3.986313713864835e-11,,,,,all_zeros,0.0,,T1T2_only,
0.5,,4655,3.986313713864835e-11,,,,,all_zeros,0.0,,T3_only,
0.00026703288319218643,,4655,0.9999997942527472,,,,,all_zeros,-0.011940927356550836,,T4_only,
0.00026703288319218643,0.9999458093299098,4655,0.9999997942527472,,1.2229680482090823,,,all_zeros,-0.011940927356550836,0.09748817354696651,full,0.09119867845317998
,0.5366352681545862,4655,,,1.1982616229927372,,,all_zeros,,0.0,cover,0.0
0.0019455252918287869,0.9701498655387669,4440,0.9999890785728672,,0.8029588195312157,,,uniform,0.0055928491922596114,0.1411360481816648,no_decomp,0.10493276782854821
0.0019455252918287869,,4440,0.9999890785728672,,,,,uniform,0.005668850244755333,,T1T2_only,
0.0019455252918287869,,4440,0.9999890785728672,,,,,uniform,0.0045246607358751115,,T3_only,
0.0016403448538948595,,4440,0.9999922361768413,,,,,uniform,-0.012104128774724245,,T4_only,
0.00034332799267566827,0.48682171677741914,4440,0.9999996598871838,10100011011111001111010011001000101101110010000011000001001101100001101100111101000000010101001101110011011111001011011110101001111010110000111001011111000010011001111111011101100010100001101010001000000000000000000000000000000000000000000000000000,0.5064817169350745,0,0,uniform,-0.005608327428988135,0.13947925833351693,full,0.10639503884468267
,7.55597715039572e-29,4440,,,0.6053074178004549,,,uniform,,0.029942316282735484,cover,0.0004499611823562768
0.039330128938735054,0.0008340654046239119,4440,0.9955320941096822,,6.361904493208863,,,ascii_text,-0.015241144581405776,0.14495197439279342,no_decomp,0.06990328331302562
0.039330128938735,,4440,0.9955320941096824,,,,,ascii_text,-0.015170499833565523,,T1T2_only,
0.039330128938735054,,4440,0.9955320941096822,,,,,ascii_text,-0.016469506522823085,,T3_only,
0.002861066605630569,,4440,0.9999763809273918,,,,,ascii_text,0.007941089516790236,,T4_only,
0.001907377737087046,0.9053430349142183,4440,0.999989502666222,,0.9264909456129412,,,ascii_text,2.3885495113539088e-05,0.13731587755432817,full,0.11008155671876865
,7.55597715039572e-29,4440,,,0.6053074178004549,,,ascii_text,,0.029942316282735484,cover,0.0004499611823562768
0.5,0.0,4440,3.986313713864835e-11,,80.95060222135471,,,all_zeros,0.0,0.024768242968918403,no_decomp,0.0
0.5,,4440,3.986313713864835e-11,,,,,all_zeros,0.0,,T1T2_only,
0.5,,4440,3.986313713864835e-11,,,,,all_zeros,0.0,,T3_only,
0.0063706416418707335,,4440,0.9998828930586818,,,,,all_zeros,0.006056920770735789,,T4_only,
0.0063706416418707335,0.9410648404664235,4440,0.9998828930586818,,0.6794266934494902,,,all_zeros,0.006056920770735789,0.13649852343304178,full,0.10519015503436947
,7.55597715039572e-29,4440,,,0.6053074178004549,,,all_zeros,,0.029942316282735484,cover,0.0004499611823562768
0.0004196231021591501,0.9999830995932371,8406,0.9999994919302178,,0.6300138430168,,,uniform,0.00598875661083054,0.10845451438552617,no_decomp,0.1298408373826082
0.0004196231021591501,,8406,0.9999994919302178,,,,,uniform,0.00606499394362755,,T1T2_only,
0.0004196231021591501,,8406,0.9999994919302178,,,,,uniform,0.006446545025041085,,T3_only,
0.00034332799267566827,,8406,0.9999996598871838,,,,,uniform,-0.0034719819685927367,,T4_only,
0.0011825741969939685,0.9999999901356816,8406,0.9999959648309207,00110010111001011110101001111010011110110011010111001100111000110001001101010011011001111011001001111010000110100110000111011110010101110100101100101010111010101001111011011110000000110110101100000100000000000000000000000000000000000000000000000000,0.7041331186658353,0,0,uniform,0.003694699042696398,0.10410153790264252,full,0.12943271666657927
,0.8481656998327918,8406,,,1.0994359221273569,,,uniform,,0.03956990484021655,cover,0.046528967023633044
0.039330128938735054,0.9711183183191772,8406,0.9955320941096822,,6.361904493208863,,,ascii_text,-0.015241144581405776,0.11371114935159651,no_decomp,0.10276959500381039
0.039330128938735,,8406,0.9955320941096824,,,,,ascii_text,-0.015170499833565523,,T1T2_only,
0.039330128938735054,,8406,0.9955320941096822,,,,,ascii_text,-0.012784420698571173,,T3_only,
0.004043640802624537,,8406,0.9999528203831989,,,,,ascii_text,0.0010415952772724988,,T4_only,
0.0014877546349278958,0.9909052357920125,8406,0.9999936134281955,,0.01235321260817255,,,ascii_text,0.009184912022487128,0.10339332937761442,full,0.1288502079126897
,0.8481656998327918,8406,,,1.0994359221273569,,,ascii_text,,0.03956990484021655,cover,0.046528967023633044
0.5,0.0,8406,3.986313713864835e-11,,80.95060222135471,,,all_zeros,0.0,0.026958127576934814,no_decomp,0.04330627872672711
0.5,,8406,3.986313713864835e-11,,,,,all_zeros,0.0,,T1T2_only,
0.5,,8406,3.986313713864835e-11,,,,,all_zeros,0.0,,T3_only,
0.0009918364232852639,,8406,0.9999971615259693,,,,,all_zeros,0.003467639761274221,,T4_only,
0.0009918364232852639,0.9999988018527735,8406,0.9999971615259693,,1.4453258751561882,,,all_zeros,0.003467639761274221,0.10248462939182468,full,0.12882244279548605
,0.8481656998327918,8406,,,1.0994359221273569,,,all_zeros,,0.03956990484021655,cover,0.046528967023633044
0.003280689707789719,0.9286462628320223,3719,0.999968944540239,,0.382949590853349,,,uniform,0.0041916670626355595,0.09360359344043398,no_decomp,0.10482708814045834
0.003280689707789719,,3719,0.999968944540239,,,,,uniform,0.004114864245725578,,T1T2_only,
0.003280689707789719,,3719,0.999968944540239,,,,,uniform,0.00388646184131971,,T3_only,
0.00026703288319218643,,3719,0.9999997942527472,,,,,uniform,-0.0010303510613550702,,T4_only,
0.00034332799267566827,0.9469170006557636,3719,0.9999996598871838,01111011100010111010000100111111000011110101111110010100110100110101110110100011001101110101100011010011100111011010001010111100010100011010110101000110110110010000101011110110001100011110000101110000000000000000000000000000000000000000000000000000,0.9759037960456314,0,0,uniform,-0.006981797884427251,0.09141206233721377,full,0.10822269070182546
,7.767257936171046e-26,3719,,,1.6676837021032942,,,uniform,,0.0,cover,9.242686249499852e-05
0.039330128938735054,0.006384732277165857,3719,0.9955320941096822,,6.361904493208863,,,ascii_text,-0.015241144581405776,0.09619568089599256,no_decomp,0.07021983313321005
0.039330128938735,,3719,0.9955320941096824,,,,,ascii_text,-0.015170499833565523,,T1T2_only,
0.039330128938735054,,3719,0.9955320941096822,,,,,ascii_text,-0.013398601669279817,,T3_only,
0.00499732967116806,,3719,0.9999279410770565,,,,,ascii_text,0.009706118149375342,,T4_only,
0.0010299839780270048,0.9799905319188268,3719,0.9999969389827297,,0.7041331186658353,,,ascii_text,-0.006680192134527677,0.0957117487927709,full,0.10424752492214247
,7.767257936171046e-26,3719,,,1.6676837021032942,,,ascii_text,,0.0,cover,9.242686249499852e-05
0.5,0.0,3719,3.986313713864835e-11,,80.95060222135471,,,all_zeros,0.0,0.004458126533417025,no_decomp,0.00015329781873846135
0.5,,3719,3.986313713864835e-11,,,,,all_zeros,0.0,,T1T2_only,
0.5,,3719,3.986313713864835e-11,,,,,all_zeros,0.0,,T3_only,
0.0020218204013122687,,3719,0.9999882051922312,,,,,all_zeros,0.0011662875610166173,,T4_only,
0.0020218204013122687,0.9647731275450006,3719,0.9999882051922312,,1.3217937490744627,,,all_zeros,0.0011662875610166173,0.09521240118088932,full,0.10423168884500934
,7.767257936171046e-26,3719,,,1.6676837021032942,,,all_zeros,,0.0,cover,9.242686249499852e-05
0.002365148393987937,0.9999654043705631,3974,0.9999838592785371,,0.6300138430168,,,uniform,0.001694004176451745,0.1878329291766089,no_decomp,0.14436833824158726
0.002365148393987937,,3974,0.9999838592785371,,,,,uniform,0.0017706671374802928,,T1T2_only,
0.002365148393987937,,3974,0.9999838592785371,,,,,uniform,0.002457721821883177,,T3_only,
0.004310673685816724,,3974,0.9999463832838245,,,,,uniform,0.008738739063399037,,T4_only,
0.0011444266422522276,0.9998067270876685,3974,0.999996220965706,10100001001010100011100011000110101110000110100001101111100011001011100101010111100010101010000001101101011011010000001100010001110010101000011000110001001110101110110111110010100101100110000111110000000000000000000000000000000000000000000000000000,0.5064817169350745,0,0,uniform,0.0011009119067191824,0.20118530417103808,full,0.1537878352936838
,0.9981574928210946,3974,,,0.3582431656370039,,,uniform,,0.08985129940907637,cover,0.04268634647463986
0.039330128938735054,0.962787292138338,3974,0.9955320941096822,,6.361904493208863,,,ascii_text,-0.015241144581405776,0.19095877131303263,no_decomp,0.11129018278983932
0.039330128938735,,3974,0.9955320941096824,,,,,ascii_text,-0.015170499833565523,,T1T2_only,
0.039330128938735054,,3974,0.9955320941096822,,,,,ascii_text,-0.014485671700455139,,T3_only,
0.0020981155107957505,,3974,0.9999872982196591,,,,,ascii_text,-0.00020835696252014733,,T4_only,
0.003776607919432351,0.9999969149721983,3974,0.9999588459611525,,0.9759037960456314,,,ascii_text,-0.010244009269068483,0.21738298185571223,full,0.15643194895563745
,0.9981574928210946,3974,,,0.3582431656370039,,,ascii_text,,0.08985129940907637,cover,0.04268634647463986
0.5,0.0,3974,3.986313713864835e-11,,80.95060222135471,,,all_zeros,0.0,0.10607906905682833,no_decomp,0.04509746590273096
0.5,,3974,3.986313713864835e-11,,,,,all_zeros,0.0,,T1T2_only,
0.5,,3974,3.986313713864835e-11,,,,,all_zeros,0.0,,T3_only,
0.0024795910582131597,,3974,0.9999822594762259,,,,,all_zeros,-0.003954422005227855,,T4_only,
0.0024795910582131597,0.9997965787329757,3974,0.9999822594762259,,1.0747294969110117,,,all_zeros,-0.003954422005227855,0.20379118406460706,full,0.1599066682059716
,0.9981574928210946,3974,,,0.3582431656370039,,,all_zeros,,0.08985129940907637,cover,0.04268634647463986
0.0011825741969939685,0.9257095361567595,5613,0.9999959648309207,,0.7041331186658353,,,uniform,-0.010039023898972623,0.06661591577421001,no_decomp,0.09423835778068741
0.0011825741969939685,,5613,0.9999959648309207,,,,,uniform,-0.010115137159564138,,T1T2_only,
0.0011825741969939685,,5613,0.9999959648309207,,,,,uniform,-0.011641106099922659,,T3_only,
0.0021362630655374915,,5613,0.999986832136384,,,,,uniform,0.001698804583344719,,T4_only,
0.0009918364232852639,0.7078846064258408,5613,0.9999971615259693,00011011100000101011111111000011011000110100111011001101111000000010101010001000100011110010001001001110110000000000111101111010111110101011001110001101100000001100110111101101001010111011011110101000000000000000000000000000000000000000000000000000,1.2476744734254275,0,0,uniform,-0.00324661243665481,0.0662818742035985,full,0.09308707917098216
,9.680520966647212e-55,5613,,,0.13588533868989805,,,uniform,,0.0,cover,0.0
0.039330128938735054,0.00173465718774235,5613,0.9955320941096822,,6.361904493208863,,,ascii_text,-0.015241144581405776,0.06526792115379909,no_decomp,0.06206684217873867
0.039330128938735,,5613,0.9955320941096824,,,,,ascii_text,-0.015170499833565523,,T1T2_only,
0.039330128938735054,,5613,0.9955320941096822,,,,,ascii_text,-0.012796653630422598,,T3_only,
0.006713969634546402,,5613,0.9998699302420528,,,,,ascii_text,0.017103253878519162,,T4_only,
0.002861066605630569,0.8865814818091431,5613,0.9999763809273918,,0.5806009925841098,,,ascii_text,0.0006921100035926284,0.06686952643317126,full,0.09608466581409156
,9.680520966647212e-55,5613,,,0.13588533868989805,,,ascii_text,,0.0,cover,0.0
0.5,0.0,5613,3.986313713864835e-11,,80.95060222135471,,,all_zeros,0.0,0.0,no_decomp,0.0
0.5,,5613,3.986313713864835e-11,,,,,all_zeros,0.0,,T1T2_only,
0.5,,5613,3.986313713864835e-11,,,,,all_zeros,0.0,,T3_only,
0.0012970168612191912,,5613,0.9999951460391902,,,,,all_zeros,-0.0024864304572966246,,T4_only,
0.0012970168612191912,0.665588324955322,5613,0.9999951460391902,,0.3582431656370039,,,all_zeros,-0.0024864304572966246,0.06512583120160925,full,0.09596865672045238
,9.680520966647212e-55,5613,,,0.13588533868989805,,,all_zeros,,0.0,cover,0.0
0.000915541313801782,0.9999778596497529,8413,0.999997581418812,,0.5311881421514196,,,uniform,-0.010494508718030322,0.06505789319869121,no_decomp,0.07680070840695273
0.000915541313801782,,8413,0.999997581418812,,,,,uniform,-0.010494226358060075,,T1T2_only,
0.000915541313801782,,8413,0.999997581418812,,,,,uniform,-0.011104895011426889,,T3_only,
0.000953688868543523,,8413,0.9999973756713294,,,,,uniform,-0.011562684731474319,,T4_only,
0.003929198138399315,0.994858873175482,8413,0.9999554531639226,10100101000000011100001111110011011010111001001110100010110001000111100110010011010101001111101101100000011110000001010100101011100011000111000011101001101110010010000110001100001001001011101100000100000000000000000000000000000000000000000000000000,0.08647248825720784,0,0,uniform,0.0027238833714669027,0.06489763613125658,full,0.07602072575068797
,1.893195198273004e-13,8413,,,1.4206194499398432,,,uniform,,0.0,cover,0.002496236466660296
0.039330128938735054,0.9760725175721411,8413,0.9955320941096822,,6.361904493208863,,,ascii_text,-0.015241144581405776,0.0666758148608857,no_decomp,0.05260723274151882
0.039330128938735,,8413,0.9955320941096824,,,,,ascii_text,-0.015170499833565523,,T1T2_only,
0.039330128938735054,,8413,0.9955320941096822,,,,,ascii_text,-0.01417857750590379,,T3_only,
0.0011444266422522276,,8413,0.999996220965706,,,,,ascii_text,-0.01072516582048305,,T4_only,
0.002861066605630569,0.9907500898305296,8413,0.9999763809273918,,1.8900415290504,,,ascii_text,0.0024465834718491427,0.06255423637637748,full,0.07665629615191102
,1.893195198273004e-13,8413,,,1.4206194499398432,,,ascii_text,,0.0,cover,0.002496236466660296
0.5,0.0,8413,3.986313713864835e-11,,80.95060222135471,,,all_zeros,0.0,0.00044372839803446824,no_decomp,0.002321869779759393
0.5,,8413,3.986313713864835e-11,,,,,all_zeros,0.0,,T1T2_only,
0.5,,8413,3.986313713864835e-11,,,,,all_zeros,0.0,,T3_only,
0.0006866559853513365,,8413,0.9999986395484144,,,,,all_zeros,0.012549056933286774,,T4_only,
0.0006866559853513365,0.9999271504201026,8413,0.9999986395484144,,0.33353674042065884,,,all_zeros,0.012549056933286774,0.06435229506301451,full,0.07641800861274688
,1.893195198273004e-13,8413,,,1.4206194499398432,,,all_zeros,,0.0,cover,0.002496236466660296
0.0007248035400930775,0.9999999602998598,8981,0.999998484188148,,0.21000461433893333,,,uniform,-0.0018714054928204455,0.170422845936329,no_decomp,0.07609225097207677
0.0007248035400930775,,8981,0.999998484188148,,,,,uniform,-0.0019475957620211546,,T1T2_only,
0.0007248035400930775,,8981,0.999998484188148,,,,,uniform,-0.0018714054928204516,,T3_only,
0.0031280994888227553,,8981,0.9999717662553689,,,,,uniform,0.002593714870204194,,T4_only,
0.001869230182345305,0.9999816455363317,8981,0.9999899183616079,00100101000101100100000001100100010100111010101111001001101110100001111101101000010111110000001110111101100010000000111001110101110100001111101000110100011000110100101011101010100000001010100011000100000000000000000000000000000000000000000000000000,0.11117891347355294,0,0,uniform,-0.0034858734906353206,0.16462398494256297,full,0.07095256583653616
,0.9911663639762401,8981,,,0.5806009925841098,,,uniform,,0.09462475149137646,cover,0.0
0.039330128938735054,0.9996639791656393,8981,0.9955320941096822,,6.361904493208863,,,ascii_text,-0.015241144581405776,0.17625317555659592,no_decomp,0.04261510936821199
0.039330128938735,,8981,0.9955320941096824,,,,,ascii_text,-0.015170499833565523,,T1T2_only,
0.039330128938735054,,8981,0.9955320941096822,,,,,ascii_text,-0.012406668774040272,,T3_only,
0.0063324940871289925,,8981,0.9998842913753689,,,,,ascii_text,0.0015575045254536833,,T4_only,
0.007591363393606443,0.9999867066084033,8981,0.999833712048331,,1.1488487725600471,,,ascii_text,0.011561320207051251,0.1778207702713445,full,0.0680255110261394
,0.9911663639762401,8981,,,0.5806009925841098,,,ascii_text,,0.09462475149137646,cover,0.0
0.5,0.0,8981,3.986313713864835e-11,,80.95060222135471,,,all_zeros,0.0,0.0797307220621733,no_decomp,0.0
0.5,,8981,3.986313713864835e-11,,,,,all_zeros,0.0,,T1T2_only,
0.5,,8981,3.986313713864835e-11,,,,,all_zeros,0.0,,T3_only,
0.00289921416037231,,8981,0.9999757468829562,,,,,all_zeros,-0.005412815305847443,,T4_only,
0.00289921416037231,0.9998858807801317,8981,0.9999757468829562,,0.2841238899879686,,,all_zeros,-0.005412815305847443,0.1769706277350695,full,0.07409916293529928
,0.9911663639762401,8981,,,0.5806009925841098,,,all_zeros,,0.09462475149137646,cover,0.0
0.003814755474174092,0.9985423137489469,7565,0.9999580103593582,,2.0135736551321255,,,uniform,0.0028031265141224594,0.06373678058892147,no_decomp,0.07396395661224553
0.003814755474174092,,7565,0.9999580103593582,,,,,uniform,0.00272624055568361,,T1T2_only,
0.003814755474174092,,7565,0.9999580103593582,,,,,uniform,0.0013539582089449925,,T3_only,
0.0058747234302281015,,7565,0.9999004160430487,,,,,uniform,0.0006640552995927683,,T4_only,
0.0021362630655374915,0.995731399297239,7565,0.999986832136384,11001100010000100001110011000011011100010000011000110100110101001000100001110111010010101100011001100010110110000110110101110000010011001001100010111011010011011001000001101010001000101011000110111000000000000000000000000000000000000000000000000000,0.5558945673677648,0,0,uniform,-0.0053973633731127435,0.06341961920035992,full,0.07408763723073569
,6.119911105897295e-09,7565,,,0.7535459690985254,,,uniform,,0.0,cover,0.0
0.039330128938735054,0.21484507819336904,7565,0.9955320941096822,,6.361904493208863,,,ascii_text,-0.015241144581405776,0.0634959817953859,no_decomp,0.04376918467674578
0.039330128938735,,7565,0.9955320941096824,,,,,ascii_text,-0.015170499833565523,,T1T2_only,
0.039330128938735054,,7565,0.9955320941096822,,,,,ascii_text,-0.014402768983697425,,T3_only,
0.003929198138399315,,7565,0.9999554531639226,,,,,ascii_text,0.0005105090312971803,,T4_only,
0.0010299839780270048,0.999937762765794,7565,0.9999969389827297,,0.43236244128603923,,,ascii_text,-0.005383275604422453,0.06039191406932725,full,0.07400458319799214
,6.119911105897295e-09,7565,,,0.7535459690985254,,,ascii_text,,0.0,cover,0.0
0.5,0.0,7565,3.986313713864835e-11,,80.95060222135471,,,all_zeros,0.0,0.0,no_decomp,0.0
0.5,,7565,3.986313713864835e-11,,,,,all_zeros,0.0,,T1T2_only,
0.5,,7565,3.986313713864835e-11,,,,,all_zeros,0.0,,T3_only,
0.0008010986495765593,,7565,0.9999981482740206,,,,,all_zeros,-0.006068399861497399,,T4_only,
0.0008010986495765593,0.8558217093354799,7565,0.9999981482740206,,0.8029588195312157,,,all_zeros,-0.006068399861497399,0.061055574392534236,full,0.07731995579197071
,6.119911105897295e-09,7565,,,0.7535459690985254,,,all_zeros,,0.0,cover,0.0
0.004844739452201097,0.9999158317556499,3973,0.9999322745058885,,0.11117891347355294,,,uniform,0.0019289219170870106,0.11396056022055485,no_decomp,0.11915457051807112
0.004844739452201097,,3973,0.9999322745058885,,,,,uniform,0.002081532173674536,,T1T2_only,
0.004844739452201097,,3973,0.9999322745058885,,,,,uniform,0.000173167620195723,,T3_only,
0.0022125581750209733,,3973,0.9999858747758283,,,,,uniform,0.003146847769088326,,T4_only,
0.0012207217517357094,0.9999805607728889,3973,0.9999957002982415,10100101111000001011101100010111011011001110101100010011011110011100110110011111001111010001111100110001000000001101101010100100011011100100110000000001100101010100000011010011001001001010000111110000000000000000000000000000000000000000000000000000,0.7535459690985254,0,0,uniform,-0.00927641531820085,0.10191313753517228,full,0.11879585578525242
,0.996866650739289,3973,,,1.371206599507153,,,uniform,,0.02285833578894349,cover,0.02475519892533907
0.039330128938735054,0.9733689844846362,3973,0.9955320941096822,,6.361904493208863,,,ascii_text,-0.015241144581405776,0.11126863431435595,no_decomp,0.08363081262859191
0.039330128938735,,3973,0.9955320941096824,,,,,ascii_text,-0.015170499833565523,,T1T2_only,
0.039330128938735054,,3973,0.9955320941096822,,,,,ascii_text,-0.013942130473776557,,T3_only,
0.008392462043183002,,3973,0.999796762567204,,,,,ascii_text,0.011280574699385853,,T4_only,
0.001373311970702673,0.9999567923911794,3973,0.9999945581885259,,0.6547202682331451,,,ascii_text,-0.0030215507703764215,0.11243324323637229,full,0.12896349471280424
,0.996866650739289,3973,,,1.371206599507153,,,ascii_text,,0.02285833578894349,cover,0.02475519892533907
0.5,0.0,3973,3.986313713864835e-11,,80.95060222135471,,,all_zeros,0.0,0.0005576429608358428,no_decomp,0.015658439286309285
0.5,,3973,3.986313713864835e-11,,,,,all_zeros,0.0,,T1T2_only,
0.5,,3973,3.986313713864835e-11,,,,,all_zeros,0.0,,T3_only,
0.0025177386129549006,,3973,0.9999817094126906,,,,,all_zeros,0.0035229707107253,,T4_only,
0.0025177386129549006,0.9999989368041694,3973,0.9999817094126906,,1.6923901273196393,,,all_zeros,0.0035229707107253,0.10742226932069991,full,0.12844385076256182
,0.996866650739289,3973,,,1.371206599507153,,,all_zeros,,0.02285833578894349,cover,0.02475519892533907
