method,rate,cover,seed,psnr,ssim,mse,correlation,payload_bits,n_changes,embedding_efficiency,hill_distortion,extraction_ok,blind_extractable,wall_s,cpu_s,ga_evaluations,ga_generations,ga_converged_at,extra
AMDT,0.05,8091,0,64.21656761105558,0.9996877297070035,0.024627685546875,0.9999885988505444,13107,6456,2.0302044609665426,116560158.87673947,True,True,12.654469165019691,12.653431892,2375,100,96,"{""chromosomes"": [{""direction"": 3, ""x_off"": 376, ""y_off"": 226, ""mask"": 1, ""alpha"": 1, ""beta"": 1, ""bp_dir"": 1, ""sigma"": 1, ""block_idx"": 1, ""delta"": 1}, {""direction"": 11, ""x_off"": 36, ""y_off"": 208, ""mask"": 1, ""alpha"": 1, ""beta"": 1, ""bp_dir"": 0, ""sigma"": 1, ""block_idx"": 0, ""delta"": 1}, {""direction"": 1, ""x_off"": 251, ""y_off"": 140, ""mask"": 1, ""alpha"": 1, ""beta"": 0, ""bp_dir"": 0, ""sigma"": 1, ""block_idx"": 0, ""delta"": 1}, {""direction"": 13, ""x_off"": 286, ""y_off"": 97, ""mask"": 1, ""alpha"": 1, ""beta"": 0, ""bp_dir"": 1, ""sigma"": 1, ""block_idx"": 0, ""delta"": 1}]}"
AMDT,0.05,6260,0,64.23679561604072,0.99980205912917,0.02451324462890625,0.9999779653893518,13107,6426,2.0396825396825395,7411.5576101616025,True,True,6.813662770204246,6.813276999999999,2372,100,82,"{""chromosomes"": [{""direction"": 5, ""x_off"": 247, ""y_off"": 326, ""mask"": 1, ""alpha"": 0, ""beta"": 0, ""bp_dir"": 1, ""sigma"": 1, ""block_idx"": 2, ""delta"": 1}, {""direction"": 2, ""x_off"": 402, ""y_off"": 269, ""mask"": 1, ""alpha"": 1, ""beta"": 0, ""bp_dir"": 0, ""sigma"": 1, ""block_idx"": 1, ""delta"": 1}, {""direction"": 2, ""x_off"": 265, ""y_off"": 511, ""mask"": 1, ""alpha"": 0, ""beta"": 0, ""bp_dir"": 1, ""sigma"": 1, ""block_idx"": 1, ""delta"": 1}, {""direction"": 3, ""x_off"": 114, ""y_off"": 221, ""mask"": 1, ""alpha"": 0, ""beta"": 1, ""bp_dir"": 1, ""sigma"": 1, ""block_idx"": 3, ""delta"": 1}]}"
AMDT,0.05,9642,0,64.24017612903077,0.9998540655429118,0.024494171142578125,0.9999921135110448,13107,6421,2.0412708300887714,157824368.21911204,True,True,5.287190007045865,5.286247671000002,1796,75,50,"{""chromosomes"": [{""direction"": 0, ""x_off"": 184, ""y_off"": 165, ""mask"": 1, ""alpha"": 1, ""beta"": 0, ""bp_dir"": 0, ""sigma"": 1, ""block_idx"": 1, ""delta"": 1}, {""direction"": 10, ""x_off"": 295, ""y_off"": 365, ""mask"": 1, ""alpha"": 0, ""beta"": 1, ""bp_dir"": 1, ""sigma"": 1, ""block_idx"": 0, ""delta"": 1}, {""direction"": 3, ""x_off"": 387, ""y_off"": 351, ""mask"": 1, ""alpha"": 0, ""beta"": 0, ""bp_dir"": 1, ""sigma"": 1, ""block_idx"": 1, ""delta"": 1}, {""direction"": 12, ""x_off"": 268, ""y_off"": 304, ""mask"": 1, ""alpha"": 0, ""beta"": 1, ""bp_dir"": 1, ""sigma"": 1, ""block_idx"": 3, ""delta"": 1}]}"
AMDT,0.05,8444,0,64.23274247079176,0.9998260524685594,0.0245361328125,0.9999926256252253,13107,6432,2.0377798507462686,492237.5936053023,True,True,6.945834592916071,6.945038212999997,2371,100,97,"{""chromosomes"": [{""direction"": 2, ""x_off"": 16, ""y_off"": 84, ""mask"": 1, ""alpha"": 1, ""beta"": 1, ""bp_dir"": 1, ""sigma"": 1, ""block_idx"": 3, ""delta"": 1}, {""direction"": 5, ""x_off"": 336, ""y_off"": 362, ""mask"": 1, ""alpha"": 0, ""beta"": 1, ""bp_dir"": 1, ""sigma"": 1, ""block_idx"": 2, ""delta"": 1}, {""direction"": 6, ""x_off"": 149, ""y_off"": 15, ""mask"": 1, ""alpha"": 0, ""beta"": 0, ""bp_dir"": 0, ""sigma"": 1, ""block_idx"": 1, ""delta"": 1}, {""direction"": 4, ""x_off"": 127, ""y_off"": 266, ""mask"": 1, ""alpha"": 0, ""beta"": 1, ""bp_dir"": 0, ""sigma"": 1, ""block_idx"": 0, ""delta"": 1}]}"
AMDT,0.05,1264,0,64.22262612608466,0.9998063115026119,0.024593353271484375,0.999997937979875,13107,6447,2.03303862261517,6234.290560379624,True,True,6.109434421174228,6.107286434999999,2082,87,62,"{""chromosomes"": [{""direction"": 5, ""x_off"": 182, ""y_off"": 85, ""mask"": 1, ""alpha"": 1, ""beta"": 1, ""bp_dir"": 1, ""sigma"": 1, ""block_idx"": 3, ""delta"": 1}, {""direction"": 13, ""x_off"": 114, ""y_off"": 388, ""mask"": 1, ""alpha"": 1, ""beta"": 0, ""bp_dir"": 1, ""sigma"": 1, ""block_idx"": 0, ""delta"": 1}, {""direction"": 7, ""x_off"": 484, ""y_off"": 235, ""mask"": 1, ""alpha"": 1, ""beta"": 1, ""bp_dir"": 1, ""sigma"": 1, ""block_idx"": 1, ""delta"": 1}, {""direction"": 0, ""x_off"": 353, ""y_off"": 209, ""mask"": 1, ""alpha"": 0, ""beta"": 0, ""bp_dir"": 0, ""sigma"": 1, ""block_idx"": 2, ""delta"": 1}]}"
AMDT,0.05,7865,0,64.225995623359,0.9997828269818,0.02457427978515625,0.9999974798942802,13107,6442,2.0346165787022663,9098.025673642755,True,True,5.523895174264908,5.521695787999995,1890,79,54,"{""chromosomes"": [{""direction"": 7, ""x_off"": 263, ""y_off"": 235, ""mask"": 1, ""alpha"": 0, ""beta"": 1, ""bp_dir"": 0, ""sigma"": 1, ""block_idx"": 3, ""delta"": 1}, {""direction"": 8, ""x_off"": 221, ""y_off"": 427, ""mask"": 1, ""alpha"": 1, ""beta"": 1, ""bp_dir"": 0, ""sigma"": 1, ""block_idx"": 3, ""delta"": 1}, {""direction"": 2, ""x_off"": 38, ""y_off"": 165, ""mask"": 1, ""alpha"": 1, ""beta"": 0, ""bp_dir"": 0, ""sigma"": 1, ""block_idx"": 0, ""delta"": 1}, {""direction"": 1, ""x_off"": 402, ""y_off"": 420, ""mask"": 1, ""alpha"": 0, ""beta"": 1, ""bp_dir"": 1, ""sigma"": 1, ""block_idx"": 2, ""delta"": 1}]}"
AMDT,0.05,5263,0,64.2516895957231,0.9999069497179833,0.0244293212890625,0.9999763507893363,13107,6404,2.046689569019363,2144.4271673560143,True,True,5.5571852354332805,5.556442572999998,1875,79,54,"{""chromosomes"": [{""direction"": 15, ""x_off"": 314, ""y_off"": 454, ""mask"": 1, ""alpha"": 1, ""beta"": 1, ""bp_dir"": 0, ""sigma"": 1, ""block_idx"": 2, ""delta"": 1}, {""direction"": 13, ""x_off"": 339, ""y_off"": 143, ""mask"": 1, ""alpha"": 0, ""beta"": 1, ""bp_dir"": 1, ""sigma"": 1, ""block_idx"": 3, ""delta"": 1}, {""direction"": 11, ""x_off"": 63, ""y_off"": 194, ""mask"": 1, ""alpha"": 0, ""beta"": 1, ""bp_dir"": 0, ""sigma"": 1, ""block_idx"": 3, ""delta"": 1}, {""direction"": 6, ""x_off"": 393, ""y_off"": 433, ""mask"": 1, ""alpha"": 0, ""beta"": 0, ""bp_dir"": 0, ""sigma"": 1, ""block_idx"": 3, ""delta"": 1}]}"
AMDT,0.05,279,0,64.22936773690603,0.9998305361393504,0.024555206298828125,0.9999979394716001,13107,6437,2.0361969861736835,13094772.333291411,True,True,5.277790983207524,5.2771536380000015,1765,74,49,"{""chromosomes"": [{""direction"": 9, ""x_off"": 222, ""y_off"": 398, ""mask"": 1, ""alpha"": 1, ""beta"": 0, ""bp_dir"": 1, ""sigma"": 1, ""block_idx"": 2, ""delta"": 1}, {""direction"": 14, ""x_off"": 93, ""y_off"": 448, ""mask"": 1, ""alpha"": 0, ""beta"": 0, ""bp_dir"": 1, ""sigma"": 1, ""block_idx"": 0, ""delta"": 1}, {""direction"": 4, ""x_off"": 125, ""y_off"": 237, ""mask"": 1, ""alpha"": 0, ""beta"": 0, ""bp_dir"": 1, ""sigma"": 1, ""block_idx"": 0, ""delta"": 1}, {""direction"": 0, ""x_off"": 254, ""y_off"": 397, ""mask"": 1, ""alpha"": 1, ""beta"": 0, ""bp_dir"": 0, ""sigma"": 1, ""block_idx"": 0, ""delta"": 1}]}"
AMDT,0.05,7741,0,64.23814750548948,0.9998035327284678,0.024505615234375,0.9999957411225008,13107,6424,2.0403175591531757,138964500.80363154,True,True,5.960062592290342,5.9596172510000045,2051,86,61,"{""chromosomes"": [{""direction"": 9, ""x_off"": 210, ""y_off"": 42, ""mask"": 1, ""alpha"": 1, ""beta"": 1, ""bp_dir"": 1, ""sigma"": 1, ""block_idx"": 0, ""delta"": 1}, {""direction"": 10, ""x_off"": 157, ""y_off"": 335, ""mask"": 1, ""alpha"": 1, ""beta"": 1, ""bp_dir"": 1, ""sigma"": 1, ""block_idx"": 1, ""delta"": 1}, {""direction"": 12, ""x_off"": 358, ""y_off"": 425, ""mask"": 1, ""alpha"": 0, ""beta"": 0, ""bp_dir"": 1, ""sigma"": 1, ""block_idx"": 2, ""delta"": 1}, {""direction"": 10, ""x_off"": 386, ""y_off"": 340, ""mask"": 1, ""alpha"": 0, ""beta"": 0, ""bp_dir"": 1, ""sigma"": 1, ""block_idx"": 1, ""delta"": 1}]}"
AMDT,0.05,5559,0,64.22329981643256,0.9998355032382804,0.02458953857421875,0.9999974541455392,13107,6446,2.033354017995656,5434.38731688261,True,True,5.112602979876101,5.111940519999997,1770,74,49,"{""chromosomes"": [{""direction"": 11, ""x_off"": 246, ""y_off"": 235, ""mask"": 1, ""alpha"": 1, ""beta"": 0, ""bp_dir"": 0, ""sigma"": 1, ""block_idx"": 2, ""delta"": 1}, {""direction"": 12, ""x_off"": 266, ""y_off"": 205, ""mask"": 1, ""alpha"": 1, ""beta"": 0, ""bp_dir"": 0, ""sigma"": 1, ""block_idx"": 3, ""delta"": 1}, {""direction"": 11, ""x_off"": 384, ""y_off"": 158, ""mask"": 1, ""alpha"": 1, ""beta"": 0, ""bp_dir"": 1, ""sigma"": 1, ""block_idx"": 0, ""delta"": 1}, {""direction"": 0, ""x_off"": 378, ""y_off"": 253, ""mask"": 1, ""alpha"": 1, ""beta"": 1, ""bp_dir"": 1, ""sigma"": 1, ""block_idx"": 2, ""delta"": 1}]}"
AMDT,0.1,8091,0,61.20122534011542,0.9994647833699635,0.049312591552734375,0.9999771714961668,26214,12927,2.0278486887909026,658554863.3624027,True,True,7.9525934383273125,7.951822207999996,2384,100,79,"{""chromosomes"": [{""direction"": 2, ""x_off"": 114, ""y_off"": 388, ""mask"": 1, ""alpha"": 1, ""beta"": 1, ""bp_dir"": 0, ""sigma"": 1, ""block_idx"": 3, ""delta"": 1}, {""direction"": 10, ""x_off"": 118, ""y_off"": 282, ""mask"": 1, ""alpha"": 0, ""beta"": 1, ""bp_dir"": 1, ""sigma"": 1, ""block_idx"": 3, ""delta"": 1}, {""direction"": 9, ""x_off"": 275, ""y_off"": 110, ""mask"": 1, ""alpha"": 1, ""beta"": 0, ""bp_dir"": 0, ""sigma"": 1, ""block_idx"": 1, ""delta"": 1}, {""direction"": 4, ""x_off"": 455, ""y_off"": 258, ""mask"": 1, ""alpha"": 1, ""beta"": 1, ""bp_dir"": 0, ""sigma"": 1, ""block_idx"": 2, ""delta"": 1}], ""hist"": [-0.306686, -0.306686, -0.306686, -0.272598, -0.194279, -0.193207, -0.174732, -0.174732, -0.166904, -0.140079, -0.140079, -0.139458, -0.106571, -0.086243, -0.064205, -0.064205, -0.064205, -0.06406, -0.063919, -0.063908, -0.063625, -0.063625, -0.050491, -0.0504, -0.050224, -0.050137, -0.050137, -0.049938, -0.049755, -0.049755, -0.049755, -0.049755, -0.049755, -0.049644, -0.049644, -0.049644, -0.049644, -0.049564, -0.049564, -0.049564, -0.049541, -0.04953, -0.04953, -0.04953, -0.04953, -0.04953, -0.049515, -0.049515, -0.049515, -0.049515, -0.049515, -0.049515, -0.049515, -0.049515, -0.049515, -0.049515, -0.049515, -0.049515, -0.049515, -0.049515, -0.049515, -0.049515, -0.049515, -0.049515, -0.049515, -0.04948, -0.04948, -0.049431, -0.049431, -0.049431, -0.049431, -0.049431, -0.049431, -0.049431, -0.049328, -0.049328, -0.049328, -0.049328, -0.049328, -0.049313, -0.049313, -0.049313, -0.049313, -0.049313, -0.049313, -0.049313, -0.049313, -0.049313, -0.049313, -0.049313, -0.049313, -0.049313, -0.049313, -0.049313, -0.049313, -0.049313, -0.049313, -0.049313, -0.049313, -0.049313, -0.049313]}"
AMDT,0.1,6260,0,61.20660401694693,0.9995994521078696,0.049251556396484375,0.9999557313263364,26214,12911,2.0303617070714894,14733.656435891986,True,True,5.898666870780289,5.898244011999992,1762,74,49,"{""chromosomes"": [{""direction"": 11, ""x_off"": 114, ""y_off"": 148, ""mask"": 1, ""alpha"": 0, ""beta"": 0, ""bp_dir"": 1, ""sigma"": 1, ""block_idx"": 3, ""delta"": 1}, {""direction"": 2, ""x_off"": 93, ""y_off"": 92, ""mask"": 1, ""alpha"": 0, ""beta"": 0, ""bp_dir"": 0, ""sigma"": 1, ""block_idx"": 1, ""delta"": 1}, {""direction"": 5, ""x_off"": 479, ""y_off"": 47, ""mask"": 1, ""alpha"": 0, ""beta"": 0, ""bp_dir"": 1, ""sigma"": 1, ""block_idx"": 1, ""delta"": 1}, {""direction"": 2, ""x_off"": 76, ""y_off"": 370, ""mask"": 1, ""alpha"": 0, ""beta"": 0, ""bp_dir"": 0, ""sigma"": 1, ""block_idx"": 1, ""delta"": 1}], ""hist"": [-0.220108, -0.10601, -0.10601, -0.069202, -0.06871, -0.05061, -0.050041, -0.049931, -0.049736, -0.049721, -0.049595, -0.049595, -0.049595, -0.049576, -0.049576, -0.049576, -0.049576, -0.049576, -0.049576, -0.049515, -0.049515, -0.0495, -0.0495, -0.0495, -0.0495, -0.0495, -0.0495, -0.0495, -0.0495, -0.049427, -0.049374, -0.049374, -0.049374, -0.049374, -0.049374, -0.049374, -0.049374, -0.049374, -0.049374, -0.049366, -0.049366, -0.049366, -0.049366, -0.049263, -0.049263, -0.049263, -0.049263, -0.049263, -0.049263, -0.049252, -0.049252, -0.049252, -0.049252, -0.049252, -0.049252, -0.049252, -0.049252, -0.049252, -0.049252, -0.049252, -0.049252, -0.049252, -0.049252, -0.049252, -0.049252, -0.049252, -0.049252, -0.049252, -0.049252, -0.049252, -0.049252, -0.049252, -0.049252, -0.049252, -0.049252]}"
AMDT,0.1,9642,0,61.21232616944485,0.9996954863304444,0.04918670654296875,0.999984163491094,26214,12894,2.03303862261517,53139481.13754454,True,True,5.7347429459914565,5.734307541999996,1720,72,47,"{""chromosomes"": [{""direction"": 11, ""x_off"": 254, ""y_off"": 163, ""mask"": 1, ""alpha"": 0, ""beta"": 1, ""bp_dir"": 1, ""sigma"": 1, ""block_idx"": 2, ""delta"": 1}, {""direction"": 0, ""x_off"": 146, ""y_off"": 71, ""mask"": 1, ""alpha"": 1, ""beta"": 0, ""bp_dir"": 0, ""sigma"": 1, ""block_idx"": 3, ""delta"": 1}, {""direction"": 3, ""x_off"": 200, ""y_off"": 149, ""mask"": 1, ""alpha"": 1, ""beta"": 1, ""bp_dir"": 1, ""sigma"": 1, ""block_idx"": 1, ""delta"": 1}, {""direction"": 3, ""x_off"": 327, ""y_off"": 157, ""mask"": 1, ""alpha"": 0, ""beta"": 1, ""bp_dir"": 0, ""sigma"": 1, ""block_idx"": 2, ""delta"": 1}], ""hist"": [-0.334461, -0.277466, -0.256699, -0.144302, -0.088108, -0.087818, -0.08728, -0.087254, -0.087032, -0.086941, -0.086842, -0.050465, -0.050465, -0.050293, -0.049965, -0.049965, -0.04985, -0.04985, -0.049671, -0.049671, -0.049671, -0.049671, -0.049595, -0.049595, -0.049248, -0.049248, -0.049248, -0.049248, -0.049248, -0.049248, -0.049248, -0.049248, -0.049248, -0.049248, -0.049248, -0.049248, -0.049248, -0.049248, -0.049248, -0.049248, -0.049248, -0.049248, -0.049248, -0.049248, -0.049248, -0.049248, -0.049248, -0.049187, -0.049187, -0.049187, -0.049187, -0.049187, -0.049187, -0.049187, -0.049187, -0.049187, -0.049187, -0.049187, -0.049187, -0.049187, -0.049187, -0.049187, -0.049187, -0.049187, -0.049187, -0.049187, -0.049187, -0.049187, -0.049187, -0.049187, -0.049187, -0.049187, -0.049187]}"
AMDT,0.1,8444,0,61.2210923058964,0.9995011714388838,0.0490875244140625,0.9999852469144026,26214,12868,2.037146409698477,13477949.555838414,True,True,6.401261703111231,6.400282573000013,1878,79,54,"{""chromosomes"": [{""direction"": 14, ""x_off"": 497, ""y_off"": 257, ""mask"": 1, ""alpha"": 0, ""beta"": 1, ""bp_dir"": 0, ""sigma"": 1, ""block_idx"": 3, ""delta"": 1}, {""direction"": 15, ""x_off"": 506, ""y_off"": 159, ""mask"": 1, ""alpha"": 0, ""beta"": 0, ""bp_dir"": 0, ""sigma"": 1, ""block_idx"": 0, ""delta"": 1}, {""direction"": 5, ""x_off"": 56, ""y_off"": 344, ""mask"": 1, ""alpha"": 1, ""beta"": 0, ""bp_dir"": 0, ""sigma"": 1, ""block_idx"": 1, ""delta"": 1}, {""direction"": 7, ""x_off"": 69, ""y_off"": 364, ""mask"": 1, ""alpha"": 1, ""beta"": 1, ""bp_dir"": 0, ""sigma"": 1, ""block_idx"": 0, ""delta"": 1}], ""hist"": [-0.328156, -0.327694, -0.231117, -0.216671, -0.125763, -0.125526, -0.125237, -0.124435, -0.124027, -0.123726, -0.12339, -0.108128, -0.087181, -0.068279, -0.050346, -0.050217, -0.050018, -0.049999, -0.049999, -0.049999, -0.049999, -0.049809, -0.049656, -0.049458, -0.049374, -0.049194, -0.049194, -0.049194, -0.049194, -0.049194, -0.049194, -0.049194, -0.049194, -0.049194, -0.049194, -0.049194, -0.049194, -0.049194, -0.049194, -0.049194, -0.049194, -0.049194, -0.049194, -0.049194, -0.049194, -0.049194, -0.049194, -0.049194, -0.049091, -0.049091, -0.049091, -0.049091, -0.049091, -0.049091, -0.049088, -0.049088, -0.049088, -0.049088, -0.049088, -0.049088, -0.049088, -0.049088, -0.049088, -0.049088, -0.049088, -0.049088, -0.049088, -0.049088, -0.049088, -0.049088, -0.049088, -0.049088, -0.049088, -0.049088, -0.049088, -0.049088, -0.049088, -0.049088, -0.049088, -0.049088]}"
AMDT,0.1,1264,0,61.22379314231368,0.9996082545736451,0.0490570068359375,0.9999958867504343,26214,12860,2.0384136858475896,5382179.745177917,True,True,8.044835265725851,8.044475114000008,2375,100,82,"{""chromosomes"": [{""direction"": 10, ""x_off"": 378, ""y_off"": 292, ""mask"": 1, ""alpha"": 0, ""beta"": 0, ""bp_dir"": 1, ""sigma"": 1, ""block_idx"": 1, ""delta"": 1}, {""direction"": 5, ""x_off"": 106, ""y_off"": 108, ""mask"": 1, ""alpha"": 1, ""beta"": 1, ""bp_dir"": 0, ""sigma"": 1, ""block_idx"": 2, ""delta"": 1}, {""direction"": 7, ""x_off"": 67, ""y_off"": 184, ""mask"": 1, ""alpha"": 1, ""beta"": 0, ""bp_dir"": 1, ""sigma"": 1, ""block_idx"": 0, ""delta"": 1}, {""direction"": 2, ""x_off"": 129, ""y_off"": 315, ""mask"": 1, ""alpha"": 1, ""beta"": 0, ""bp_dir"": 0, ""sigma"": 1, ""block_idx"": 1, ""delta"": 1}], ""hist"": [-0.428173, -0.238396, -0.205196, -0.180977, -0.180977, -0.142265, -0.122868, -0.122868, -0.122009, -0.10532, -0.10532, -0.105255, -0.086483, -0.086483, -0.069202, -0.068516, -0.067738, -0.050613, -0.050613, -0.050289, -0.049839, -0.049839, -0.049728, -0.049728, -0.049728, -0.049522, -0.049522, -0.049522, -0.049522, -0.049305, -0.049305, -0.049305, -0.049305, -0.049305, -0.049305, -0.049305, -0.049301, -0.049301, -0.049301, -0.049301, -0.049301, -0.049301, -0.049301, -0.049301, -0.049301, -0.049301, -0.049301, -0.049301, -0.049301, -0.049286, -0.049286, -0.049286, -0.049286, -0.049286, -0.049286, -0.049286, -0.049286, -0.049286, -0.049286, -0.049286, -0.04916, -0.049099, -0.049099, -0.049099, -0.049099, -0.049099, -0.049099, -0.049099, -0.049099, -0.049099, -0.049099, -0.049099, -0.049099, -0.049099, -0.049099, -0.049099, -0.049099, -0.049099, -0.049099, -0.049099, -0.049099, -0.049099, -0.049057, -0.049057, -0.049057, -0.049057, -0.049057, -0.049057, -0.049057, -0.049057, -0.049057, -0.049057, -0.049057, -0.049057, -0.049057, -0.049057, -0.049057, -0.049057, -0.049057, -0.049057, -0.049057]}"
AMDT,0.1,7865,0,61.21974251728599,0.9995381750132787,0.049102783203125,0.9999949652448333,26214,12872,2.036513362336855,18727.22567729652,True,True,5.579213990829885,5.578764964000001,1642,69,44,"{""chromosomes"": [{""direction"": 3, ""x_off"": 144, ""y_off"": 32, ""mask"": 1, ""alpha"": 0, ""beta"": 0, ""bp_dir"": 0, ""sigma"": 1, ""block_idx"": 0, ""delta"": 1}, {""direction"": 13, ""x_off"": 238, ""y_off"": 484, ""mask"": 1, ""alpha"": 1, ""beta"": 1, ""bp_dir"": 1, ""sigma"": 1, ""block_idx"": 1, ""delta"": 1}, {""direction"": 6, ""x_off"": 28, ""y_off"": 419, ""mask"": 1, ""alpha"": 0, ""beta"": 0, ""bp_dir"": 1, ""sigma"": 1, ""block_idx"": 3, ""delta"": 1}, {""direction"": 13, ""x_off"": 31, ""y_off"": 29, ""mask"": 1, ""alpha"": 1, ""beta"": 1, ""bp_dir"": 0, ""sigma"": 1, ""block_idx"": 2, ""delta"": 1}], ""hist"": [-0.201012, -0.201012, -0.201012, -0.105946, -0.08741, -0.08741, -0.069141, -0.068962, -0.068962, -0.06876, -0.068165, -0.068165, -0.067722, -0.050194, -0.050049, -0.050049, -0.050049, -0.049854, -0.049854, -0.049854, -0.049854, -0.049854, -0.049854, -0.049835, -0.049835, -0.049564, -0.049458, -0.049458, -0.049458, -0.049458, -0.049446, -0.0494, -0.04911, -0.04911, -0.04911, -0.04911, -0.04911, -0.04911, -0.04911, -0.04911, -0.04911, -0.04911, -0.04911, -0.04911, -0.049103, -0.049103, -0.049103, -0.049103, -0.049103, -0.049103, -0.049103, -0.049103, -0.049103, -0.049103, -0.049103, -0.049103, -0.049103, -0.049103, -0.049103, -0.049103, -0.049103, -0.049103, -0.049103, -0.049103, -0.049103, -0.049103, -0.049103, -0.049103, -0.049103, -0.049103]}"
AMDT,0.1,5263,0,61.20794972764607,0.9998198813725889,0.049236297607421875,0.9999523370001239,26214,12907,2.0309909351514683,4120.755496144295,True,True,7.893151945434511,7.891143,2375,100,91,"{""chromosomes"": [{""direction"": 14, ""x_off"": 433, ""y_off"": 107, ""mask"": 1, ""alpha"": 1, ""beta"": 1, ""bp_dir"": 1, ""sigma"": 1, ""block_idx"": 3, ""delta"": 1}, {""direction"": 5, ""x_off"": 3, ""y_off"": 135, ""mask"": 1, ""alpha"": 0, ""beta"": 1, ""bp_dir"": 0, ""sigma"": 1, ""block_idx"": 1, ""delta"": 1}, {""direction"": 9, ""x_off"": 46, ""y_off"": 223, ""mask"": 1, ""alpha"": 0, ""beta"": 1, ""bp_dir"": 1, ""sigma"": 1, ""block_idx"": 3, ""delta"": 1}, {""direction"": 15, ""x_off"": 320, ""y_off"": 397, ""mask"": 1, ""alpha"": 0, ""beta"": 1, ""bp_dir"": 1, ""sigma"": 1, ""block_idx"": 1, ""delta"": 1}], ""hist"": [-0.291451, -0.259323, -0.210842, -0.178898, -0.14082, -0.139496, -0.139336, -0.136707, -0.136707, -0.136707, -0.087757, -0.087757, -0.087055, -0.087055, -0.087055, -0.086662, -0.068169, -0.068169, -0.068169, -0.067898, -0.067898, -0.067387, -0.067387, -0.067387, -0.067356, -0.067009, -0.067009, -0.067009, -0.067009, -0.067009, -0.067009, -0.067009, -0.067009, -0.067009, -0.067009, -0.066936, -0.066936, -0.066936, -0.066936, -0.066936, -0.066936, -0.050369, -0.05022, -0.049789, -0.049671, -0.049671, -0.049671, -0.049671, -0.049541, -0.049541, -0.049541, -0.04945, -0.04945, -0.04945, -0.04945, -0.04945, -0.04945, -0.049358, -0.049358, -0.049358, -0.049358, -0.049358, -0.049358, -0.049358, -0.049358, -0.049358, -0.049358, -0.049358, -0.049358, -0.049358, -0.049358, -0.049358, -0.049358, -0.049355, -0.049355, -0.049355, -0.049355, -0.049355, -0.049355, -0.049355, -0.049355, -0.049355, -0.049355, -0.049355, -0.049355, -0.049355, -0.049355, -0.049355, -0.049355, -0.049355, -0.049355, -0.049236, -0.049236, -0.049236, -0.049236, -0.049236, -0.049236, -0.049236, -0.049236, -0.049236, -0.049236]}"
AMDT,0.1,279,0,61.1948468013766,0.9997447728390563,0.04938507080078125,0.9999958557890164,26214,12946,2.0248725475050207,43596930.98143056,True,True,3.384739490225911,3.3806777080000074,987,41,16,"{""chromosomes"": [{""direction"": 9, ""x_off"": 490, ""y_off"": 376, ""mask"": 1, ""alpha"": 0, ""beta"": 0, ""bp_dir"": 1, ""sigma"": 1, ""block_idx"": 1, ""delta"": 1}, {""direction"": 11, ""x_off"": 241, ""y_off"": 219, ""mask"": 1, ""alpha"": 0, ""beta"": 1, ""bp_dir"": 0, ""sigma"": 1, ""block_idx"": 1, ""delta"": 1}, {""direction"": 10, ""x_off"": 134, ""y_off"": 80, ""mask"": 1, ""alpha"": 1, ""beta"": 0, ""bp_dir"": 0, ""sigma"": 1, ""block_idx"": 1, ""delta"": 1}, {""direction"": 15, ""x_off"": 386, ""y_off"": 161, ""mask"": 1, ""alpha"": 1, ""beta"": 1, ""bp_dir"": 1, ""sigma"": 1, ""block_idx"": 1, ""delta"": 1}], ""hist"": [-0.371597, -0.271919, -0.255135, -0.148499, -0.125416, -0.123993, -0.050442, -0.050274, -0.050274, -0.049953, -0.049664, -0.049664, -0.049603, -0.049603, -0.049603, -0.049603, -0.049385, -0.049385, -0.049385, -0.049385, -0.049385, -0.049385, -0.049385, -0.049385, -0.049385, -0.049385, -0.049385, -0.049385, -0.049385, -0.049385, -0.049385, -0.049385, -0.049385, -0.049385, -0.049385, -0.049385, -0.049385, -0.049385, -0.049385, -0.049385, -0.049385, -0.049385]}"
AMDT,0.1,7741,0,61.2210923058964,0.9996088220523359,0.0490875244140625,0.9999914688393685,26214,12868,2.037146409698477,63441245.40714823,True,True,5.680400522425771,5.679822897999998,1677,70,45,"{""chromosomes"": [{""direction"": 3, ""x_off"": 334, ""y_off"": 380, ""mask"": 1, ""alpha"": 1, ""beta"": 1, ""bp_dir"": 0, ""sigma"": 1, ""block_idx"": 3, ""delta"": 1}, {""direction"": 0, ""x_off"": 448, ""y_off"": 472, ""mask"": 1, ""alpha"": 0, ""beta"": 1, ""bp_dir"": 1, ""sigma"": 1, ""block_idx"": 1, ""delta"": 1}, {""direction"": 4, ""x_off"": 181, ""y_off"": 246, ""mask"": 1, ""alpha"": 0, ""beta"": 1, ""bp_dir"": 1, ""sigma"": 1, ""block_idx"": 2, ""delta"": 1}, {""direction"": 4, ""x_off"": 14, ""y_off"": 357, ""mask"": 1, ""alpha"": 0, ""beta"": 1, ""bp_dir"": 0, ""sigma"": 1, ""block_idx"": 0, ""delta"": 1}], ""hist"": [-0.447586, -0.447586, -0.143154, -0.1068, -0.106285, -0.087673, -0.087318, -0.086918, -0.086918, -0.086338, -0.086338, -0.086166, -0.067829, -0.067829, -0.067829, -0.067303, -0.067303, -0.050571, -0.050056, -0.050056, -0.049801, -0.049801, -0.049591, -0.04924, -0.04924, -0.04924, -0.049145, -0.049145, -0.049145, -0.049145, -0.049145, -0.049145, -0.049145, -0.049145, -0.049145, -0.049145, -0.049145, -0.049145, -0.049145, -0.049145, -0.049145, -0.049145, -0.049145, -0.049145, -0.049145, -0.049088, -0.049088, -0.049088, -0.049088, -0.049088, -0.049088, -0.049088, -0.049088, -0.049088, -0.049088, -0.049088, -0.049088, -0.049088, -0.049088, -0.049088, -0.049088, -0.049088, -0.049088, -0.049088, -0.049088, -0.049088, -0.049088, -0.049088, -0.049088, -0.049088, -0.049088]}"
AMDT,0.1,5559,0,61.219405135672375,0.9996993638419669,0.049106597900390625,0.999994915876459,26214,12873,2.0363551619669074,9369652.509361163,True,True,6.296124881133437,6.294862040999988,1866,78,53,"{""chromosomes"": [{""direction"": 6, ""x_off"": 417, ""y_off"": 393, ""mask"": 1, ""alpha"": 1, ""beta"": 1, ""bp_dir"": 1, ""sigma"": 1, ""block_idx"": 1, ""delta"": 1}, {""direction"": 1, ""x_off"": 73, ""y_off"": 462, ""mask"": 1, ""alpha"": 1, ""beta"": 1, ""bp_dir"": 0, ""sigma"": 1, ""block_idx"": 1, ""delta"": 1}, {""direction"": 7, ""x_off"": 171, ""y_off"": 79, ""mask"": 1, ""alpha"": 1, ""beta"": 1, ""bp_dir"": 0, ""sigma"": 1, ""block_idx"": 2, ""delta"": 1}, {""direction"": 7, ""x_off"": 193, ""y_off"": 59, ""mask"": 1, ""alpha"": 1, ""beta"": 1, ""bp_dir"": 0, ""sigma"": 1, ""block_idx"": 2, ""delta"": 1}], ""hist"": [-0.50264, -0.443478, -0.293091, -0.293091, -0.162422, -0.162422, -0.162422, -0.162422, -0.161747, -0.126873, -0.126873, -0.106525, -0.105602, -0.105602, -0.104572, -0.104439, -0.104107, -0.104107, -0.103741, -0.103741, -0.103741, -0.103741, -0.087288, -0.087288, -0.085484, -0.085484, -0.068233, -0.067947, -0.066936, -0.051449, -0.051449, -0.049683, -0.049683, -0.049683, -0.049683, -0.049683, -0.049599, -0.049599, -0.049599, -0.049599, -0.049492, -0.049492, -0.049473, -0.049438, -0.049385, -0.049385, -0.049385, -0.049385, -0.049385, -0.049385, -0.049385, -0.049385, -0.049335, -0.049107, -0.049107, -0.049107, -0.049107, -0.049107, -0.049107, -0.049107, -0.049107, -0.049107, -0.049107, -0.049107, -0.049107, -0.049107, -0.049107, -0.049107, -0.049107, -0.049107, -0.049107, -0.049107, -0.049107, -0.049107, -0.049107, -0.049107, -0.049107, -0.049107, -0.049107]}"
AMDT,0.2,8091,0,58.22905567499749,0.9989680964915532,0.0977630615234375,0.9999547427941946,52429,25628,2.0457702512876543,559406397.6606163,True,True,7.704027318395674,7.703365695000002,1749,73,48,"{""chromosomes"": [{""direction"": 8, ""x_off"": 100, ""y_off"": 34, ""mask"": 1, ""alpha"": 0, ""beta"": 0, ""bp_dir"": 1, ""sigma"": 1, ""block_idx"": 3, ""delta"": 1}, {""direction"": 8, ""x_off"": 278, ""y_off"": 372, ""mask"": 1, ""alpha"": 0, ""beta"": 1, ""bp_dir"": 1, ""sigma"": 1, ""block_idx"": 2, ""delta"": 1}, {""direction"": 13, ""x_off"": 119, ""y_off"": 403, ""mask"": 1, ""alpha"": 0, ""beta"": 0, ""bp_dir"": 0, ""sigma"": 1, ""block_idx"": 0, ""delta"": 1}, {""direction"": 8, ""x_off"": 426, ""y_off"": 441, ""mask"": 1, ""alpha"": 1, ""beta"": 1, ""bp_dir"": 0, ""sigma"": 1, ""block_idx"": 3, ""delta"": 1}]}"
AMDT,0.2,6260,0,58.18018797290612,0.9992219215207817,0.09886932373046875,0.9999111392771978,52429,25918,2.0228798518404196,29118.451889023185,True,True,5.0043054251000285,5.0039397759999815,1132,47,22,"{""chromosomes"": [{""direction"": 13, ""x_off"": 456, ""y_off"": 102, ""mask"": 1, ""alpha"": 0, ""beta"": 0, ""bp_dir"": 1, ""sigma"": 1, ""block_idx"": 2, ""delta"": 1}, {""direction"": 6, ""x_off"": 41, ""y_off"": 207, ""mask"": 1, ""alpha"": 1, ""beta"": 1, ""bp_dir"": 0, ""sigma"": 1, ""block_idx"": 0, ""delta"": 1}, {""direction"": 0, ""x_off"": 191, ""y_off"": 423, ""mask"": 1, ""alpha"": 1, ""beta"": 0, ""bp_dir"": 1, ""sigma"": 1, ""block_idx"": 0, ""delta"": 1}, {""direction"": 0, ""x_off"": 21, ""y_off"": 209, ""mask"": 1, ""alpha"": 0, ""beta"": 1, ""bp_dir"": 0, ""sigma"": 1, ""block_idx"": 1, ""delta"": 1}]}"
AMDT,0.2,9642,0,58.19411816937891,0.9993833956804511,0.09855270385742188,0.9999682691396566,52429,25835,2.02937874975808,36075323.0637386,True,True,10.708304638043046,10.705955208999995,2386,100,92,"{""chromosomes"": [{""direction"": 3, ""x_off"": 378, ""y_off"": 172, ""mask"": 1, ""alpha"": 0, ""beta"": 1, ""bp_dir"": 0, ""sigma"": 1, ""block_idx"": 2, ""delta"": 1}, {""direction"": 2, ""x_off"": 59, ""y_off"": 141, ""mask"": 1, ""alpha"": 1, ""beta"": 1, ""bp_dir"": 1, ""sigma"": 1, ""block_idx"": 1, ""delta"": 1}, {""direction"": 2, ""x_off"": 209, ""y_off"": 290, ""mask"": 1, ""alpha"": 0, ""beta"": 1, ""bp_dir"": 0, ""sigma"": 1, ""block_idx"": 0, ""delta"": 1}, {""direction"": 4, ""x_off"": 194, ""y_off"": 425, ""mask"": 1, ""alpha"": 0, ""beta"": 0, ""bp_dir"": 1, ""sigma"": 1, ""block_idx"": 0, ""delta"": 1}]}"
AMDT,0.2,8444,0,58.192269428304606,0.9992486869727575,0.09859466552734375,0.9999703676908795,52429,25846,2.0285150506848253,128100519.61706729,True,True,9.918617746792734,9.917574129999991,2378,100,94,"{""chromosomes"": [{""direction"": 0, ""x_off"": 355, ""y_off"": 7, ""mask"": 1, ""alpha"": 1, ""beta"": 0, ""bp_dir"": 0, ""sigma"": 1, ""block_idx"": 3, ""delta"": 1}, {""direction"": 1, ""x_off"": 348, ""y_off"": 176, ""mask"": 1, ""alpha"": 0, ""beta"": 0, ""bp_dir"": 0, ""sigma"": 1, ""block_idx"": 3, ""delta"": 1}, {""direction"": 10, ""x_off"": 255, ""y_off"": 453, ""mask"": 1, ""alpha"": 0, ""beta"": 0, ""bp_dir"": 0, ""sigma"": 1, ""block_idx"": 2, ""delta"": 1}, {""direction"": 6, ""x_off"": 186, ""y_off"": 174, ""mask"": 1, ""alpha"": 1, ""beta"": 0, ""bp_dir"": 1, ""sigma"": 1, ""block_idx"": 2, ""delta"": 1}]}"
AMDT,0.2,1264,0,58.18370826032069,0.9992399629928559,0.09878921508789062,0.9999917170980899,52429,25897,2.024520214696683,25218.248950727284,True,True,10.476828958839178,10.476364327999988,2374,100,78,"{""chromosomes"": [{""direction"": 3, ""x_off"": 273, ""y_off"": 490, ""mask"": 1, ""alpha"": 1, ""beta"": 0, ""bp_dir"": 0, ""sigma"": 1, ""block_idx"": 0, ""delta"": 1}, {""direction"": 4, ""x_off"": 220, ""y_off"": 29, ""mask"": 1, ""alpha"": 0, ""beta"": 1, ""bp_dir"": 0, ""sigma"": 1, ""block_idx"": 1, ""delta"": 1}, {""direction"": 1, ""x_off"": 209, ""y_off"": 297, ""mask"": 1, ""alpha"": 0, ""beta"": 0, ""bp_dir"": 0, ""sigma"": 1, ""block_idx"": 1, ""delta"": 1}, {""direction"": 6, ""x_off"": 105, ""y_off"": 184, ""mask"": 1, ""alpha"": 1, ""beta"": 1, ""bp_dir"": 1, ""sigma"": 1, ""block_idx"": 0, ""delta"": 1}]}"
AMDT,0.2,7865,0,58.20337369802188,0.9990902865919187,0.0983428955078125,0.9999899148773445,52429,25780,2.033708301008534,36584.241467669606,True,True,10.797624666243792,10.796759622999986,2380,100,87,"{""chromosomes"": [{""direction"": 13, ""x_off"": 397, ""y_off"": 303, ""mask"": 1, ""alpha"": 0, ""beta"": 0, ""bp_dir"": 1, ""sigma"": 1, ""block_idx"": 1, ""delta"": 1}, {""direction"": 13, ""x_off"": 251, ""y_off"": 111, ""mask"": 1, ""alpha"": 0, ""beta"": 1, ""bp_dir"": 1, ""sigma"": 1, ""block_idx"": 0, ""delta"": 1}, {""direction"": 9, ""x_off"": 22, ""y_off"": 252, ""mask"": 1, ""alpha"": 0, ""beta"": 1, ""bp_dir"": 1, ""sigma"": 1, ""block_idx"": 0, ""delta"": 1}, {""direction"": 9, ""x_off"": 331, ""y_off"": 92, ""mask"": 1, ""alpha"": 0, ""beta"": 0, ""bp_dir"": 1, ""sigma"": 1, ""block_idx"": 2, ""delta"": 1}]}"
AMDT,0.2,5263,0,58.19546320282051,0.9996115073030675,0.09852218627929688,0.999904637887587,52429,25827,2.0300073566422734,8005.380323469639,True,True,8.059542967006564,8.058663332000009,1805,75,50,"{""chromosomes"": [{""direction"": 10, ""x_off"": 130, ""y_off"": 251, ""mask"": 1, ""alpha"": 1, ""beta"": 0, ""bp_dir"": 1, ""sigma"": 1, ""block_idx"": 2, ""delta"": 1}, {""direction"": 14, ""x_off"": 167, ""y_off"": 419, ""mask"": 1, ""alpha"": 1, ""beta"": 1, ""bp_dir"": 0, ""sigma"": 1, ""block_idx"": 2, ""delta"": 1}, {""direction"": 13, ""x_off"": 233, ""y_off"": 19, ""mask"": 1, ""alpha"": 0, ""beta"": 1, ""bp_dir"": 1, ""sigma"": 1, ""block_idx"": 2, ""delta"": 1}, {""direction"": 1, ""x_off"": 250, ""y_off"": 255, ""mask"": 1, ""alpha"": 0, ""beta"": 1, ""bp_dir"": 0, ""sigma"": 1, ""block_idx"": 0, ""delta"": 1}]}"
AMDT,0.2,279,0,58.18354056286651,0.9994120824099496,0.09879302978515625,0.9999917096935343,52429,25898,2.024442041856514,479599633.06355745,True,True,8.98833139333874,8.987905860000012,2125,89,64,"{""chromosomes"": [{""direction"": 6, ""x_off"": 141, ""y_off"": 5, ""mask"": 1, ""alpha"": 1, ""beta"": 1, ""bp_dir"": 0, ""sigma"": 1, ""block_idx"": 3, ""delta"": 1}, {""direction"": 15, ""x_off"": 506, ""y_off"": 118, ""mask"": 1, ""alpha"": 1, ""beta"": 0, ""bp_dir"": 0, ""sigma"": 1, ""block_idx"": 1, ""delta"": 1}, {""direction"": 8, ""x_off"": 483, ""y_off"": 29, ""mask"": 1, ""alpha"": 1, ""beta"": 0, ""bp_dir"": 1, ""sigma"": 1, ""block_idx"": 2, ""delta"": 1}, {""direction"": 7, ""x_off"": 410, ""y_off"": 238, ""mask"": 1, ""alpha"": 0, ""beta"": 1, ""bp_dir"": 1, ""sigma"": 1, ""block_idx"": 2, ""delta"": 1}]}"
AMDT,0.2,7741,0,58.18974968536408,0.9992932654053368,0.09865188598632812,0.9999828548872581,52429,25861,2.027338463323151,24310564.159008637,True,True,10.535268312320113,10.534952258000004,2377,100,90,"{""chromosomes"": [{""direction"": 6, ""x_off"": 298, ""y_off"": 123, ""mask"": 1, ""alpha"": 0, ""beta"": 0, ""bp_dir"": 0, ""sigma"": 1, ""block_idx"": 2, ""delta"": 1}, {""direction"": 13, ""x_off"": 7, ""y_off"": 28, ""mask"": 1, ""alpha"": 0, ""beta"": 1, ""bp_dir"": 0, ""sigma"": 1, ""block_idx"": 0, ""delta"": 1}, {""direction"": 6, ""x_off"": 177, ""y_off"": 329, ""mask"": 1, ""alpha"": 1, ""beta"": 1, ""bp_dir"": 0, ""sigma"": 1, ""block_idx"": 1, ""delta"": 1}, {""direction"": 9, ""x_off"": 40, ""y_off"": 255, ""mask"": 1, ""alpha"": 1, ""beta"": 1, ""bp_dir"": 1, ""sigma"": 1, ""block_idx"": 2, ""delta"": 1}]}"
AMDT,0.2,5559,0,58.218392736863706,0.999252302560274,0.09800338745117188,0.9999898534438696,52429,25691,2.0407535712895566,108183130.82700291,True,True,10.258850182406604,10.257657797999997,2386,100,90,"{""chromosomes"": [{""direction"": 8, ""x_off"": 371, ""y_off"": 270, ""mask"": 1, ""alpha"": 0, ""beta"": 1, ""bp_dir"": 0, ""sigma"": 1, ""block_idx"": 1, ""delta"": 1}, {""direction"": 12, ""x_off"": 51, ""y_off"": 224, ""mask"": 1, ""alpha"": 0, ""beta"": 1, ""bp_dir"": 1, ""sigma"": 1, ""block_idx"": 1, ""delta"": 1}, {""direction"": 9, ""x_off"": 108, ""y_off"": 222, ""mask"": 1, ""alpha"": 1, ""beta"": 1, ""bp_dir"": 1, ""sigma"": 1, ""block_idx"": 2, ""delta"": 1}, {""direction"": 5, ""x_off"": 371, ""y_off"": 389, ""mask"": 1, ""alpha"": 0, ""beta"": 0, ""bp_dir"": 0, ""sigma"": 1, ""block_idx"": 2, ""delta"": 1}]}"
AMDT,0.4,8091,0,55.17726713342762,0.9975966656757497,0.1974029541015625,0.9999086336770807,104858,51748,2.026319857772281,1098619099.519689,True,True,15.257046522572637,15.251347436000003,2375,100,95,"{""chromosomes"": [{""direction"": 6, ""x_off"": 152, ""y_off"": 412, ""mask"": 1, ""alpha"": 1, ""beta"": 0, ""bp_dir"": 0, ""sigma"": 1, ""block_idx"": 0, ""delta"": 1}, {""direction"": 5, ""x_off"": 468, ""y_off"": 473, ""mask"": 1, ""alpha"": 1, ""beta"": 1, ""bp_dir"": 0, ""sigma"": 1, ""block_idx"": 0, ""delta"": 1}, {""direction"": 12, ""x_off"": 316, ""y_off"": 48, ""mask"": 1, ""alpha"": 0, ""beta"": 0, ""bp_dir"": 1, ""sigma"": 1, ""block_idx"": 1, ""delta"": 1}, {""direction"": 7, ""x_off"": 178, ""y_off"": 467, ""mask"": 1, ""alpha"": 1, ""beta"": 0, ""bp_dir"": 0, ""sigma"": 1, ""block_idx"": 2, ""delta"": 1}]}"
AMDT,0.4,6260,0,55.17189925965777,0.9985204501556237,0.1976470947265625,0.9998223914171828,104858,51812,2.0238168763992896,57274.54353411496,True,True,11.007333005778491,11.005599462999982,1673,70,45,"{""chromosomes"": [{""direction"": 13, ""x_off"": 171, ""y_off"": 440, ""mask"": 1, ""alpha"": 0, ""beta"": 0, ""bp_dir"": 0, ""sigma"": 1, ""block_idx"": 1, ""delta"": 1}, {""direction"": 9, ""x_off"": 91, ""y_off"": 174, ""mask"": 1, ""alpha"": 0, ""beta"": 0, ""bp_dir"": 1, ""sigma"": 1, ""block_idx"": 0, ""delta"": 1}, {""direction"": 12, ""x_off"": 357, ""y_off"": 129, ""mask"": 1, ""alpha"": 1, ""beta"": 0, ""bp_dir"": 1, ""sigma"": 1, ""block_idx"": 1, ""delta"": 1}, {""direction"": 11, ""x_off"": 192, ""y_off"": 165, ""mask"": 1, ""alpha"": 0, ""beta"": 0, ""bp_dir"": 0, ""sigma"": 1, ""block_idx"": 0, ""delta"": 1}]}"
AMDT,0.4,9642,0,55.16570091501927,0.9989296887531746,0.19792938232421875,0.9999362751590346,104858,51886,2.0209305014840226,62604621.47327977,True,True,14.099547361955047,14.097511552999975,2330,98,73,"{""chromosomes"": [{""direction"": 4, ""x_off"": 179, ""y_off"": 444, ""mask"": 1, ""alpha"": 0, ""beta"": 0, ""bp_dir"": 0, ""sigma"": 1, ""block_idx"": 1, ""delta"": 1}, {""direction"": 1, ""x_off"": 406, ""y_off"": 310, ""mask"": 1, ""alpha"": 0, ""beta"": 0, ""bp_dir"": 0, ""sigma"": 1, ""block_idx"": 1, ""delta"": 1}, {""direction"": 12, ""x_off"": 62, ""y_off"": 368, ""mask"": 1, ""alpha"": 0, ""beta"": 0, ""bp_dir"": 1, ""sigma"": 1, ""block_idx"": 3, ""delta"": 1}, {""direction"": 9, ""x_off"": 49, ""y_off"": 233, ""mask"": 1, ""alpha"": 0, ""beta"": 0, ""bp_dir"": 0, ""sigma"": 1, ""block_idx"": 3, ""delta"": 1}]}"
AMDT,0.4,8444,0,55.1886117969653,0.9985142795153581,0.19688796997070312,0.999940824520927,104858,51613,2.031619940712611,64115540.27422704,True,True,9.966465094126761,9.96536371000002,1632,68,43,"{""chromosomes"": [{""direction"": 6, ""x_off"": 384, ""y_off"": 511, ""mask"": 1, ""alpha"": 1, ""beta"": 0, ""bp_dir"": 1, ""sigma"": 1, ""block_idx"": 0, ""delta"": 1}, {""direction"": 1, ""x_off"": 370, ""y_off"": 483, ""mask"": 1, ""alpha"": 1, ""beta"": 0, ""bp_dir"": 1, ""sigma"": 1, ""block_idx"": 1, ""delta"": 1}, {""direction"": 7, ""x_off"": 214, ""y_off"": 150, ""mask"": 1, ""alpha"": 1, ""beta"": 1, ""bp_dir"": 1, ""sigma"": 1, ""block_idx"": 2, ""delta"": 1}, {""direction"": 1, ""x_off"": 25, ""y_off"": 27, ""mask"": 1, ""alpha"": 0, ""beta"": 1, ""bp_dir"": 1, ""sigma"": 1, ""block_idx"": 3, ""delta"": 1}]}"
AMDT,0.4,1264,0,55.16863146196847,0.9983212025919499,0.19779586791992188,0.999983416280148,104858,51851,2.0222946519835685,91991809.00783864,True,True,8.829293855465949,8.829136548999998,1440,60,35,"{""chromosomes"": [{""direction"": 14, ""x_off"": 50, ""y_off"": 125, ""mask"": 1, ""alpha"": 0, ""beta"": 0, ""bp_dir"": 0, ""sigma"": 1, ""block_idx"": 1, ""delta"": 1}, {""direction"": 8, ""x_off"": 220, ""y_off"": 164, ""mask"": 1, ""alpha"": 1, ""beta"": 1, ""bp_dir"": 1, ""sigma"": 1, ""block_idx"": 0, ""delta"": 1}, {""direction"": 10, ""x_off"": 62, ""y_off"": 467, ""mask"": 1, ""alpha"": 1, ""beta"": 0, ""bp_dir"": 1, ""sigma"": 1, ""block_idx"": 3, ""delta"": 1}, {""direction"": 7, ""x_off"": 42, ""y_off"": 196, ""mask"": 1, ""alpha"": 0, ""beta"": 1, ""bp_dir"": 1, ""sigma"": 1, ""block_idx"": 3, ""delta"": 1}]}"
AMDT,0.4,7865,0,55.16838019473042,0.9982183868581181,0.19780731201171875,0.999979714598157,104858,51854,2.0221776526401047,596345.2080862522,True,True,14.970652846619487,14.966915323000023,2373,100,84,"{""chromosomes"": [{""direction"": 15, ""x_off"": 1, ""y_off"": 9, ""mask"": 1, ""alpha"": 1, ""beta"": 1, ""bp_dir"": 0, ""sigma"": 1, ""block_idx"": 2, ""delta"": 1}, {""direction"": 11, ""x_off"": 26, ""y_off"": 434, ""mask"": 1, ""alpha"": 1, ""beta"": 1, ""bp_dir"": 1, ""sigma"": 1, ""block_idx"": 2, ""delta"": 1}, {""direction"": 7, ""x_off"": 111, ""y_off"": 4, ""mask"": 1, ""alpha"": 1, ""beta"": 0, ""bp_dir"": 0, ""sigma"": 1, ""block_idx"": 0, ""delta"": 1}, {""direction"": 9, ""x_off"": 181, ""y_off"": 341, ""mask"": 1, ""alpha"": 1, ""beta"": 0, ""bp_dir"": 0, ""sigma"": 1, ""block_idx"": 0, ""delta"": 1}]}"
AMDT,0.4,5263,0,55.157589432865606,0.9991990512816029,0.19829940795898438,0.9998080836500777,104858,51983,2.017159455975992,18637.281459763646,True,True,13.711698284372687,13.71122589700002,2186,92,67,"{""chromosomes"": [{""direction"": 13, ""x_off"": 511, ""y_off"": 96, ""mask"": 1, ""alpha"": 1, ""beta"": 1, ""bp_dir"": 0, ""sigma"": 1, ""block_idx"": 2, ""delta"": 1}, {""direction"": 15, ""x_off"": 134, ""y_off"": 204, ""mask"": 1, ""alpha"": 0, ""beta"": 1, ""bp_dir"": 0, ""sigma"": 1, ""block_idx"": 3, ""delta"": 1}, {""direction"": 14, ""x_off"": 52, ""y_off"": 480, ""mask"": 1, ""alpha"": 1, ""beta"": 0, ""bp_dir"": 0, ""sigma"": 1, ""block_idx"": 1, ""delta"": 1}, {""direction"": 11, ""x_off"": 219, ""y_off"": 156, ""mask"": 1, ""alpha"": 1, ""beta"": 1, ""bp_dir"": 1, ""sigma"": 1, ""block_idx"": 0, ""delta"": 1}]}"
AMDT,0.4,279,0,55.17131255078148,0.9990614461218381,0.19767379760742188,0.9999834257519277,104858,51819,2.02354348790984,8768264372.25007,True,True,15.384406347759068,15.383419016999994,2375,100,83,"{""chromosomes"": [{""direction"": 3, ""x_off"": 476, ""y_off"": 29, ""mask"": 1, ""alpha"": 1, ""beta"": 1, ""bp_dir"": 0, ""sigma"": 1, ""block_idx"": 2, ""delta"": 1}, {""direction"": 13, ""x_off"": 256, ""y_off"": 10, ""mask"": 1, ""alpha"": 0, ""beta"": 0, ""bp_dir"": 0, ""sigma"": 1, ""block_idx"": 1, ""delta"": 1}, {""direction"": 13, ""x_off"": 122, ""y_off"": 104, ""mask"": 1, ""alpha"": 0, ""beta"": 0, ""bp_dir"": 0, ""sigma"": 1, ""block_idx"": 0, ""delta"": 1}, {""direction"": 6, ""x_off"": 127, ""y_off"": 499, ""mask"": 1, ""alpha"": 0, ""beta"": 1, ""bp_dir"": 1, ""sigma"": 1, ""block_idx"": 0, ""delta"": 1}]}"
AMDT,0.4,7741,0,55.18499509421788,0.9985735391625868,0.197052001953125,0.999965755477304,104858,51656,2.0299287594858293,298309827.9844594,True,True,13.817326929420233,13.817120454000019,2215,93,68,"{""chromosomes"": [{""direction"": 6, ""x_off"": 417, ""y_off"": 67, ""mask"": 1, ""alpha"": 0, ""beta"": 1, ""bp_dir"": 0, ""sigma"": 1, ""block_idx"": 0, ""delta"": 1}, {""direction"": 3, ""x_off"": 77, ""y_off"": 93, ""mask"": 1, ""alpha"": 1, ""beta"": 0, ""bp_dir"": 1, ""sigma"": 1, ""block_idx"": 2, ""delta"": 1}, {""direction"": 3, ""x_off"": 199, ""y_off"": 401, ""mask"": 1, ""alpha"": 0, ""beta"": 0, ""bp_dir"": 1, ""sigma"": 1, ""block_idx"": 1, ""delta"": 1}, {""direction"": 6, ""x_off"": 73, ""y_off"": 420, ""mask"": 1, ""alpha"": 0, ""beta"": 0, ""bp_dir"": 1, ""sigma"": 1, ""block_idx"": 1, ""delta"": 1}]}"
AMDT,0.4,5559,0,55.184238490943244,0.9986827325926275,0.19708633422851562,0.9999795946221851,104858,51665,2.029575147585406,1732794190.1714358,True,True,13.291297226212919,13.287697135999963,2142,90,65,"{""chromosomes"": [{""direction"": 5, ""x_off"": 304, ""y_off"": 244, ""mask"": 1, ""alpha"": 1, ""beta"": 1, ""bp_dir"": 0, ""sigma"": 1, ""block_idx"": 2, ""delta"": 1}, {""direction"": 10, ""x_off"": 425, ""y_off"": 291, ""mask"": 1, ""alpha"": 0, ""beta"": 1, ""bp_dir"": 1, ""sigma"": 1, ""block_idx"": 1, ""delta"": 1}, {""direction"": 4, ""x_off"": 367, ""y_off"": 458, ""mask"": 1, ""alpha"": 1, ""beta"": 0, ""bp_dir"": 0, ""sigma"": 1, ""block_idx"": 3, ""delta"": 1}, {""direction"": 9, ""x_off"": 219, ""y_off"": 91, ""mask"": 1, ""alpha"": 1, ""beta"": 1, ""bp_dir"": 0, ""sigma"": 1, ""block_idx"": 2, ""delta"": 1}]}"
AMDT-D,0.05,8091,0,64.20581774215356,0.9999727638345454,0.024688720703125,0.9999885706712338,13107,6472,2.025185414091471,1643.9340266920626,True,True,3.4079469991847873,3.4074105950000004,2366,100,91,"{""chromosomes"": [{""direction"": 9, ""x_off"": 169, ""y_off"": 398, ""alpha"": 0, ""beta"": 0, ""sigma"": 1, ""block_idx"": 3, ""delta"": 1, ""gate"": 1}, {""direction"": 10, ""x_off"": 35, ""y_off"": 189, ""alpha"": 0, ""beta"": 0, ""sigma"": 1, ""block_idx"": 3, ""delta"": 1, ""gate"": 1}, {""direction"": 10, ""x_off"": 294, ""y_off"": 0, ""alpha"": 0, ""beta"": 0, ""sigma"": 1, ""block_idx"": 0, ""delta"": 1, ""gate"": 1}, {""direction"": 15, ""x_off"": 386, ""y_off"": 406, ""alpha"": 1, ""beta"": 1, ""sigma"": 1, ""block_idx"": 0, ""delta"": 1, ""gate"": 1}], ""gates"": [1.25, 1.25, 1.25, 1.25]}"
AMDT-D,0.05,6260,0,64.22801857727448,0.9999083864484143,0.024562835693359375,0.9999779202715854,13107,6439,2.035564528653518,2510.813784480095,True,True,2.622448711656034,2.6218885689999993,1737,73,48,"{""chromosomes"": [{""direction"": 8, ""x_off"": 115, ""y_off"": 89, ""alpha"": 1, ""beta"": 0, ""sigma"": 1, ""block_idx"": 1, ""delta"": 1, ""gate"": 1}, {""direction"": 15, ""x_off"": 290, ""y_off"": 71, ""alpha"": 1, ""beta"": 0, ""sigma"": 1, ""block_idx"": 3, ""delta"": 1, ""gate"": 1}, {""direction"": 11, ""x_off"": 67, ""y_off"": 203, ""alpha"": 1, ""beta"": 0, ""sigma"": 1, ""block_idx"": 2, ""delta"": 1, ""gate"": 1}, {""direction"": 9, ""x_off"": 25, ""y_off"": 8, ""alpha"": 1, ""beta"": 0, ""sigma"": 1, ""block_idx"": 0, ""delta"": 1, ""gate"": 1}], ""gates"": [1.25, 1.25, 1.25, 1.25]}"
AMDT-D,0.05,9642,0,64.21925924102648,0.9999484379329595,0.0246124267578125,0.9999920754757807,13107,6452,2.031463112213267,25800927.997739166,True,True,2.0354092000052333,2.035136302999999,1280,54,29,"{""chromosomes"": [{""direction"": 15, ""x_off"": 179, ""y_off"": 491, ""alpha"": 1, ""beta"": 0, ""sigma"": 1, ""block_idx"": 0, ""delta"": 1, ""gate"": 1}, {""direction"": 14, ""x_off"": 153, ""y_off"": 158, ""alpha"": 0, ""beta"": 1, ""sigma"": 1, ""block_idx"": 3, ""delta"": 1, ""gate"": 1}, {""direction"": 9, ""x_off"": 129, ""y_off"": 100, ""alpha"": 0, ""beta"": 1, ""sigma"": 1, ""block_idx"": 3, ""delta"": 1, ""gate"": 1}, {""direction"": 0, ""x_off"": 138, ""y_off"": 212, ""alpha"": 0, ""beta"": 1, ""sigma"": 1, ""block_idx"": 0, ""delta"": 1, ""gate"": 1}], ""gates"": [1.25, 1.25, 1.25, 1.25]}"
AMDT-D,0.05,8444,0,64.19442508660818,0.9999322647071973,0.024753570556640625,0.9999925601364503,13107,6489,2.0198797965788255,3043.7282971963286,True,True,3.21024904679507,3.2098406940000004,2194,92,67,"{""chromosomes"": [{""direction"": 10, ""x_off"": 504, ""y_off"": 368, ""alpha"": 0, ""beta"": 0, ""sigma"": 1, ""block_idx"": 2, ""delta"": 1, ""gate"": 1}, {""direction"": 4, ""x_off"": 367, ""y_off"": 24, ""alpha"": 1, ""beta"": 0, ""sigma"": 1, ""block_idx"": 3, ""delta"": 1, ""gate"": 1}, {""direction"": 4, ""x_off"": 138, ""y_off"": 465, ""alpha"": 0, ""beta"": 1, ""sigma"": 1, ""block_idx"": 3, ""delta"": 1, ""gate"": 1}, {""direction"": 15, ""x_off"": 153, ""y_off"": 296, ""alpha"": 0, ""beta"": 0, ""sigma"": 1, ""block_idx"": 1, ""delta"": 1, ""gate"": 1}], ""gates"": [1.25, 1.25, 1.25, 1.25]}"
AMDT-D,0.05,1264,0,64.21858617712446,0.9999468299600177,0.024616241455078125,0.9999979360422633,13107,6453,2.0311483031148305,2369.269634820521,True,True,3.529368443414569,3.5291138449999977,2370,100,95,"{""chromosomes"": [{""direction"": 3, ""x_off"": 71, ""y_off"": 129, ""alpha"": 0, ""beta"": 1, ""sigma"": 1, ""block_idx"": 1, ""delta"": 1, ""gate"": 3}, {""direction"": 14, ""x_off"": 444, ""y_off"": 260, ""alpha"": 1, ""beta"": 0, ""sigma"": 1, ""block_idx"": 0, ""delta"": 1, ""gate"": 1}, {""direction"": 7, ""x_off"": 126, ""y_off"": 21, ""alpha"": 0, ""beta"": 0, ""sigma"": 1, ""block_idx"": 0, ""delta"": 1, ""gate"": 1}, {""direction"": 6, ""x_off"": 121, ""y_off"": 162, ""alpha"": 1, ""beta"": 1, ""sigma"": 1, ""block_idx"": 2, ""delta"": 1, ""gate"": 1}], ""gates"": [2.5, 1.25, 1.25, 1.25]}"
AMDT-D,0.05,7865,0,64.20716002150871,0.9999169627950305,0.02468109130859375,0.9999974689660669,13107,6470,2.0258114374034,4679.650968663394,True,True,2.8301636120304465,2.8299549410000004,1905,81,56,"{""chromosomes"": [{""direction"": 4, ""x_off"": 210, ""y_off"": 44, ""alpha"": 1, ""beta"": 0, ""sigma"": 1, ""block_idx"": 0, ""delta"": 1, ""gate"": 1}, {""direction"": 0, ""x_off"": 423, ""y_off"": 206, ""alpha"": 0, ""beta"": 0, ""sigma"": 1, ""block_idx"": 3, ""delta"": 1, ""gate"": 1}, {""direction"": 5, ""x_off"": 374, ""y_off"": 411, ""alpha"": 0, ""beta"": 1, ""sigma"": 1, ""block_idx"": 0, ""delta"": 1, ""gate"": 1}, {""direction"": 2, ""x_off"": 46, ""y_off"": 144, ""alpha"": 0, ""beta"": 0, ""sigma"": 1, ""block_idx"": 0, ""delta"": 1, ""gate"": 1}], ""gates"": [1.25, 1.25, 1.25, 1.25]}"
AMDT-D,0.05,5263,0,64.29188656388848,0.9999381965615687,0.024204254150390625,0.9999765689332135,13107,6345,2.0657210401891253,1417.7776683419943,True,True,1.9476660545915365,1.947596866999998,1152,48,23,"{""chromosomes"": [{""direction"": 15, ""x_off"": 106, ""y_off"": 97, ""alpha"": 0, ""beta"": 0, ""sigma"": 1, ""block_idx"": 1, ""delta"": 1, ""gate"": 2}, {""direction"": 14, ""x_off"": 249, ""y_off"": 262, ""alpha"": 1, ""beta"": 1, ""sigma"": 1, ""block_idx"": 1, ""delta"": 1, ""gate"": 1}, {""direction"": 1, ""x_off"": 292, ""y_off"": 65, ""alpha"": 0, ""beta"": 1, ""sigma"": 1, ""block_idx"": 2, ""delta"": 1, ""gate"": 1}, {""direction"": 15, ""x_off"": 155, ""y_off"": 372, ""alpha"": 0, ""beta"": 0, ""sigma"": 1, ""block_idx"": 3, ""delta"": 1, ""gate"": 1}], ""gates"": [1.6, 1.25, 1.25, 1.25]}"
AMDT-D,0.05,279,0,64.25101148738867,0.9999654594019447,0.024433135986328125,0.9999979497029795,13107,6405,2.046370023419204,907.3415115699172,True,True,1.8286752495914698,1.828577665000001,1159,49,24,"{""chromosomes"": [{""direction"": 2, ""x_off"": 419, ""y_off"": 156, ""alpha"": 0, ""beta"": 1, ""sigma"": 1, ""block_idx"": 0, ""delta"": 1, ""gate"": 1}, {""direction"": 5, ""x_off"": 57, ""y_off"": 225, ""alpha"": 1, ""beta"": 0, ""sigma"": 1, ""block_idx"": 0, ""delta"": 1, ""gate"": 1}, {""direction"": 5, ""x_off"": 442, ""y_off"": 137, ""alpha"": 1, ""beta"": 1, ""sigma"": 1, ""block_idx"": 2, ""delta"": 1, ""gate"": 1}, {""direction"": 0, ""x_off"": 168, ""y_off"": 336, ""alpha"": 1, ""beta"": 0, ""sigma"": 1, ""block_idx"": 3, ""delta"": 1, ""gate"": 1}], ""gates"": [1.25, 1.25, 1.25, 1.25]}"
AMDT-D,0.05,7741,0,64.2239736113015,0.9999261595154683,0.024585723876953125,0.9999957270503521,13107,6445,2.0336695112490304,5744276.595308602,True,True,3.4043554291129112,3.403841396999997,2356,100,95,"{""chromosomes"": [{""direction"": 15, ""x_off"": 41, ""y_off"": 2, ""alpha"": 1, ""beta"": 0, ""sigma"": 1, ""block_idx"": 3, ""delta"": 1, ""gate"": 1}, {""direction"": 5, ""x_off"": 323, ""y_off"": 501, ""alpha"": 1, ""beta"": 0, ""sigma"": 1, ""block_idx"": 2, ""delta"": 1, ""gate"": 1}, {""direction"": 7, ""x_off"": 380, ""y_off"": 433, ""alpha"": 0, ""beta"": 1, ""sigma"": 1, ""block_idx"": 0, ""delta"": 1, ""gate"": 1}, {""direction"": 10, ""x_off"": 248, ""y_off"": 420, ""alpha"": 1, ""beta"": 1, ""sigma"": 1, ""block_idx"": 1, ""delta"": 1, ""gate"": 1}], ""gates"": [1.25, 1.25, 1.25, 1.25]}"
AMDT-D,0.05,5559,0,64.23611982909172,0.999958631204113,0.024517059326171875,0.9999974616571357,13107,6427,2.03936517815466,1198.3656393438578,True,True,3.3660681918263435,3.3650955340000017,2364,100,87,"{""chromosomes"": [{""direction"": 8, ""x_off"": 52, ""y_off"": 347, ""alpha"": 1, ""beta"": 0, ""sigma"": 1, ""block_idx"": 2, ""delta"": 1, ""gate"": 1}, {""direction"": 15, ""x_off"": 178, ""y_off"": 27, ""alpha"": 1, ""beta"": 1, ""sigma"": 1, ""block_idx"": 0, ""delta"": 1, ""gate"": 1}, {""direction"": 3, ""x_off"": 21, ""y_off"": 36, ""alpha"": 1, ""beta"": 1, ""sigma"": 1, ""block_idx"": 1, ""delta"": 1, ""gate"": 1}, {""direction"": 10, ""x_off"": 213, ""y_off"": 391, ""alpha"": 1, ""beta"": 1, ""sigma"": 1, ""block_idx"": 3, ""delta"": 1, ""gate"": 1}], ""gates"": [1.25, 1.25, 1.25, 1.25]}"
AMDT-D,0.1,8091,0,61.22244251415196,0.9999171232869007,0.049072265625,0.9999772823785943,26214,12864,2.0377798507462686,5496.460761003196,True,True,3.800215980038047,3.7989038949999987,2358,100,87,"{""chromosomes"": [{""direction"": 10, ""x_off"": 292, ""y_off"": 400, ""alpha"": 0, ""beta"": 0, ""sigma"": 1, ""block_idx"": 0, ""delta"": 1, ""gate"": 1}, {""direction"": 15, ""x_off"": 307, ""y_off"": 166, ""alpha"": 1, ""beta"": 0, ""sigma"": 1, ""block_idx"": 1, ""delta"": 1, ""gate"": 1}, {""direction"": 14, ""x_off"": 291, ""y_off"": 10, ""alpha"": 1, ""beta"": 1, ""sigma"": 1, ""block_idx"": 0, ""delta"": 1, ""gate"": 1}, {""direction"": 11, ""x_off"": 334, ""y_off"": 501, ""alpha"": 1, ""beta"": 0, ""sigma"": 1, ""block_idx"": 0, ""delta"": 1, ""gate"": 1}], ""gates"": [1.25, 1.25, 1.25, 1.25], ""hist"": [-234081.692, -7774.831, -7656.164, -7487.597, -7254.532, -6959.989, -6895.297, -6725.339, -6146.786, -6135.322, -5839.04, -5839.04, -5724.934, -5710.052, -5649.056, -5604.451, -5604.451, -5595.88, -5572.216, -5572.216, -5422.337, -5402.562, -5402.562, -5369.613, -5369.613, -5323.912, -5323.912, -5323.912, -5323.912, -5323.912, -5260.972, -5260.972, -5260.972, -5260.972, -5260.972, -5260.972, -5260.972, -5238.444, -5236.218, -5236.218, -5236.218, -5236.218, -5236.218, -5236.218, -5236.218, -5236.218, -5236.218, -5236.218, -5236.218, -5236.218, -5236.218, -5236.218, -5236.218, -5236.218, -5236.218, -5236.218, -5236.218, -5236.218, -5236.218, -5236.218, -5236.218, -5236.218, -5236.218, -5231.714, -5231.714, -5231.714, -5231.714, -5231.714, -5231.714, -5231.714, -5231.714, -5231.714, -5231.714, -5231.714, -5231.714, -5231.714, -5231.714, -5231.714, -5231.714, -5231.714, -5231.714, -5231.714, -5231.714, -5231.714, -5231.714, -5231.714, -5231.714, -5185.966, -5185.966, -5185.966, -5185.966, -5185.966, -5185.966, -5185.966, -5185.966, -5185.966, -5185.966, -5185.966, -5185.966, -5185.966, -5185.966]}"
AMDT-D,0.1,6260,0,61.2160327602746,0.9997743347919645,0.049144744873046875,0.9999558249787274,26214,12883,2.034774509042925,5988.893412820995,True,True,3.799411923624575,3.7984697979999993,2366,100,91,"{""chromosomes"": [{""direction"": 8, ""x_off"": 197, ""y_off"": 509, ""alpha"": 0, ""beta"": 1, ""sigma"": 1, ""block_idx"": 0, ""delta"": 1, ""gate"": 1}, {""direction"": 0, ""x_off"": 472, ""y_off"": 426, ""alpha"": 0, ""beta"": 1, ""sigma"": 1, ""block_idx"": 2, ""delta"": 1, ""gate"": 1}, {""direction"": 6, ""x_off"": 294, ""y_off"": 20, ""alpha"": 0, ""beta"": 1, ""sigma"": 1, ""block_idx"": 2, ""delta"": 1, ""gate"": 1}, {""direction"": 8, ""x_off"": 43, ""y_off"": 374, ""alpha"": 1, ""beta"": 1, ""sigma"": 1, ""block_idx"": 1, ""delta"": 1, ""gate"": 1}], ""gates"": [1.25, 1.25, 1.25, 1.25], ""hist"": [-6285.088, -6285.088, -6203.397, -6102.741, -6102.741, -5951.218, -5951.218, -5951.218, -5951.218, -5951.218, -5951.218, -5951.218, -5945.88, -5945.88, -5945.88, -5945.88, -5936.052, -5936.052, -5936.052, -5913.421, -5913.421, -5913.421, -5913.421, -5913.421, -5905.971, -5905.971, -5905.971, -5905.971, -5905.971, -5905.971, -5905.971, -5905.971, -5905.971, -5902.019, -5891.425, -5879.629, -5879.629, -5879.629, -5879.629, -5879.629, -5879.629, -5879.629, -5879.629, -5879.629, -5879.629, -5879.629, -5879.629, -5879.629, -5879.629, -5879.629, -5879.629, -5879.629, -5879.629, -5879.629, -5879.629, -5879.629, -5879.629, -5873.847, -5873.847, -5873.847, -5873.847, -5873.847, -5873.847, -5873.847, -5873.847, -5873.847, -5855.929, -5855.929, -5855.929, -5855.929, -5848.521, -5848.521, -5848.521, -5848.521, -5848.521, -5848.521, -5848.521, -5848.521, -5848.521, -5848.521, -5848.521, -5848.521, -5848.521, -5848.521, -5848.521, -5848.521, -5848.521, -5848.521, -5848.521, -5848.521, -5848.521, -5845.501, -5845.501, -5845.501, -5845.501, -5845.501, -5845.501, -5845.501, -5845.501, -5845.501, -5845.501]}"
AMDT-D,0.1,9642,0,61.184125129968365,0.9998833775779715,0.04950714111328125,0.9999840598796382,26214,12978,2.0198797965788255,32550449.83336398,True,True,2.1643122620880604,2.1640772120000022,1169,49,24,"{""chromosomes"": [{""direction"": 0, ""x_off"": 196, ""y_off"": 165, ""alpha"": 0, ""beta"": 1, ""sigma"": 1, ""block_idx"": 0, ""delta"": 1, ""gate"": 1}, {""direction"": 6, ""x_off"": 239, ""y_off"": 12, ""alpha"": 1, ""beta"": 0, ""sigma"": 1, ""block_idx"": 2, ""delta"": 1, ""gate"": 1}, {""direction"": 7, ""x_off"": 311, ""y_off"": 459, ""alpha"": 1, ""beta"": 1, ""sigma"": 1, ""block_idx"": 0, ""delta"": 1, ""gate"": 1}, {""direction"": 7, ""x_off"": 338, ""y_off"": 63, ""alpha"": 1, ""beta"": 1, ""sigma"": 1, ""block_idx"": 3, ""delta"": 1, ""gate"": 1}], ""gates"": [1.25, 1.25, 1.25, 1.25], ""hist"": [-2601.683, -2571.851, -2471.887, -2471.887, -2442.903, -2405.433, -2403.799, -2386.947, -2383.723, -2379.269, -2354.449, -2348.989, -2339.181, -2337.107, -2337.107, -2319.138, -2314.285, -2304.849, -2304.849, -2304.849, -2301.39, -2301.39, -2301.39, -2301.39, -2301.349, -2301.349, -2301.349, -2301.349, -2301.349, -2301.349, -2301.349, -2301.349, -2301.349, -2301.349, -2301.349, -2301.349, -2301.349, -2301.349, -2301.349, -2301.349, -2301.349, -2301.349, -2301.349, -2301.349, -2301.349, -2301.349, -2301.349, -2301.349, -2301.349, -2301.349]}"
AMDT-D,0.1,8444,0,61.22311777572823,0.9998356268142852,0.04906463623046875,0.9999852533889253,26214,12862,2.0380967190172603,7656.949529834092,True,True,3.871833074837923,3.871185349000001,2355,100,98,"{""chromosomes"": [{""direction"": 14, ""x_off"": 163, ""y_off"": 64, ""alpha"": 0, ""beta"": 1, ""sigma"": 1, ""block_idx"": 2, ""delta"": 1, ""gate"": 3}, {""direction"": 3, ""x_off"": 361, ""y_off"": 47, ""alpha"": 0, ""beta"": 1, ""sigma"": 1, ""block_idx"": 0, ""delta"": 1, ""gate"": 1}, {""direction"": 0, ""x_off"": 476, ""y_off"": 494, ""alpha"": 1, ""beta"": 1, ""sigma"": 1, ""block_idx"": 3, ""delta"": 1, ""gate"": 1}, {""direction"": 4, ""x_off"": 175, ""y_off"": 322, ""alpha"": 1, ""beta"": 0, ""sigma"": 1, ""block_idx"": 2, ""delta"": 1, ""gate"": 1}], ""gates"": [2.5, 1.25, 1.25, 1.25], ""hist"": [-7985.234, -7951.305, -7944.151, -7832.968, -7832.968, -7805.584, -7805.584, -7799.28, -7764.589, -7764.589, -7734.981, -7734.981, -7700.145, -7700.131, -7700.131, -7700.131, -7698.154, -7682.709, -7682.709, -7681.449, -7681.449, -7662.978, -7662.978, -7662.978, -7662.978, -7662.978, -7662.978, -7662.978, -7662.978, -7662.978, -7662.619, -7662.619, -7661.678, -7661.678, -7661.224, -7661.224, -7661.224, -7661.224, -7661.224, -7661.224, -7661.224, -7661.224, -7661.224, -7661.224, -7661.224, -7661.224, -7657.218, -7657.218, -7656.522, -7656.522, -7656.522, -7656.522, -7656.522, -7656.522, -7656.522, -7656.522, -7656.522, -7656.522, -7656.522, -7624.657, -7624.657, -7624.657, -7610.746, -7570.872, -7570.872, -7570.872, -7570.872, -7570.872, -7570.872, -7570.872, -7570.872, -7570.872, -7570.872, -7570.872, -7570.872, -7570.872, -7570.547, -7570.547, -7570.547, -7570.547, -7559.97, -7559.97, -7559.97, -7559.97, -7559.97, -7559.97, -7559.97, -7559.97, -7559.97, -7559.97, -7557.498, -7557.498, -7554.11, -7554.11, -7554.11, -7547.821, -7547.821, -7547.821, -7547.141, -7547.141, -7547.141]}"
AMDT-D,0.1,1264,0,61.19921005246021,0.9998668522404786,0.049335479736328125,0.9999958634943296,26214,12933,2.0269079099976803,6039.114616416395,True,True,3.4671952091157436,3.4662916690000003,2176,92,67,"{""chromosomes"": [{""direction"": 3, ""x_off"": 20, ""y_off"": 267, ""alpha"": 1, ""beta"": 0, ""sigma"": 1, ""block_idx"": 1, ""delta"": 1, ""gate"": 3}, {""direction"": 4, ""x_off"": 160, ""y_off"": 82, ""alpha"": 1, ""beta"": 1, ""sigma"": 1, ""block_idx"": 3, ""delta"": 1, ""gate"": 1}, {""direction"": 11, ""x_off"": 295, ""y_off"": 103, ""alpha"": 1, ""beta"": 0, ""sigma"": 1, ""block_idx"": 1, ""delta"": 1, ""gate"": 1}, {""direction"": 5, ""x_off"": 299, ""y_off"": 482, ""alpha"": 1, ""beta"": 0, ""sigma"": 1, ""block_idx"": 2, ""delta"": 1, ""gate"": 1}], ""gates"": [2.5, 1.25, 1.25, 1.25], ""hist"": [-7248.008, -6707.959, -6663.18, -6508.033, -6430.154, -6430.154, -6430.083, -6241.727, -6223.596, -6223.596, -6125.734, -6125.734, -6125.734, -6121.431, -6118.402, -6093.281, -6093.281, -6093.281, -6061.548, -6054.808, -6054.808, -6054.808, -6040.87, -6040.87, -6040.87, -6037.715, -6026.471, -6026.471, -6026.471, -6016.447, -6016.447, -6016.447, -6016.447, -6016.447, -6016.447, -6016.447, -6016.447, -6016.447, -6009.759, -6009.212, -6009.212, -6009.212, -6009.212, -6009.212, -6008.138, -6000.706, -6000.706, -6000.706, -6000.706, -6000.706, -6000.706, -6000.706, -6000.706, -6000.706, -6000.692, -6000.557, -6000.557, -6000.557, -6000.557, -6000.557, -6000.557, -6000.557, -6000.557, -6000.557, -6000.557, -6000.557, -6000.557, -5998.299, -5998.299, -5998.299, -5998.299, -5998.299, -5998.299, -5998.299, -5998.299, -5998.299, -5998.299, -5998.299, -5998.299, -5998.299, -5998.299, -5998.299, -5998.299, -5998.299, -5998.299, -5998.299, -5998.299, -5998.299, -5998.299, -5998.299, -5998.299, -5998.299, -5998.299]}"
AMDT-D,0.1,7865,0,61.21805587125173,0.9997704431440212,0.049121856689453125,0.999994962774231,26214,12877,2.0357226061970954,10492.42514628917,True,True,3.0702648302540183,3.069889345,1854,78,53,"{""chromosomes"": [{""direction"": 13, ""x_off"": 366, ""y_off"": 319, ""alpha"": 1, ""beta"": 1, ""sigma"": 1, ""block_idx"": 3, ""delta"": 1, ""gate"": 2}, {""direction"": 6, ""x_off"": 84, ""y_off"": 436, ""alpha"": 1, ""beta"": 0, ""sigma"": 1, ""block_idx"": 3, ""delta"": 1, ""gate"": 1}, {""direction"": 11, ""x_off"": 11, ""y_off"": 11, ""alpha"": 1, ""beta"": 0, ""sigma"": 1, ""block_idx"": 2, ""delta"": 1, ""gate"": 1}, {""direction"": 5, ""x_off"": 304, ""y_off"": 68, ""alpha"": 1, ""beta"": 0, ""sigma"": 1, ""block_idx"": 0, ""delta"": 1, ""gate"": 1}], ""gates"": [1.6, 1.25, 1.25, 1.25], ""hist"": [-11028.3, -11028.3, -11028.3, -10779.695, -10702.275, -10702.275, -10679.202, -10566.237, -10559.691, -10559.691, -10533.118, -10533.118, -10449.937, -10401.282, -10398.975, -10398.975, -10338.004, -10338.004, -10319.166, -10319.166, -10319.166, -10279.102, -10279.102, -10279.102, -10272.524, -10272.524, -10272.524, -10272.524, -10272.524, -10272.524, -10272.524, -10272.524, -10272.524, -10272.524, -10272.524, -10272.524, -10272.524, -10272.524, -10270.414, -10270.414, -10270.414, -10270.414, -10270.414, -10270.414, -10270.414, -10270.414, -10270.414, -10270.414, -10270.414, -10270.414, -10270.414, -10270.414, -10270.414, -10262.195, -10262.195, -10262.195, -10262.195, -10262.195, -10262.195, -10262.195, -10262.195, -10262.195, -10262.195, -10262.195, -10262.195, -10262.195, -10262.195, -10262.195, -10262.195, -10262.195, -10262.195, -10262.195, -10262.195, -10262.195, -10262.195, -10262.195, -10262.195, -10262.195, -10262.195]}"
AMDT-D,0.1,5263,0,61.243763852405976,0.9998680281649566,0.048831939697265625,0.9999527327987636,26214,12801,2.047808764940239,2930.3324052393436,True,True,2.1499005602672696,2.149773576000001,1177,49,24,"{""chromosomes"": [{""direction"": 6, ""x_off"": 434, ""y_off"": 70, ""alpha"": 1, ""beta"": 0, ""sigma"": 1, ""block_idx"": 2, ""delta"": 1, ""gate"": 1}, {""direction"": 10, ""x_off"": 43, ""y_off"": 380, ""alpha"": 0, ""beta"": 0, ""sigma"": 1, ""block_idx"": 2, ""delta"": 1, ""gate"": 1}, {""direction"": 14, ""x_off"": 378, ""y_off"": 474, ""alpha"": 1, ""beta"": 0, ""sigma"": 1, ""block_idx"": 1, ""delta"": 1, ""gate"": 2}, {""direction"": 8, ""x_off"": 263, ""y_off"": 210, ""alpha"": 1, ""beta"": 0, ""sigma"": 1, ""block_idx"": 0, ""delta"": 1, ""gate"": 1}], ""gates"": [1.25, 1.25, 1.6, 1.25], ""hist"": [-2973.493, -2966.851, -2946.441, -2946.441, -2933.428, -2932.748, -2932.748, -2922.781, -2918.169, -2918.169, -2902.998, -2899.735, -2878.625, -2878.625, -2878.625, -2878.625, -2869.146, -2869.146, -2869.146, -2866.454, -2866.454, -2866.454, -2866.454, -2866.454, -2855.809, -2855.809, -2855.809, -2855.809, -2855.809, -2855.809, -2855.809, -2855.809, -2855.809, -2855.809, -2855.809, -2855.809, -2855.809, -2855.809, -2855.809, -2855.809, -2855.809, -2855.809, -2855.809, -2855.809, -2855.809, -2855.809, -2855.809, -2855.809, -2855.809, -2855.809]}"
AMDT-D,0.1,279,0,61.1985384976701,0.9999183398527411,0.049343109130859375,0.9999958593157483,26214,12935,2.0265945110166217,2164.039831325412,True,True,2.107406214810908,2.1068860650000047,1214,51,26,"{""chromosomes"": [{""direction"": 4, ""x_off"": 394, ""y_off"": 436, ""alpha"": 0, ""beta"": 0, ""sigma"": 1, ""block_idx"": 0, ""delta"": 1, ""gate"": 1}, {""direction"": 7, ""x_off"": 353, ""y_off"": 454, ""alpha"": 0, ""beta"": 0, ""sigma"": 1, ""block_idx"": 0, ""delta"": 1, ""gate"": 1}, {""direction"": 10, ""x_off"": 47, ""y_off"": 391, ""alpha"": 1, ""beta"": 0, ""sigma"": 1, ""block_idx"": 3, ""delta"": 1, ""gate"": 1}, {""direction"": 2, ""x_off"": 115, ""y_off"": 17, ""alpha"": 1, ""beta"": 0, ""sigma"": 1, ""block_idx"": 1, ""delta"": 1, ""gate"": 1}], ""gates"": [1.25, 1.25, 1.25, 1.25], ""hist"": [-2414.636, -2192.333, -2192.333, -2169.553, -2166.08, -2125.526, -2125.526, -2106.875, -2105.355, -2098.868, -2098.868, -2078.33, -2078.33, -2078.12, -2070.83, -2070.83, -2070.83, -2063.112, -2050.864, -2050.864, -2050.864, -2050.864, -2050.864, -2050.864, -2049.611, -2049.611, -2048.252, -2048.252, -2048.252, -2048.252, -2048.252, -2048.252, -2048.252, -2048.252, -2048.252, -2048.252, -2048.252, -2048.252, -2048.252, -2048.252, -2048.252, -2048.252, -2048.252, -2048.252, -2048.252, -2048.252, -2048.252, -2048.252, -2048.252, -2048.252, -2048.252, -2048.252]}"
AMDT-D,0.1,7741,0,61.22007992511112,0.9998163263906777,0.049098968505859375,0.999991466708751,26214,12871,2.036671587289255,5674196.219785489,True,True,3.6877355510368943,3.6868845409999977,2347,100,77,"{""chromosomes"": [{""direction"": 8, ""x_off"": 299, ""y_off"": 23, ""alpha"": 1, ""beta"": 1, ""sigma"": 1, ""block_idx"": 3, ""delta"": 1, ""gate"": 1}, {""direction"": 7, ""x_off"": 3, ""y_off"": 326, ""alpha"": 1, ""beta"": 0, ""sigma"": 1, ""block_idx"": 0, ""delta"": 1, ""gate"": 1}, {""direction"": 1, ""x_off"": 70, ""y_off"": 198, ""alpha"": 1, ""beta"": 1, ""sigma"": 1, ""block_idx"": 1, ""delta"": 1, ""gate"": 1}, {""direction"": 12, ""x_off"": 345, ""y_off"": 162, ""alpha"": 0, ""beta"": 0, ""sigma"": 1, ""block_idx"": 1, ""delta"": 1, ""gate"": 1}], ""gates"": [1.25, 1.25, 1.25, 1.25], ""hist"": [-8762.988, -8371.03, -8371.03, -8371.03, -7442.051, -7429.458, -7382.049, -7297.279, -7270.539, -7194.685, -7194.685, -7129.996, -7093.972, -7093.972, -7093.972, -7093.972, -7093.972, -7088.586, -7088.586, -7088.586, -7067.344, -7067.344, -7061.13, -7061.13, -7061.13, -7053.851, -7049.244, -7049.244, -7049.244, -7018.036, -6996.463, -6996.463, -6996.463, -6996.463, -6996.463, -6996.463, -6996.463, -6996.463, -6996.463, -6996.463, -6996.463, -6966.499, -6939.957, -6939.957, -6928.487, -6928.487, -6928.487, -6928.487, -6928.487, -6928.487, -6928.487, -6928.487, -6928.487, -6928.487, -6928.487, -6916.612, -6916.612, -6916.612, -6907.637, -6907.637, -6907.637, -6907.637, -6907.637, -6907.637, -6907.637, -6907.637, -6907.637, -6907.637, -6903.586, -6903.586, -6903.586, -6903.586, -6903.586, -6903.586, -6903.586, -6903.586, -6903.586, -6874.997, -6874.997, -6874.997, -6874.997, -6874.997, -6874.997, -6874.997, -6874.997, -6874.997, -6874.997, -6874.997, -6874.997, -6874.997, -6874.997, -6874.997, -6874.997, -6874.997, -6874.997, -6874.997, -6874.997, -6874.997, -6874.997, -6874.997, -6874.997]}"
AMDT-D,0.1,5559,0,61.24105057168107,0.9998791923918515,0.048862457275390625,0.9999949411571855,26214,12809,2.046529783745804,3398.885772652924,True,True,3.6634841123595834,3.663295701999999,2339,100,80,"{""chromosomes"": [{""direction"": 3, ""x_off"": 14, ""y_off"": 257, ""alpha"": 0, ""beta"": 1, ""sigma"": 1, ""block_idx"": 3, ""delta"": 1, ""gate"": 2}, {""direction"": 3, ""x_off"": 91, ""y_off"": 501, ""alpha"": 1, ""beta"": 1, ""sigma"": 1, ""block_idx"": 3, ""delta"": 1, ""gate"": 1}, {""direction"": 2, ""x_off"": 367, ""y_off"": 142, ""alpha"": 0, ""beta"": 1, ""sigma"": 1, ""block_idx"": 2, ""delta"": 1, ""gate"": 1}, {""direction"": 10, ""x_off"": 331, ""y_off"": 205, ""alpha"": 1, ""beta"": 0, ""sigma"": 1, ""block_idx"": 3, ""delta"": 1, ""gate"": 1}], ""gates"": [1.6, 1.25, 1.25, 1.25], ""hist"": [-3770.962, -3770.962, -3748.75, -3645.816, -3592.271, -3592.271, -3592.271, -3570.719, -3570.719, -3561.735, -3555.807, -3555.807, -3419.9, -3419.9, -3419.9, -3416.742, -3416.742, -3410.948, -3395.947, -3391.67, -3389.288, -3389.288, -3389.288, -3389.288, -3384.745, -3384.745, -3384.745, -3384.745, -3384.745, -3380.98, -3378.792, -3378.792, -3378.792, -3378.792, -3378.792, -3378.792, -3378.792, -3374.76, -3374.76, -3359.741, -3359.741, -3359.741, -3359.741, -3359.741, -3359.741, -3359.741, -3359.741, -3359.741, -3359.741, -3359.741, -3359.741, -3359.498, -3358.391, -3358.391, -3358.391, -3358.391, -3347.448, -3347.448, -3347.448, -3338.728, -3338.728, -3338.728, -3338.728, -3338.728, -3338.728, -3338.728, -3338.728, -3338.728, -3338.728, -3338.728, -3338.728, -3338.728, -3338.728, -3338.728, -3338.728, -3338.728, -3338.728, -3338.728, -3338.728, -3337.005, -3334.076, -3334.076, -3334.076, -3334.076, -3334.076, -3334.076, -3334.076, -3334.076, -3334.076, -3334.076, -3334.076, -3334.076, -3334.076, -3334.076, -3334.076, -3334.076, -3334.076, -3334.076, -3334.076, -3334.076, -3334.076]}"
AMDT-D,0.2,8091,0,58.08194173106435,0.9994469592796004,0.10113143920898438,0.9999531844645235,52429,26511,1.977631926370186,45549896.934760764,True,True,4.435360116884112,4.434781185999995,2373,100,93,"{""chromosomes"": [{""direction"": 8, ""x_off"": 423, ""y_off"": 374, ""alpha"": 0, ""beta"": 0, ""sigma"": 1, ""block_idx"": 2, ""delta"": 1, ""gate"": 1}, {""direction"": 14, ""x_off"": 324, ""y_off"": 99, ""alpha"": 0, ""beta"": 1, ""sigma"": 1, ""block_idx"": 2, ""delta"": 1, ""gate"": 1}, {""direction"": 14, ""x_off"": 507, ""y_off"": 496, ""alpha"": 0, ""beta"": 0, ""sigma"": 1, ""block_idx"": 1, ""delta"": 1, ""gate"": 1}, {""direction"": 8, ""x_off"": 37, ""y_off"": 365, ""alpha"": 1, ""beta"": 1, ""sigma"": 1, ""block_idx"": 1, ""delta"": 1, ""gate"": 1}], ""gates"": [1.25, 1.25, 1.25, 1.25]}"
AMDT-D,0.2,6260,0,58.18857430544493,0.9994530906611444,0.0986785888671875,0.9999113023320679,52429,25868,2.0267898561929796,15425.675153009593,True,True,4.452949112281203,4.451533017000003,2358,100,86,"{""chromosomes"": [{""direction"": 7, ""x_off"": 337, ""y_off"": 168, ""alpha"": 0, ""beta"": 0, ""sigma"": 1, ""block_idx"": 1, ""delta"": 1, ""gate"": 1}, {""direction"": 6, ""x_off"": 330, ""y_off"": 99, ""alpha"": 0, ""beta"": 0, ""sigma"": 1, ""block_idx"": 3, ""delta"": 1, ""gate"": 1}, {""direction"": 11, ""x_off"": 382, ""y_off"": 256, ""alpha"": 1, ""beta"": 1, ""sigma"": 1, ""block_idx"": 3, ""delta"": 1, ""gate"": 1}, {""direction"": 2, ""x_off"": 330, ""y_off"": 332, ""alpha"": 0, ""beta"": 1, ""sigma"": 1, ""block_idx"": 0, ""delta"": 1, ""gate"": 1}], ""gates"": [1.25, 1.25, 1.25, 1.25]}"
AMDT-D,0.2,9642,0,58.1713161058262,0.9996997487720574,0.09907150268554688,0.9999681014342244,52429,25971,2.0187516845712525,29198644.69763141,True,True,3.8970898808911443,3.896465892000009,2036,86,61,"{""chromosomes"": [{""direction"": 15, ""x_off"": 414, ""y_off"": 171, ""alpha"": 1, ""beta"": 1, ""sigma"": 1, ""block_idx"": 3, ""delta"": 1, ""gate"": 1}, {""direction"": 8, ""x_off"": 380, ""y_off"": 120, ""alpha"": 0, ""beta"": 0, ""sigma"": 1, ""block_idx"": 1, ""delta"": 1, ""gate"": 1}, {""direction"": 12, ""x_off"": 301, ""y_off"": 244, ""alpha"": 0, ""beta"": 1, ""sigma"": 1, ""block_idx"": 0, ""delta"": 1, ""gate"": 1}, {""direction"": 4, ""x_off"": 88, ""y_off"": 209, ""alpha"": 0, ""beta"": 1, ""sigma"": 1, ""block_idx"": 2, ""delta"": 1, ""gate"": 1}], ""gates"": [1.25, 1.25, 1.25, 1.25]}"
AMDT-D,0.2,8444,0,58.199500804337625,0.9996009268096496,0.09843063354492188,0.9999704170547392,52429,25803,2.0318955160252683,19149.90122617781,True,True,4.562049180269241,4.561886744000006,2370,100,91,"{""chromosomes"": [{""direction"": 14, ""x_off"": 217, ""y_off"": 143, ""alpha"": 1, ""beta"": 0, ""sigma"": 1, ""block_idx"": 3, ""delta"": 1, ""gate"": 2}, {""direction"": 10, ""x_off"": 195, ""y_off"": 84, ""alpha"": 1, ""beta"": 0, ""sigma"": 1, ""block_idx"": 2, ""delta"": 1, ""gate"": 1}, {""direction"": 10, ""x_off"": 120, ""y_off"": 278, ""alpha"": 0, ""beta"": 0, ""sigma"": 1, ""block_idx"": 1, ""delta"": 1, ""gate"": 1}, {""direction"": 1, ""x_off"": 132, ""y_off"": 118, ""alpha"": 1, ""beta"": 1, ""sigma"": 1, ""block_idx"": 2, ""delta"": 1, ""gate"": 1}], ""gates"": [1.6, 1.25, 1.25, 1.25]}"
AMDT-D,0.2,1264,0,58.20826183964723,0.9996555263964593,0.09823226928710938,0.9999917636813753,52429,25751,2.035998601996039,14467.115864180028,True,True,4.455485222861171,4.455276771999991,2373,100,83,"{""chromosomes"": [{""direction"": 5, ""x_off"": 150, ""y_off"": 198, ""alpha"": 0, ""beta"": 0, ""sigma"": 1, ""block_idx"": 3, ""delta"": 1, ""gate"": 1}, {""direction"": 14, ""x_off"": 129, ""y_off"": 72, ""alpha"": 0, ""beta"": 0, ""sigma"": 1, ""block_idx"": 2, ""delta"": 1, ""gate"": 1}, {""direction"": 11, ""x_off"": 404, ""y_off"": 190, ""alpha"": 0, ""beta"": 0, ""sigma"": 1, ""block_idx"": 0, ""delta"": 1, ""gate"": 1}, {""direction"": 9, ""x_off"": 416, ""y_off"": 43, ""alpha"": 1, ""beta"": 1, ""sigma"": 1, ""block_idx"": 3, ""delta"": 1, ""gate"": 1}], ""gates"": [1.25, 1.25, 1.25, 1.25]}"
AMDT-D,0.2,7865,0,58.20034244400209,0.9993712066992346,0.09841156005859375,0.9999899083930992,52429,25798,2.0322893247538567,23693.671417683363,True,True,4.40390051715076,4.4035822620000005,2375,100,97,"{""chromosomes"": [{""direction"": 9, ""x_off"": 363, ""y_off"": 2, ""alpha"": 0, ""beta"": 1, ""sigma"": 1, ""block_idx"": 0, ""delta"": 1, ""gate"": 3}, {""direction"": 5, ""x_off"": 2, ""y_off"": 196, ""alpha"": 1, ""beta"": 0, ""sigma"": 1, ""block_idx"": 3, ""delta"": 1, ""gate"": 1}, {""direction"": 2, ""x_off"": 444, ""y_off"": 6, ""alpha"": 0, ""beta"": 0, ""sigma"": 1, ""block_idx"": 1, ""delta"": 1, ""gate"": 1}, {""direction"": 4, ""x_off"": 148, ""y_off"": 232, ""alpha"": 0, ""beta"": 0, ""sigma"": 1, ""block_idx"": 2, ""delta"": 1, ""gate"": 1}], ""gates"": [2.5, 1.25, 1.25, 1.25]}"
AMDT-D,0.2,5263,0,58.19445438868844,0.9997136552396599,0.09854507446289062,0.9999046184403043,52429,25833,2.029535864978903,6267.668694078922,True,True,2.71697545517236,2.7168810240000028,1338,56,31,"{""chromosomes"": [{""direction"": 2, ""x_off"": 66, ""y_off"": 186, ""alpha"": 1, ""beta"": 0, ""sigma"": 1, ""block_idx"": 3, ""delta"": 1, ""gate"": 1}, {""direction"": 1, ""x_off"": 361, ""y_off"": 295, ""alpha"": 1, ""beta"": 0, ""sigma"": 1, ""block_idx"": 1, ""delta"": 1, ""gate"": 1}, {""direction"": 2, ""x_off"": 26, ""y_off"": 279, ""alpha"": 1, ""beta"": 1, ""sigma"": 1, ""block_idx"": 1, ""delta"": 1, ""gate"": 1}, {""direction"": 10, ""x_off"": 466, ""y_off"": 232, ""alpha"": 0, ""beta"": 1, ""sigma"": 1, ""block_idx"": 1, ""delta"": 1, ""gate"": 1}], ""gates"": [1.25, 1.25, 1.25, 1.25]}"
AMDT-D,0.2,279,0,58.18672792232208,0.9998002767768587,0.09872055053710938,0.9999917158059076,52429,25879,2.0259283589010395,6162.658685326576,True,True,4.3701012423262,4.369666507000005,2366,100,76,"{""chromosomes"": [{""direction"": 5, ""x_off"": 89, ""y_off"": 305, ""alpha"": 0, ""beta"": 1, ""sigma"": 1, ""block_idx"": 1, ""delta"": 1, ""gate"": 1}, {""direction"": 5, ""x_off"": 126, ""y_off"": 281, ""alpha"": 0, ""beta"": 1, ""sigma"": 1, ""block_idx"": 0, ""delta"": 1, ""gate"": 1}, {""direction"": 15, ""x_off"": 299, ""y_off"": 440, ""alpha"": 1, ""beta"": 1, ""sigma"": 1, ""block_idx"": 3, ""delta"": 1, ""gate"": 1}, {""direction"": 7, ""x_off"": 96, ""y_off"": 35, ""alpha"": 0, ""beta"": 1, ""sigma"": 1, ""block_idx"": 1, ""delta"": 1, ""gate"": 1}], ""gates"": [1.25, 1.25, 1.25, 1.25]}"
AMDT-D,0.2,7741,0,58.18018797290612,0.9995767130039537,0.09886932373046875,0.9999828170386824,52429,25918,2.0228798518404196,5537582.227246929,True,True,4.450053791515529,4.449412326000001,2360,100,84,"{""chromosomes"": [{""direction"": 7, ""x_off"": 177, ""y_off"": 356, ""alpha"": 0, ""beta"": 0, ""sigma"": 1, ""block_idx"": 1, ""delta"": 1, ""gate"": 1}, {""direction"": 0, ""x_off"": 364, ""y_off"": 481, ""alpha"": 1, ""beta"": 1, ""sigma"": 1, ""block_idx"": 0, ""delta"": 1, ""gate"": 1}, {""direction"": 12, ""x_off"": 508, ""y_off"": 348, ""alpha"": 1, ""beta"": 1, ""sigma"": 1, ""block_idx"": 3, ""delta"": 1, ""gate"": 1}, {""direction"": 9, ""x_off"": 355, ""y_off"": 508, ""alpha"": 1, ""beta"": 1, ""sigma"": 1, ""block_idx"": 0, ""delta"": 1, ""gate"": 1}], ""gates"": [1.25, 1.25, 1.25, 1.25]}"
AMDT-D,0.2,5559,0,58.19680865295528,0.9996834466141765,0.09849166870117188,0.9999898029158208,52429,25819,2.030636353073318,9551.025035597384,True,True,4.5152542581781745,4.5147112770000035,2359,100,88,"{""chromosomes"": [{""direction"": 9, ""x_off"": 480, ""y_off"": 238, ""alpha"": 0, ""beta"": 0, ""sigma"": 1, ""block_idx"": 3, ""delta"": 1, ""gate"": 1}, {""direction"": 11, ""x_off"": 443, ""y_off"": 261, ""alpha"": 1, ""beta"": 1, ""sigma"": 1, ""block_idx"": 1, ""delta"": 1, ""gate"": 1}, {""direction"": 12, ""x_off"": 402, ""y_off"": 397, ""alpha"": 0, ""beta"": 1, ""sigma"": 1, ""block_idx"": 0, ""delta"": 1, ""gate"": 1}, {""direction"": 14, ""x_off"": 380, ""y_off"": 24, ""alpha"": 0, ""beta"": 0, ""sigma"": 1, ""block_idx"": 1, ""delta"": 1, ""gate"": 1}], ""gates"": [1.25, 1.25, 1.25, 1.25]}"
AMDT-D,0.4,8091,0,55.09801426803201,0.9974481247789622,0.20103836059570312,0.999906960964344,104858,52701,1.9896776152255176,461682510.3962432,True,True,5.802863250486553,5.8009013909999965,2362,100,83,"{""chromosomes"": [{""direction"": 8, ""x_off"": 489, ""y_off"": 2, ""alpha"": 0, ""beta"": 0, ""sigma"": 1, ""block_idx"": 3, ""delta"": 1, ""gate"": 0}, {""direction"": 8, ""x_off"": 504, ""y_off"": 354, ""alpha"": 0, ""beta"": 0, ""sigma"": 1, ""block_idx"": 2, ""delta"": 1, ""gate"": 3}, {""direction"": 9, ""x_off"": 389, ""y_off"": 415, ""alpha"": 1, ""beta"": 0, ""sigma"": 1, ""block_idx"": 0, ""delta"": 1, ""gate"": 3}, {""direction"": 1, ""x_off"": 469, ""y_off"": 435, ""alpha"": 1, ""beta"": 1, ""sigma"": 1, ""block_idx"": 3, ""delta"": 1, ""gate"": 0}], ""gates"": [0.0, 2.5, 2.5, 0.0]}"
AMDT-D,0.4,6260,0,55.15399846212542,0.9987540874056086,0.19846343994140625,0.9998216571636237,104858,52026,2.0154922538730635,39829.73960322887,True,True,3.886543911881745,3.8859746189999953,1543,65,40,"{""chromosomes"": [{""direction"": 0, ""x_off"": 504, ""y_off"": 195, ""alpha"": 1, ""beta"": 0, ""sigma"": 1, ""block_idx"": 0, ""delta"": 1, ""gate"": 1}, {""direction"": 12, ""x_off"": 222, ""y_off"": 143, ""alpha"": 0, ""beta"": 1, ""sigma"": 1, ""block_idx"": 0, ""delta"": 1, ""gate"": 1}, {""direction"": 7, ""x_off"": 246, ""y_off"": 332, ""alpha"": 0, ""beta"": 1, ""sigma"": 1, ""block_idx"": 0, ""delta"": 1, ""gate"": 1}, {""direction"": 3, ""x_off"": 449, ""y_off"": 333, ""alpha"": 1, ""beta"": 1, ""sigma"": 1, ""block_idx"": 1, ""delta"": 1, ""gate"": 1}], ""gates"": [1.25, 1.25, 1.25, 1.25]}"
AMDT-D,0.4,9642,0,55.13417637637816,0.9992416273405259,0.199371337890625,0.9999358139663135,104858,52264,2.0063140976580436,23880561.412304327,True,True,5.851029791869223,5.84979470799999,2375,100,96,"{""chromosomes"": [{""direction"": 13, ""x_off"": 11, ""y_off"": 334, ""alpha"": 1, ""beta"": 0, ""sigma"": 1, ""block_idx"": 1, ""delta"": 1, ""gate"": 1}, {""direction"": 11, ""x_off"": 191, ""y_off"": 83, ""alpha"": 1, ""beta"": 0, ""sigma"": 1, ""block_idx"": 0, ""delta"": 1, ""gate"": 1}, {""direction"": 15, ""x_off"": 40, ""y_off"": 417, ""alpha"": 0, ""beta"": 0, ""sigma"": 1, ""block_idx"": 3, ""delta"": 1, ""gate"": 1}, {""direction"": 11, ""x_off"": 304, ""y_off"": 54, ""alpha"": 0, ""beta"": 1, ""sigma"": 1, ""block_idx"": 0, ""delta"": 1, ""gate"": 1}], ""gates"": [1.25, 1.25, 1.25, 1.25]}"
AMDT-D,0.4,8444,0,55.130023547723994,0.9988267284805226,0.19956207275390625,0.999940023094965,104858,52314,2.004396528653898,498870.32922612876,True,True,4.071523296646774,4.070564304000001,1584,67,42,"{""chromosomes"": [{""direction"": 11, ""x_off"": 355, ""y_off"": 420, ""alpha"": 0, ""beta"": 1, ""sigma"": 1, ""block_idx"": 3, ""delta"": 1, ""gate"": 1}, {""direction"": 12, ""x_off"": 430, ""y_off"": 102, ""alpha"": 1, ""beta"": 0, ""sigma"": 1, ""block_idx"": 2, ""delta"": 1, ""gate"": 1}, {""direction"": 0, ""x_off"": 83, ""y_off"": 129, ""alpha"": 1, ""beta"": 1, ""sigma"": 1, ""block_idx"": 0, ""delta"": 1, ""gate"": 1}, {""direction"": 7, ""x_off"": 276, ""y_off"": 427, ""alpha"": 1, ""beta"": 1, ""sigma"": 1, ""block_idx"": 3, ""delta"": 1, ""gate"": 1}], ""gates"": [1.25, 1.25, 1.25, 1.25]}"
AMDT-D,0.4,1264,0,55.173156759927835,0.9990502119509033,0.19758987426757812,0.9999834334678327,104858,51797,2.0244029577002527,35707.78089672327,True,True,5.6416386822238564,5.640485481999974,2358,100,92,"{""chromosomes"": [{""direction"": 1, ""x_off"": 499, ""y_off"": 306, ""alpha"": 0, ""beta"": 0, ""sigma"": 1, ""block_idx"": 3, ""delta"": 1, ""gate"": 2}, {""direction"": 12, ""x_off"": 365, ""y_off"": 129, ""alpha"": 1, ""beta"": 0, ""sigma"": 1, ""block_idx"": 2, ""delta"": 1, ""gate"": 1}, {""direction"": 14, ""x_off"": 366, ""y_off"": 161, ""alpha"": 0, ""beta"": 0, ""sigma"": 1, ""block_idx"": 2, ""delta"": 1, ""gate"": 1}, {""direction"": 11, ""x_off"": 376, ""y_off"": 146, ""alpha"": 0, ""beta"": 1, ""sigma"": 1, ""block_idx"": 2, ""delta"": 1, ""gate"": 1}], ""gates"": [1.6, 1.25, 1.25, 1.25]}"
AMDT-D,0.4,7865,0,55.14849250933247,0.9985390420807649,0.1987152099609375,0.9999796215676028,104858,52092,2.0129386470091375,56863.228176131845,True,True,3.6729952478781343,3.672790723999981,1472,62,37,"{""chromosomes"": [{""direction"": 13, ""x_off"": 257, ""y_off"": 165, ""alpha"": 1, ""beta"": 0, ""sigma"": 1, ""block_idx"": 0, ""delta"": 1, ""gate"": 2}, {""direction"": 0, ""x_off"": 305, ""y_off"": 197, ""alpha"": 1, ""beta"": 0, ""sigma"": 1, ""block_idx"": 1, ""delta"": 1, ""gate"": 1}, {""direction"": 2, ""x_off"": 264, ""y_off"": 278, ""alpha"": 1, ""beta"": 1, ""sigma"": 1, ""block_idx"": 3, ""delta"": 1, ""gate"": 1}, {""direction"": 1, ""x_off"": 71, ""y_off"": 256, ""alpha"": 0, ""beta"": 0, ""sigma"": 1, ""block_idx"": 0, ""delta"": 1, ""gate"": 1}], ""gates"": [1.6, 1.25, 1.25, 1.25]}"
AMDT-D,0.4,5263,0,55.167040348259874,0.9993933092718494,0.19786834716796875,0.9998085009154529,104858,51870,2.0215538847117793,13782.238539651036,True,True,5.572873478755355,5.572112567000005,2355,100,82,"{""chromosomes"": [{""direction"": 7, ""x_off"": 394, ""y_off"": 265, ""alpha"": 1, ""beta"": 1, ""sigma"": 1, ""block_idx"": 3, ""delta"": 1, ""gate"": 1}, {""direction"": 3, ""x_off"": 26, ""y_off"": 179, ""alpha"": 1, ""beta"": 0, ""sigma"": 1, ""block_idx"": 3, ""delta"": 1, ""gate"": 1}, {""direction"": 1, ""x_off"": 317, ""y_off"": 247, ""alpha"": 1, ""beta"": 0, ""sigma"": 1, ""block_idx"": 2, ""delta"": 1, ""gate"": 1}, {""direction"": 0, ""x_off"": 411, ""y_off"": 120, ""alpha"": 1, ""beta"": 0, ""sigma"": 1, ""block_idx"": 3, ""delta"": 1, ""gate"": 1}], ""gates"": [1.25, 1.25, 1.25, 1.25]}"
AMDT-D,0.4,279,0,55.12380174095367,0.999411724859155,0.19984817504882812,0.999983229440847,104858,52389,2.001527038118689,173381.36448505148,True,True,4.77482714317739,4.774552526999997,1917,81,56,"{""chromosomes"": [{""direction"": 11, ""x_off"": 286, ""y_off"": 223, ""alpha"": 1, ""beta"": 1, ""sigma"": 1, ""block_idx"": 3, ""delta"": 1, ""gate"": 2}, {""direction"": 8, ""x_off"": 14, ""y_off"": 166, ""alpha"": 1, ""beta"": 0, ""sigma"": 1, ""block_idx"": 1, ""delta"": 1, ""gate"": 1}, {""direction"": 10, ""x_off"": 416, ""y_off"": 219, ""alpha"": 1, ""beta"": 0, ""sigma"": 1, ""block_idx"": 1, ""delta"": 1, ""gate"": 1}, {""direction"": 14, ""x_off"": 378, ""y_off"": 28, ""alpha"": 1, ""beta"": 1, ""sigma"": 1, ""block_idx"": 2, ""delta"": 1, ""gate"": 1}], ""gates"": [1.6, 1.25, 1.25, 1.25]}"
AMDT-D,0.4,7741,0,55.158007180369225,0.9988970344350391,0.19828033447265625,0.9999655406991595,104858,51978,2.0173534957097234,5648047.944478445,True,True,5.777550556696951,5.776143182999988,2370,100,98,"{""chromosomes"": [{""direction"": 0, ""x_off"": 473, ""y_off"": 31, ""alpha"": 1, ""beta"": 0, ""sigma"": 1, ""block_idx"": 3, ""delta"": 1, ""gate"": 1}, {""direction"": 8, ""x_off"": 161, ""y_off"": 303, ""alpha"": 1, ""beta"": 0, ""sigma"": 1, ""block_idx"": 3, ""delta"": 1, ""gate"": 1}, {""direction"": 8, ""x_off"": 8, ""y_off"": 194, ""alpha"": 1, ""beta"": 0, ""sigma"": 1, ""block_idx"": 3, ""delta"": 1, ""gate"": 1}, {""direction"": 12, ""x_off"": 343, ""y_off"": 236, ""alpha"": 1, ""beta"": 0, ""sigma"": 1, ""block_idx"": 1, ""delta"": 1, ""gate"": 1}], ""gates"": [1.25, 1.25, 1.25, 1.25]}"
AMDT-D,0.4,5559,0,55.16737527112724,0.9991375454056357,0.19785308837890625,0.9999795159892392,104858,51866,2.0217097906142754,26039.07652731985,True,True,4.878467716276646,4.877802041000024,1980,84,59,"{""chromosomes"": [{""direction"": 10, ""x_off"": 307, ""y_off"": 377, ""alpha"": 1, ""beta"": 1, ""sigma"": 1, ""block_idx"": 1, ""delta"": 1, ""gate"": 1}, {""direction"": 0, ""x_off"": 218, ""y_off"": 411, ""alpha"": 0, ""beta"": 0, ""sigma"": 1, ""block_idx"": 2, ""delta"": 1, ""gate"": 1}, {""direction"": 2, ""x_off"": 63, ""y_off"": 47, ""alpha"": 0, ""beta"": 1, ""sigma"": 1, ""block_idx"": 1, ""delta"": 1, ""gate"": 1}, {""direction"": 13, ""x_off"": 120, ""y_off"": 25, ""alpha"": 0, ""beta"": 0, ""sigma"": 1, ""block_idx"": 0, ""delta"": 1, ""gate"": 1}], ""gates"": [1.25, 1.25, 1.25, 1.25]}"
FM-PSO-LSB,0.05,8091,0,64.25101148738867,0.9999919844016275,0.024433135986328125,0.9999886888245084,13107,6405,2.046370023419204,2388000.611626489,True,True,3.7685864977538586,3.768309662,,,,"{""fm_alpha"": 0.6995654688672339, ""fm_gamma"": 4.824410905694869}"
FM-PSO-LSB,0.05,6260,0,64.25372455623781,0.9999541459544247,0.024417877197265625,0.999978055831866,13107,6401,2.0476488048742385,3735.3607932776213,True,True,3.827624537050724,3.827379967999999,,,,"{""fm_alpha"": 0.5154386252498278, ""fm_gamma"": 1.7614813845404635}"
FM-PSO-LSB,0.05,9642,0,64.26187394687432,0.9999739341327547,0.024372100830078125,0.9999921538975489,13107,6389,2.0514947566129287,77058.74716437608,True,True,3.726583292707801,3.726368172000001,,,,"{""fm_alpha"": 0.04351707831783391, ""fm_gamma"": 1.3360987962408482}"
FM-PSO-LSB,0.05,8444,0,64.26595438389766,0.9999878043896724,0.024349212646484375,0.9999926821322933,13107,6383,2.0534231552561493,1232128.2738288268,True,True,3.919583990238607,3.9192599159999997,,,,"{""fm_alpha"": 0.14569796591954537, ""fm_gamma"": 3.6073128684695686}"
FM-PSO-LSB,0.05,1264,0,64.27140093713578,0.9999870387800103,0.024318695068359375,0.9999979610308724,13107,6375,2.056,1457.9131731987,True,True,3.9140158081427217,3.913838258000002,,,,"{""fm_alpha"": 0.7106407662813228, ""fm_gamma"": 4.910773478438344}"
FM-PSO-LSB,0.05,7865,0,64.27140093713578,0.9999819816304192,0.024318695068359375,0.999997506102645,13107,6375,2.056,6339.722716003656,True,True,3.667769898660481,3.6674664009999987,,,,"{""fm_alpha"": 0.8429050420681202, ""fm_gamma"": 2.5258136706655}"
FM-PSO-LSB,0.05,5263,0,64.27071974431516,0.9999516986442141,0.024322509765625,0.9999764667134928,13107,6376,2.0556775407779173,1511.812730357051,True,True,3.0809615356847644,3.080656718,,,,"{""fm_alpha"": 0.26719344595595873, ""fm_gamma"": 0.9978916448864401}"
FM-PSO-LSB,0.05,279,0,64.2673153819718,0.9999909781397871,0.024341583251953125,0.9999979573652819,13107,6381,2.054066760695816,25764295.351081047,True,True,3.9363013319671154,3.9355401640000025,,,,"{""fm_alpha"": 0.5386508663352763, ""fm_gamma"": 4.146681752333973}"
FM-PSO-LSB,0.05,7741,0,64.24288243528382,0.9999780877054382,0.024478912353515625,0.9999957456377301,13107,6417,2.042543244506779,9962018.78249387,True,True,2.5984151251614094,2.597840630999997,,,,"{""fm_alpha"": 0.8746133441935278, ""fm_gamma"": 0.5}"
FM-PSO-LSB,0.05,5559,0,64.306284215594,0.9999755729378272,0.0241241455078125,0.9999975023505813,13107,6324,2.0725806451612905,336808.0151384026,True,True,3.725640906020999,3.725026054000004,,,,"{""fm_alpha"": 0.6862230224039092, ""fm_gamma"": 2.0760572273139193}"
FM-PSO-LSB,0.1,8091,0,61.2322440981211,0.9999708499053096,0.048961639404296875,0.9999773331295373,26214,12835,2.0423841059602648,25879764.154432554,True,True,4.3423783257603645,4.341889403000003,,,,"{""fm_alpha"": 0.8679706014452598, ""fm_gamma"": 2.628063913297696}"
FM-PSO-LSB,0.1,6260,0,61.229538002656,0.9998749357380184,0.048992156982421875,0.9999559808761457,26214,12843,2.0411118897453866,8950.537723600864,True,True,4.537227847613394,4.536794057999998,,,,"{""fm_alpha"": 0.4684705218265598, ""fm_gamma"": 1.128361879162397}"
FM-PSO-LSB,0.1,9642,0,61.24681832081394,0.9999398032209691,0.048797607421875,0.9999842916186367,26214,12792,2.049249530956848,1384805.1257010102,True,True,4.610657940618694,4.6096024490000005,,,,"{""fm_alpha"": 0.20989300094730004, ""fm_gamma"": 3.462262326598739}"
FM-PSO-LSB,0.1,8444,0,61.2160327602746,0.9999733459872474,0.049144744873046875,0.9999852300494714,26214,12883,2.034774509042925,2277831.9540627897,True,True,4.529531483538449,4.528876479999994,,,,"{""fm_alpha"": 0.36057155357819315, ""fm_gamma"": 1.6687553309156524}"
FM-PSO-LSB,0.1,1264,0,61.221767357552224,0.9999588294880214,0.04907989501953125,0.9999958850914815,26214,12866,2.0374630809886525,3528.213812187314,True,True,4.356839451007545,4.356110880999999,,,,"{""fm_alpha"": 0.12425044951256069, ""fm_gamma"": 1.0360303986016834}"
FM-PSO-LSB,0.1,7865,0,61.25429385556156,0.9999516656637024,0.04871368408203125,0.9999950044050842,26214,12770,2.0527799530148787,12585.97006445378,True,True,4.410862058401108,4.410459943999996,,,,"{""fm_alpha"": 0.817820518209816, ""fm_gamma"": 2.756622611712169}"
FM-PSO-LSB,0.1,5263,0,61.23393626444644,0.9998953735038548,0.04894256591796875,0.9999526538967726,26214,12830,2.0431800467653938,3128.080433920026,True,True,4.5601811576634645,4.559853462999996,,,,"{""fm_alpha"": 0.3355002709116215, ""fm_gamma"": 5.0}"
FM-PSO-LSB,0.1,279,0,61.221767357552224,0.9999785647701346,0.04907989501953125,0.9999958815515221,26214,12866,2.0374630809886525,32141692.381737273,True,True,4.525313954800367,4.525075755000003,,,,"{""fm_alpha"": 0.6578239991762751, ""fm_gamma"": 4.23968413226318}"
FM-PSO-LSB,0.1,7741,0,61.208959284386665,0.9999417807533716,0.049224853515625,0.9999914449083775,26214,12904,2.031463112213267,25665928.01121104,True,True,3.9263860285282135,3.926056603999996,,,,"{""fm_alpha"": 0.9434629499751538, ""fm_gamma"": 0.6645361093276804}"
FM-PSO-LSB,0.1,5559,0,61.28432533968629,0.9999406814106708,0.04837799072265625,0.999994991377493,26214,12682,2.067024128686327,636458.0801600814,True,True,4.630570203997195,4.630065297000002,,,,"{""fm_alpha"": 0.5641356566096913, ""fm_gamma"": 4.380204942432317}"
FM-PSO-LSB,0.2,8091,0,58.185888916694026,0.9997740083544954,0.0987396240234375,0.9999542895061856,52429,25884,2.0255370112811004,216334830.58524537,True,True,5.6368373380973935,5.636209106999999,,,,"{""fm_alpha"": 0.556391560450963, ""fm_gamma"": 2.786484341310885}"
FM-PSO-LSB,0.2,6260,0,58.178512647954186,0.9996735213836938,0.098907470703125,0.9999111438094415,52429,25928,2.0220996605985806,20882.954522438347,True,True,5.932343035005033,5.931331925999999,,,,"{""fm_alpha"": 0.4820931136825592, ""fm_gamma"": 4.148748493882793}"
FM-PSO-LSB,0.2,9642,0,58.184379114899215,0.9998631908119879,0.09877395629882812,0.999968202467596,52429,25893,2.024832966438806,2471891.050129533,True,True,5.935841538012028,5.93526025700001,,,,"{""fm_alpha"": 0.4911139011062653, ""fm_gamma"": 4.520026475394638}"
FM-PSO-LSB,0.2,8444,0,58.1917653627481,0.9999209302104202,0.09860610961914062,0.9999703668940008,52429,25849,2.0282796239699796,4258730.36298494,True,True,6.092865849845111,6.091186141999998,,,,"{""fm_alpha"": 0.11087529565667154, ""fm_gamma"": 1.3917563732914973}"
FM-PSO-LSB,0.2,1264,0,58.19428627578002,0.9999065504397477,0.09854888916015625,0.9999917376648988,52429,25834,2.02945730432763,6755.675177708268,True,True,6.034630473703146,6.0332487000000015,,,,"{""fm_alpha"": 0.31578281818297266, ""fm_gamma"": 3.260589491098545}"
FM-PSO-LSB,0.2,7865,0,58.18874219738731,0.9998507729232483,0.09867477416992188,0.9999898809128774,52429,25867,2.0268682104612052,24996.160522967577,True,True,5.9652320966124535,5.963081138999996,,,,"{""fm_alpha"": 0.6298060189764164, ""fm_gamma"": 3.7382667046570046}"
FM-PSO-LSB,0.2,5263,0,58.19378197609658,0.9997582194157235,0.09856033325195312,0.9999046661634542,52429,25837,2.029221658861323,6651.572122499347,True,True,6.007573843002319,6.007173151999993,,,,"{""fm_alpha"": 0.225088050651114, ""fm_gamma"": 3.350978841257}"
FM-PSO-LSB,0.2,279,0,58.19109336633361,0.9999348254162556,0.09862136840820312,0.999991724178168,52429,25853,2.0279658066762076,40945654.03640204,True,True,5.951064920052886,5.949671424999991,,,,"{""fm_alpha"": 0.9271601020047598, ""fm_gamma"": 2.446404972921248}"
FM-PSO-LSB,0.2,7741,0,58.19865932774685,0.9998360437589972,0.09844970703125,0.999982889874803,52429,25808,2.0315018598884067,122799634.9445647,True,True,5.9567202646285295,5.949170393000003,,,,"{""fm_alpha"": 0.2817382814234508, ""fm_gamma"": 2.9484624328305657}"
FM-PSO-LSB,0.2,5559,0,58.192269428304606,0.9997859402264493,0.09859466552734375,0.9999897926113701,52429,25846,2.0285150506848253,1274116.029295601,True,True,5.986707903444767,5.985813819000015,,,,"{""fm_alpha"": 0.1123307237844734, ""fm_gamma"": 3.3693024918346195}"
FM-PSO-LSB,0.4,8091,0,55.16611944353243,0.998333889117562,0.19791030883789062,0.9999084076797753,104858,51881,2.0211252674389466,2110211497.9024327,True,True,7.6707036113366485,7.669846737,,,,"{""fm_alpha"": 0.9550521988877314, ""fm_gamma"": 4.9963315051189765}"
FM-PSO-LSB,0.4,6260,0,55.15449934959718,0.9991102358444769,0.1984405517578125,0.9998216771707166,104858,52020,2.0157247212610536,47672.729570508,True,True,8.62535486370325,8.624335008999992,,,,"{""fm_alpha"": 0.9921029009889608, ""fm_gamma"": 1.1807249078918574}"
FM-PSO-LSB,0.4,9642,0,55.16653801238295,0.999563208285478,0.1978912353515625,0.9999362888310774,104858,51876,2.0213200709383914,8936751.87181285,True,True,8.903712360188365,8.901796031999993,,,,"{""fm_alpha"": 0.9410922916896789, ""fm_gamma"": 3.2735872038832565}"
FM-PSO-LSB,0.4,8444,0,55.152663044558984,0.999741027147508,0.19852447509765625,0.9999403370096894,104858,52042,2.01487260289766,7028248.365041569,True,True,8.634518531151116,8.633623866999983,,,,"{""fm_alpha"": 0.8632177835831176, ""fm_gamma"": 4.656017936869474}"
FM-PSO-LSB,0.4,1264,0,55.16252141573223,0.9996279040904149,0.1980743408203125,0.999983393087559,104858,51924,2.0194515060472997,501323.80778452754,True,True,8.848286443389952,8.847296964000009,,,,"{""fm_alpha"": 0.521553197278807, ""fm_gamma"": 4.2491426644928}"
FM-PSO-LSB,0.4,7865,0,55.15767297915175,0.9993371833058358,0.19829559326171875,0.9999796653799298,104858,51982,2.017198260936478,53064.161088220775,True,True,8.626638687215745,8.624275537000017,,,,"{""fm_alpha"": 0.8550400087429075, ""fm_gamma"": 2.133224585168846}"
FM-PSO-LSB,0.4,5263,0,55.162186866965044,0.9995338055949031,0.198089599609375,0.9998083856563548,104858,51928,2.019295948236019,13568.509089827538,True,True,9.049335149116814,9.047072909000008,,,,"{""fm_alpha"": 0.621192222735794, ""fm_gamma"": 4.2446518264648985}"
FM-PSO-LSB,0.4,279,0,55.16578461749529,0.9997638666252606,0.19792556762695312,0.9999833910543472,104858,51885,2.020969451671967,196131511.9872748,True,True,8.933254993520677,8.928962597000009,,,,"{""fm_alpha"": 0.5110579173931329, ""fm_gamma"": 1.3971064916433995}"
FM-PSO-LSB,0.4,7741,0,55.158759227152096,0.9994141042510466,0.19824600219726562,0.9999655477832307,104858,51969,2.017702861321172,249298927.82485533,True,True,8.960983097553253,8.959551689999984,,,,"{""fm_alpha"": 0.25439431920503275, ""fm_gamma"": 4.668023443486207}"
FM-PSO-LSB,0.4,5559,0,55.160430908621194,0.9994996278243131,0.19816970825195312,0.9999794831045549,104858,51949,2.018479662746155,985315.7447640002,True,True,8.804981065914035,8.80325109399999,,,,"{""fm_alpha"": 0.6172113292251128, ""fm_gamma"": 4.646257919976163}"
GA-FT,0.05,8091,0,64.1194476282528,0.9997422089097001,0.02518463134765625,0.9999883429488889,13107,6602,1.985307482581036,52286281.984433085,True,True,3.196340611204505,3.195985764,396,25,0,{}
GA-FT,0.05,6260,0,64.13394389205617,0.9998567810039946,0.0251007080078125,0.9999774382125602,13107,6580,1.9919452887537994,8369.911340475082,True,True,0.9228012198582292,0.9227474989999997,486,28,3,{}
GA-FT,0.05,9642,0,64.17306082612113,0.9998575041082496,0.024875640869140625,0.9999919908533459,13107,6521,2.009967796350253,28863728.262349963,True,True,1.5617738282307982,1.5616712689999996,837,56,31,{}
GA-FT,0.05,8444,0,64.14981337921111,0.9996863346209192,0.0250091552734375,0.9999924832071252,13107,6556,1.9992373398413668,11984445.724237025,True,True,0.9992946032434702,0.9992462399999997,541,35,10,{}
GA-FT,0.05,1264,0,64.15577941897575,0.9996915499400786,0.024974822998046875,0.9999979063968473,13107,6547,2.0019856422789064,128530535.61206913,True,True,0.799128626473248,0.7990486259999994,432,27,2,{}
GA-FT,0.05,7865,0,64.12603084130512,0.9996803034185044,0.025146484375,0.9999974213037001,13107,6592,1.9883191747572815,13250.319033384323,True,True,0.9664187869057059,0.9661063080000005,491,31,6,{}
GA-FT,0.05,5263,0,64.17972587472676,0.9999258888604443,0.024837493896484375,0.9999759572240149,13107,6511,2.0130548302872064,2254.754215568304,True,True,0.8625642163679004,0.8625350970000003,435,29,4,{}
GA-FT,0.05,279,0,64.19777276643094,0.9998271042811754,0.0247344970703125,0.9999979252413159,13107,6484,2.02143738433066,3350826273.737819,True,True,0.9319889936596155,0.9319385669999996,463,26,1,{}
GA-FT,0.05,7741,0,64.19777276643094,0.9998009607977908,0.0247344970703125,0.9999957014336267,13107,6484,2.02143738433066,178932254.65710986,True,True,1.195424772799015,1.1952703789999983,614,39,14,{}
GA-FT,0.05,5559,0,64.15180114863433,0.9997520983992342,0.024997711181640625,0.999997411891097,13107,6553,2.0001526018617426,154590365.05904925,True,True,0.8908929890021682,0.8905432500000003,491,31,6,{}
GA-FT,0.1,8091,0,61.14879747366628,0.9994334504085428,0.0499114990234375,0.9999768962987131,26214,13084,2.0035157444206666,243150980.0437217,True,True,1.4892781367525458,1.4888410839999988,587,37,12,"{""hist"": [-0.050171, -0.050171, -0.050171, -0.050167, -0.050167, -0.05011, -0.05011, -0.05011, -0.05003, -0.050026, -0.050026, -0.050026, -0.049911, -0.049911, -0.049911, -0.049911, -0.049911, -0.049911, -0.049911, -0.049911, -0.049911, -0.049911, -0.049911, -0.049911, -0.049911, -0.049911, -0.049911, -0.049911, -0.049911, -0.049911, -0.049911, -0.049911, -0.049911, -0.049911, -0.049911, -0.049911, -0.049911, -0.049911]}"
GA-FT,0.1,6260,0,61.15577355970366,0.9996632261775613,0.049831390380859375,0.9999552092375326,26214,13063,2.006736584245579,16533.042370557785,True,True,1.002898145467043,1.0028672420000007,434,27,2,"{""hist"": [-0.050156, -0.050018, -0.049831, -0.049831, -0.049831, -0.049831, -0.049831, -0.049831, -0.049831, -0.049831, -0.049831, -0.049831, -0.049831, -0.049831, -0.049831, -0.049831, -0.049831, -0.049831, -0.049831, -0.049831, -0.049831, -0.049831, -0.049831, -0.049831, -0.049831, -0.049831, -0.049831, -0.049831]}"
GA-FT,0.1,9642,0,61.155108687562276,0.9997005724873939,0.049839019775390625,0.9999839536663752,26214,13065,2.0064293915040183,23835905.437462695,True,True,1.6423505237326026,1.6417779400000008,684,43,18,"{""hist"": [-0.128281, -0.128281, -0.128281, -0.128281, -0.128281, -0.128281, -0.128281, -0.050156, -0.050137, -0.050137, -0.049973, -0.049973, -0.049953, -0.049854, -0.049854, -0.049854, -0.049854, -0.049854, -0.049839, -0.049839, -0.049839, -0.049839, -0.049839, -0.049839, -0.049839, -0.049839, -0.049839, -0.049839, -0.049839, -0.049839, -0.049839, -0.049839, -0.049839, -0.049839, -0.049839, -0.049839, -0.049839, -0.049839, -0.049839, -0.049839, -0.049839, -0.049839, -0.049839, -0.049839]}"
GA-FT,0.1,8444,0,61.18111442286753,0.9993044928607547,0.049541473388671875,0.9999851100062658,26214,12987,2.0184800184800187,23409060.691925228,True,True,1.0148166380822659,1.014353559,418,28,3,"{""hist"": [-0.050282, -0.050282, -0.050205, -0.049541, -0.049541, -0.049541, -0.049541, -0.049541, -0.049541, -0.049541, -0.049541, -0.049541, -0.049541, -0.049541, -0.049541, -0.049541, -0.049541, -0.049541, -0.049541, -0.049541, -0.049541, -0.049541, -0.049541, -0.049541, -0.049541, -0.049541, -0.049541, -0.049541, -0.049541]}"
GA-FT,0.1,1264,0,61.147801804069076,0.9993038662388999,0.049922943115234375,0.9999958141740305,26214,13087,2.003056468250936,149052143.11554804,True,True,1.0029950998723507,1.002889764999999,436,28,3,"{""hist"": [-0.050617, -0.05014, -0.049934, -0.049923, -0.049923, -0.049923, -0.049923, -0.049923, -0.049923, -0.049923, -0.049923, -0.049923, -0.049923, -0.049923, -0.049923, -0.049923, -0.049923, -0.049923, -0.049923, -0.049923, -0.049923, -0.049923, -0.049923, -0.049923, -0.049923, -0.049923, -0.049923, -0.049923, -0.049923]}"
GA-FT,0.1,7865,0,61.154443917192225,0.999278626198861,0.049846649169921875,0.9999948890520222,26214,13067,2.0061222927986533,25679.52293431759,True,True,1.0720912534743547,1.0717804410000014,472,31,6,"{""hist"": [-0.128746, -0.128746, -0.128746, -0.050079, -0.050053, -0.050053, -0.049847, -0.049847, -0.049847, -0.049847, -0.049847, -0.049847, -0.049847, -0.049847, -0.049847, -0.049847, -0.049847, -0.049847, -0.049847, -0.049847, -0.049847, -0.049847, -0.049847, -0.049847, -0.049847, -0.049847, -0.049847, -0.049847, -0.049847, -0.049847, -0.049847, -0.049847]}"
GA-FT,0.1,5263,0,61.13918221610257,0.9998235278844437,0.050022125244140625,0.9999515781861892,26214,13113,1.9990848776023793,4394.196263298392,True,True,1.1555790305137634,1.155243456000001,443,28,3,"{""hist"": [-0.050083, -0.050083, -0.050064, -0.050022, -0.050022, -0.050022, -0.050022, -0.050022, -0.050022, -0.050022, -0.050022, -0.050022, -0.050022, -0.050022, -0.050022, -0.050022, -0.050022, -0.050022, -0.050022, -0.050022, -0.050022, -0.050022, -0.050022, -0.050022, -0.050022, -0.050022, -0.050022, -0.050022, -0.050022]}"
GA-FT,0.1,279,0,61.18011131746543,0.9996262995639148,0.04955291748046875,0.9999958489511261,26214,12990,2.018013856812933,6048983632.704836,True,True,0.9871073802933097,0.9870433500000004,407,26,1,"{""hist"": [-0.050201, -0.049553, -0.049553, -0.049553, -0.049553, -0.049553, -0.049553, -0.049553, -0.049553, -0.049553, -0.049553, -0.049553, -0.049553, -0.049553, -0.049553, -0.049553, -0.049553, -0.049553, -0.049553, -0.049553, -0.049553, -0.049553, -0.049553, -0.049553, -0.049553, -0.049553, -0.049553]}"
GA-FT,0.1,7741,0,61.16176199383332,0.9995643168910415,0.049762725830078125,0.9999913516365514,26214,13045,2.0095055576849368,197506615.35958228,True,True,1.2089988654479384,1.2088352889999996,471,30,5,"{""hist"": [-0.050243, -0.050243, -0.050243, -0.049774, -0.049774, -0.049763, -0.049763, -0.049763, -0.049763, -0.049763, -0.049763, -0.049763, -0.049763, -0.049763, -0.049763, -0.049763, -0.049763, -0.049763, -0.049763, -0.049763, -0.049763, -0.049763, -0.049763, -0.049763, -0.049763, -0.049763, -0.049763, -0.049763, -0.049763, -0.049763, -0.049763]}"
GA-FT,0.1,5559,0,61.197867046707245,0.9994496751326304,0.049350738525390625,0.9999948915695295,26214,12937,2.026281208935611,2439473762.2291336,True,True,1.0026942389085889,1.002607304999998,431,27,2,"{""hist"": [-0.050278, -0.050278, -0.049351, -0.049351, -0.049351, -0.049351, -0.049351, -0.049351, -0.049351, -0.049351, -0.049351, -0.049351, -0.049351, -0.049351, -0.049351, -0.049351, -0.049351, -0.049351, -0.049351, -0.049351, -0.049351, -0.049351, -0.049351, -0.049351, -0.049351, -0.049351, -0.049351, -0.049351]}"
GA-FT,0.2,8091,0,58.130207236917634,0.998788580623657,0.10001373291015625,0.9999537106120362,52429,26218,1.9997330078571973,1099119708.4128046,True,True,1.4239355409517884,1.4238381229999995,443,27,2,{}
GA-FT,0.2,6260,0,58.14913222039753,0.999289203513303,0.099578857421875,0.9999105063540618,52429,26104,2.008466135458167,32472.515252262354,True,True,1.3765175277367234,1.3764521340000009,434,27,2,{}
GA-FT,0.2,9642,0,58.13949341494461,0.9993848968803967,0.09980010986328125,0.9999678686938227,52429,26162,2.004013454628851,57475644.81299173,True,True,1.441967736929655,1.441790214000001,456,28,3,{}
GA-FT,0.2,8444,0,58.151628500514754,0.9985578133168193,0.09952163696289062,0.999970089829421,52429,26089,2.0096209130284794,34587554.3894653,True,True,1.573846261948347,1.573793234,472,29,4,{}
GA-FT,0.2,1264,0,58.13318991499826,0.9986412218124178,0.099945068359375,0.9999916215889657,52429,26200,2.0011068702290076,159257847.18862328,True,True,1.7977542905136943,1.7976867699999985,478,32,7,{}
GA-FT,0.2,7865,0,58.14131982114244,0.9985552074321629,0.09975814819335938,0.9999897720755763,52429,26151,2.0048564108447096,51560.796655356884,True,True,2.046619499102235,2.0462077689999987,561,35,10,{}
GA-FT,0.2,5263,0,58.13733592468692,0.9996587806983417,0.09984970092773438,0.9999033589249008,52429,26175,2.003018147086915,7879.014034032822,True,True,1.5797315631061792,1.5763752370000006,445,29,4,{}
GA-FT,0.2,279,0,58.156792030736995,0.9992745575477531,0.09940338134765625,0.9999916726903646,52429,26058,2.0120116662829073,8384052922.055943,True,True,1.3755082050338387,1.3752290689999995,418,27,2,{}
GA-FT,0.2,7741,0,58.14913222039753,0.9991916413046706,0.099578857421875,0.9999826947455576,52429,26104,2.008466135458167,202586623.9439251,True,True,1.8393683582544327,1.8392513479999977,491,28,3,{}
GA-FT,0.2,5559,0,58.17399249604704,0.9988477923832347,0.09901046752929688,0.9999897503996459,52429,25955,2.0199961471778076,2734036516.076988,True,True,1.5040103755891323,1.5039700410000023,480,30,5,{}
GA-FT,0.4,8091,0,55.149242910167004,0.9975742823534572,0.19868087768554688,0.9999080701169978,104858,52083,2.0132864850335044,3854262220.047883,True,True,2.2461408022791147,2.245920497,486,30,5,{}
GA-FT,0.4,6260,0,55.13666998100505,0.9985743597719265,0.19925689697265625,0.9998209293468946,104858,52234,2.007466401194624,57785.07783201337,True,True,2.1917332215234637,2.1915342960000004,451,28,3,{}
GA-FT,0.4,9642,0,55.14707543919727,0.9988403556504997,0.19878005981445312,0.9999360063744229,104858,52109,2.0122819474562936,43773977.052255206,True,True,2.394130908884108,2.3894458500000013,490,29,4,{}
GA-FT,0.4,8444,0,55.14199446097197,0.9973221508305019,0.19901275634765625,0.9999401950544776,104858,52170,2.0099290780141845,68606359.13559957,True,True,2.9894259171560407,2.989298212999998,504,32,7,{}
GA-FT,0.4,1264,0,55.14607543271049,0.9980194550768353,0.19882583618164062,0.9999833307181433,104858,52121,2.011818652750331,161964906.7528984,True,True,2.643012259155512,2.6429775510000013,458,28,3,{}
GA-FT,0.4,7865,0,55.1335116568821,0.9975211078750992,0.19940185546875,0.9999795545254576,104858,52272,2.0060070400979493,3602929.005941391,True,True,2.4142374293878675,2.4142127640000055,538,34,9,{}
GA-FT,0.4,5263,0,55.145075656432205,0.9993472548135894,0.19887161254882812,0.9998075388428331,104858,52133,2.0113555713271825,14540.482443004847,True,True,2.2227273900061846,2.2225345969999992,479,32,7,{}
GA-FT,0.4,279,0,55.13625428079329,0.9987863793598002,0.19927597045898438,0.999983321450726,104858,52239,2.0072742586956105,13210513586.463913,True,True,2.3783576879650354,2.378025878999999,491,29,4,{}
GA-FT,0.4,7741,0,55.143243330806314,0.998430743227748,0.19895553588867188,0.9999654246519945,104858,52155,2.010507142172371,205021255.38251355,True,True,2.842712599784136,2.8426184059999997,548,32,7,{}
GA-FT,0.4,5559,0,55.13484119762998,0.9982451628235701,0.1993408203125,0.9999793614520701,104858,52256,2.0066212492345374,2840315018.8805985,True,True,2.4734984822571278,2.473300624999993,477,28,3,{}
LSB,0.05,8091,0,64.17905890938427,0.9997396903737601,0.02484130859375,0.9999885024823763,13107,6512,2.0127457002457003,51167620.95316231,True,True,0.0002569872885942459,0.00025381899999998847,,,,{}
LSB,0.05,6260,0,64.19844261216669,0.9998556691038488,0.024730682373046875,0.9999777701553108,13107,6483,2.021749190189727,8225.33663636446,True,True,0.0001874249428510666,0.00018242400000001435,,,,{}
LSB,0.05,9642,0,64.15047586793469,0.9998565432839763,0.025005340576171875,0.999991949029925,13107,6555,1.9995423340961098,6736.412726968527,True,True,0.0001915832981467247,0.0001875129999999725,,,,{}
LSB,0.05,8444,0,64.15577941897575,0.9996823390637961,0.024974822998046875,0.9999924937391848,13107,6547,2.0019856422789064,12730235.208239198,True,True,0.00021404586732387543,0.00021065700000000298,,,,{}
LSB,0.05,1264,0,64.12537207075869,0.9996852038177929,0.025150299072265625,0.9999978916783493,13107,6593,1.9880175944183225,128195290.01974595,True,True,0.00020189303904771805,0.00019840400000004088,,,,{}
LSB,0.05,7865,0,64.14121020951814,0.9996776709290409,0.025058746337890625,0.9999974303126679,13107,6569,1.995280864667377,13217.280520439148,True,True,0.0001751026138663292,0.00017122300000016466,,,,{}
LSB,0.05,5263,0,64.11813218228816,0.9999235558838387,0.0251922607421875,0.9999756132039446,13107,6604,1.9847062386432466,2247.1687223911285,True,True,0.00018646381795406342,0.00018341599999982527,,,,{}
LSB,0.05,279,0,64.16175366575222,0.9998231416502297,0.02494049072265625,0.9999979079690167,13107,6538,2.004741511165494,3167656945.2661495,True,True,0.0003381604328751564,0.0003343000000000096,,,,{}
LSB,0.05,7741,0,64.05156733726771,0.999789119960957,0.02558135986328125,0.9999955542564829,13107,6706,1.9545183417834775,182996470.90377116,True,True,0.00044476334005594254,0.0004412719999997705,,,,{}
LSB,0.05,5559,0,64.19911256123382,0.9997541423956785,0.02472686767578125,0.9999974400311652,13107,6482,2.022061092255477,166856216.77493423,True,True,0.00022825319319963455,0.00022691699999999315,,,,{}
LSB,0.1,8091,0,61.147469964923246,0.9994268766034607,0.0499267578125,0.9999768881252182,26214,13088,2.002903422982885,250570206.45635214,True,True,0.00028759613633155823,0.0002833439999996301,,,,{}
LSB,0.1,6260,0,61.153446952390276,0.9996608632324803,0.04985809326171875,0.9999551844520932,26214,13070,2.0056618209640398,16513.72264045477,True,True,0.0002998374402523041,0.00029610800000012816,,,,{}
LSB,0.1,9642,0,61.170092985873985,0.9996978490167282,0.0496673583984375,0.9999840087356673,26214,13020,2.0133640552995393,12196.680510938168,True,True,0.0002234242856502533,0.00022026499999983074,,,,{}
LSB,0.1,8444,0,61.152118021896726,0.9992911906124203,0.04987335205078125,0.9999850105578887,26214,13074,2.005048187241854,21731638.486751676,True,True,0.0002955803647637367,0.00029293200000024555,,,,{}
LSB,0.1,1264,0,61.16775869674548,0.9993033115548492,0.049694061279296875,0.9999958333519318,26214,13027,2.012282183158056,154271625.35065532,True,True,0.0006237030029296875,0.0006195280000000913,,,,{}
LSB,0.1,7865,0,61.16509247315224,0.9992779364174026,0.049724578857421875,0.999994901817171,26214,13035,2.011047180667434,25621.437153458595,True,True,0.000235116109251976,0.00022986400000002405,,,,{}
LSB,0.1,5263,0,61.14050719355745,0.9998222466539153,0.050006866455078125,0.9999515927540474,26214,13109,1.9996948661225113,4342.232593283057,True,True,0.00021849479526281357,0.00021505499999996402,,,,{}
LSB,0.1,279,0,61.1252943039785,0.9996243707921606,0.050182342529296875,0.999995794354764,26214,13155,1.9927023945267959,6089510372.121323,True,True,0.00029521994292736053,0.00029214100000007903,,,,{}
LSB,0.1,7741,0,61.05716314411648,0.9995486344594636,0.050975799560546875,0.9999911411452759,26214,13363,1.9616852503180424,200340535.21998817,True,True,0.0002234242856502533,0.00022093600000028246,,,,{}
LSB,0.1,5559,0,61.16509247315224,0.9994448190424201,0.049724578857421875,0.9999948531038767,26214,13035,2.011047180667434,2610340657.923024,True,True,0.00024572666734457016,0.00024162600000021683,,,,{}
LSB,0.2,8091,0,58.13302415690893,0.9987887705082241,0.09994888305664062,0.9999537419193469,52429,26201,2.001030495019274,1100237980.0382533,True,True,0.00029466859996318817,0.0002910790000001384,,,,{}
LSB,0.2,6260,0,58.125406115690964,0.9992885690123118,0.10012435913085938,0.999910016030001,52429,26247,1.9975235264982665,32572.659217968583,True,True,0.000291251577436924,0.00028831400000051133,,,,{}
LSB,0.2,9642,0,58.161127472267886,0.9993778527619946,0.09930419921875,0.9999680288846018,52429,26032,2.014021204671174,21497713.3982831,True,True,0.00030632130801677704,0.000302440000000459,,,,{}
LSB,0.2,8444,0,58.125737057154126,0.9985434375626419,0.10011672973632812,0.9999699104600861,52429,26245,1.9976757477614784,36042127.187114865,True,True,0.0002734679728746414,0.00027008899999980684,,,,{}
LSB,0.2,1264,0,58.152127928764735,0.998639149467284,0.09951019287109375,0.9999916571505749,52429,26086,2.00985202790769,163731733.89241117,True,True,0.00031562894582748413,0.0003112670000007256,,,,{}
LSB,0.2,7865,0,58.14813410996628,0.9985533635901642,0.09960174560546875,0.9999897889243287,52429,26110,2.008004595940253,51442.35254573822,True,True,0.0003021014854311943,0.00029923399999987055,,,,{}
LSB,0.2,5263,0,58.13169831989988,0.9996583642819922,0.09997940063476562,0.9999032210745132,52429,26209,2.0004197031554045,7866.26426230371,True,True,0.0002833278849720955,0.0002799879999999533,,,,{}
LSB,0.2,279,0,58.110869601260724,0.9992705982438815,0.10046005249023438,0.9999915856195417,52429,26335,1.990848680463262,8386924130.194107,True,True,0.0002866135910153389,0.00028323400000029864,,,,{}
LSB,0.2,7741,0,58.14996415435388,0.9991894592641885,0.09955978393554688,0.9999826979995802,52429,26099,2.008850913828116,176339374.37335694,True,True,0.00032695941627025604,0.00032278900000015653,,,,{}
LSB,0.2,5559,0,58.156125423702825,0.9988454290903491,0.09941864013671875,0.999989708291723,52429,26062,2.011702862405034,2720689856.810252,True,True,0.0003009112551808357,0.0002983319999998457,,,,{}
LSB,0.4,8091,0,55.12421625087725,0.9975524866783425,0.1998291015625,0.9999075339393693,104858,52384,2.0017180818570557,3739991349.727869,True,True,0.0004734974354505539,0.00046930400000011474,,,,{}
LSB,0.4,6260,0,55.13110290121895,0.998572831058043,0.19951248168945312,0.9998207099608186,104858,52301,2.00489474388635,57859.2450806573,True,True,0.0005102977156639099,0.0005075459999996923,,,,{}
LSB,0.4,9642,0,55.118333914546454,0.9988285722275004,0.20009994506835938,0.9999355813022099,104858,52455,1.9990086741016109,26027696.976027727,True,True,0.000433613546192646,0.00043119299999982985,,,,{}
LSB,0.4,8444,0,55.14182797212492,0.9973142168822314,0.1990203857421875,0.9999401892578152,104858,52172,2.00985202790769,73155214.22852331,True,True,0.0004423195496201515,0.0004386169999994749,,,,{}
LSB,0.4,1264,0,55.13185030311904,0.9980150451906564,0.1994781494140625,0.9999832761604985,104858,52292,2.0052398072362885,170913322.6560156,True,True,0.0006342334672808647,0.0006311800000000645,,,,{}
LSB,0.4,7865,0,55.13866589608856,0.9975190899664376,0.19916534423828125,0.9999795806930242,104858,52210,2.0083891974717485,4423094.881535143,True,True,0.00044715777039527893,0.00044408599999989917,,,,{}
LSB,0.4,5263,0,55.109649262678474,0.9993415974029942,0.20050048828125,0.9998059532921608,104858,52560,1.9950152207001521,14609.281057909131,True,True,0.0004246458411216736,0.0004207429999993906,,,,{}
LSB,0.4,279,0,55.135339880364796,0.9987974977068044,0.19931793212890625,0.9999833136869797,104858,52250,2.0068516746411484,13767627900.758602,True,True,0.000431218184530735,0.0004274760000004818,,,,{}
LSB,0.4,7741,0,55.126372340461444,0.9984212451547648,0.19972991943359375,0.9999652903583583,104858,52358,2.002712097482715,200100430.96259654,True,True,0.0004332317039370537,0.0004298000000000357,,,,{}
LSB,0.4,5559,0,55.120984122188126,0.9982406185921711,0.19997787475585938,0.9999792956607823,104858,52423,2.0002289071590713,2771752196.5746098,True,True,0.0004124213010072708,0.00040950200000011705,,,,{}
LSB-M,0.05,8091,0,64.1431940442625,0.9996696054677356,0.02504730224609375,0.9999884046586314,13107,6566,1.9961925068534876,370940963.92334867,True,True,0.007274185307323933,0.007271091999999979,,,,{}
LSB-M,0.05,6260,0,64.17439301779385,0.9998087936455804,0.024868011474609375,0.9999776460569294,13107,6519,2.0105844454670962,7072.102741472423,True,True,0.00724478904157877,0.007241006000000105,,,,{}
LSB-M,0.05,9642,0,64.14915099153056,0.9998422056674097,0.025012969970703125,0.9999919465602081,13107,6557,1.9989324386152203,28825702.70180779,True,True,0.007169966585934162,0.007166975999999936,,,,{}
LSB-M,0.05,8444,0,64.17372687087652,0.9997932049277951,0.024871826171875,0.9999925244933097,13107,6520,2.010276073619632,13915177.044968344,True,True,0.00714963860809803,0.007145555999999997,,,,{}
LSB-M,0.05,1264,0,64.101067544148,0.9997983753835361,0.02529144287109375,0.9999978794430234,13107,6630,1.976923076923077,9886684.557943612,True,True,0.007210984826087952,0.00721533799999996,,,,{}
LSB-M,0.05,7865,0,64.15909743030609,0.9997615114261588,0.02495574951171875,0.9999974407799616,13107,6542,2.0035157444206666,9515.483690343797,True,True,0.007399733178317547,0.007397561000000108,,,,{}
LSB-M,0.05,5263,0,64.1584336252121,0.9999063469462331,0.024959564208984375,0.9999758385836479,13107,6543,2.0032095369096745,2218.930960983038,True,True,0.0072300611063838005,0.0072267390000000375,,,,{}
LSB-M,0.05,279,0,64.1194476282528,0.9998491901691109,0.02518463134765625,0.9999978867006498,13107,6602,1.985307482581036,683249918.5242169,True,True,0.0071875713765621185,0.007189899999999971,,,,{}
LSB-M,0.05,7741,0,64.17772528590717,0.9998115354054322,0.02484893798828125,0.9999956813763785,13107,6514,2.012127724900215,58544700.72133438,True,True,0.007218579761683941,0.007215827999999869,,,,{}
LSB-M,0.05,5559,0,64.10762293379872,0.9998154492088842,0.0252532958984375,0.99999738544336,13107,6620,1.9799093655589124,118825789.73480415,True,True,0.0071767400950193405,0.007172265999999983,,,,{}
LSB-M,0.1,8091,0,61.17777163882085,0.9993482819270735,0.049579620361328125,0.9999770477981778,26214,12997,2.0169269831499577,683981341.1344824,True,True,0.007482760585844517,0.0074788840000001855,,,,{}
LSB-M,0.1,6260,0,61.163093879090724,0.9996160190171642,0.049747467041015625,0.9999552831330549,26214,13041,2.0101219231654013,14195.323507502675,True,True,0.007541321218013763,0.007539127000000256,,,,{}
LSB-M,0.1,9642,0,61.13157143044206,0.9996845717523767,0.05010986328125,0.9999838661135602,26214,13136,1.9955846528623629,49076231.93566865,True,True,0.007438797503709793,0.007435692999999688,,,,{}
LSB-M,0.1,8444,0,61.13388634492544,0.9995900320037856,0.050083160400390625,0.9999849474615261,26214,13129,1.99664864041435,28501224.029586814,True,True,0.007474995218217373,0.0074721509999999824,,,,{}
LSB-M,0.1,1264,0,61.123643935416354,0.9996039405840259,0.050201416015625,0.9999957909557463,26214,13160,1.9919452887537994,19698594.879247397,True,True,0.007449046708643436,0.007430763999999979,,,,{}
LSB-M,0.1,7865,0,61.13587153991005,0.9995155904430426,0.050060272216796875,0.9999948664551324,26214,13123,1.9975615331860093,391986.0486475378,True,True,0.007738685235381126,0.007735327999999875,,,,{}
LSB-M,0.1,5263,0,61.16242788540455,0.9998109977378437,0.049755096435546875,0.9999518375582128,26214,13043,2.0098136931687494,4457.205571398139,True,True,0.007499021477997303,0.007495484999999746,,,,{}
LSB-M,0.1,279,0,61.186133428186366,0.9997062989695872,0.0494842529296875,0.9999958479972297,26214,12972,2.0208140610545793,1402738153.1216593,True,True,0.007587248459458351,0.007584221999999752,,,,{}
LSB-M,0.1,7741,0,61.093060848507655,0.9996171935556137,0.050556182861328125,0.9999912135052784,26214,13253,1.9779672526975025,118543744.78610197,True,True,0.007806183770298958,0.007801983000000234,,,,{}
LSB-M,0.1,5559,0,61.17342986257985,0.9996440794962821,0.04962921142578125,0.9999948617357654,26214,13010,2.0149116064565717,252787663.6043041,True,True,0.007449817843735218,0.007447283999999943,,,,{}
LSB-M,0.2,8091,0,58.15179497021671,0.9986893000099338,0.099517822265625,0.9999539355058098,52429,26088,2.0096979454155166,1533274536.3365133,True,True,0.008180263452231884,0.008129619999999171,,,,{}
LSB-M,0.2,6260,0,58.153460018283354,0.9992304395452506,0.09947967529296875,0.9999105914436672,52429,26078,2.010468594217348,28314.681532353163,True,True,0.008032653480768204,0.008028350000000017,,,,{}
LSB-M,0.2,9642,0,58.11185918310133,0.9993667040716191,0.10043716430664062,0.9999676638220564,52429,26329,1.9913023662121614,99457555.96505205,True,True,0.008310609497129917,0.00830841700000029,,,,{}
LSB-M,0.2,8444,0,58.13766777651096,0.9991797457870497,0.09984207153320312,0.9999699923997608,52429,26173,2.003171206969014,53796073.52744792,True,True,0.008255445398390293,0.008252192000000491,,,,{}
LSB-M,0.2,1264,0,58.120775581192916,0.9992135987618945,0.10023117065429688,0.9999915960276988,52429,26275,1.9953948620361561,35892366.60481566,True,True,0.008093277923762798,0.008089975999999943,,,,{}
LSB-M,0.2,7865,0,58.152460912841505,0.9990394041912114,0.0995025634765625,0.9999897960305869,52429,26084,2.010006134028523,821072.7472389042,True,True,0.00820991862565279,0.008207436999999373,,,,{}
LSB-M,0.2,5263,0,58.12193275204016,0.9996214001450157,0.1002044677734375,0.9999030064538438,52429,26268,1.9959266027105222,8905.063078418374,True,True,0.008085141889750957,0.008080817999999823,,,,{}
LSB-M,0.2,279,0,58.134184596413235,0.9994082105240374,0.09992218017578125,0.999991616518584,52429,26194,2.001565243948996,2791309431.0687375,True,True,0.008104530163109303,0.00810207800000029,,,,{}
LSB-M,0.2,7741,0,58.105266226020476,0.9992337977427178,0.10058975219726562,0.9999825178777857,52429,26369,1.988281694413895,235036911.63801894,True,True,0.008132372051477432,0.00812917000000013,,,,{}
LSB-M,0.2,5559,0,58.110869601260724,0.9992749844329474,0.10046005249023438,0.999989598884762,52429,26335,1.990848680463262,627938003.6073477,True,True,0.00810850691050291,0.008105894999999919,,,,{}
LSB-M,0.4,8091,0,55.102714023670025,0.9973690264619647,0.2008209228515625,0.9999070408423426,104858,52644,1.9918319276650711,2922787655.043049,True,True,0.009343357756733894,0.009340742000000013,,,,{}
LSB-M,0.4,6260,0,55.11932755290097,0.9984636548690445,0.20005416870117188,0.9998202148443243,104858,52443,1.999466086989684,56881.713838502765,True,True,0.009303102269768715,0.009300437000000272,,,,{}
LSB-M,0.4,9642,0,55.10882305801147,0.9987335099736876,0.20053863525390625,0.9999354383791229,104858,52570,1.9946357237968424,198206676.0802056,True,True,0.009339621290564537,0.009336334000000335,,,,{}
LSB-M,0.4,8444,0,55.12604056469207,0.9983594738062813,0.19974517822265625,0.9999399669791742,104858,52362,2.002559107749895,110052864.18904145,True,True,0.009325736202299595,0.009321877000000534,,,,{}
LSB-M,0.4,1264,0,55.14957646327244,0.998434165538485,0.19866561889648438,0.9999833432485397,104858,52079,2.0134411183010426,72791179.70267627,True,True,0.009451053105294704,0.009449097000000073,,,,{}
LSB-M,0.4,7865,0,55.11345182990611,0.9980671700976036,0.20032501220703125,0.9999794570937842,104858,52514,1.9967627680237652,1903613.3834152594,True,True,0.009385808371007442,0.009382561999999872,,,,{}
LSB-M,0.4,5263,0,55.117257729478624,0.9992444672108948,0.2001495361328125,0.9998062972416342,104858,52468,1.9985133795837462,17840.302899047732,True,True,0.009390168823301792,0.009387260000000452,,,,{}
LSB-M,0.4,279,0,55.12604056469207,0.9988220032406738,0.19974517822265625,0.9999832440487846,104858,52362,2.002559107749895,5580567803.265542,True,True,0.009316908195614815,0.009313011000000593,,,,{}
LSB-M,0.4,7741,0,55.121066967241674,0.9984745649521589,0.19997406005859375,0.9999652447369666,104858,52422,2.0002670634466444,492890119.10412043,True,True,0.009395998902618885,0.009391136999999716,,,,{}
LSB-M,0.4,5559,0,55.116099059105544,0.9985573812304588,0.20020294189453125,0.999979271950424,104858,52482,1.9979802598986318,1019205138.825334,True,True,0.00947821419686079,0.00947548699999956,,,,{}
EA-LSB,0.05,8091,0,64.20581774215356,0.9999885640480388,0.024688720703125,0.9999885704404178,13107,6472,2.025185414091471,12717351.705388196,True,True,0.061819824390113354,0.061819458999999966,,,,{}
EA-LSB,0.05,6260,0,64.14981337921111,0.9999474688168785,0.0250091552734375,0.9999775195179693,13107,6556,1.9992373398413668,4847.86548435688,True,True,0.07594060245901346,0.07593915699999998,,,,{}
EA-LSB,0.05,9642,0,64.12010550067987,0.9999805663464748,0.025180816650390625,0.9999918927979299,13107,6601,1.9856082411755795,525160.9642901048,True,True,0.08776984643191099,0.08762759399999998,,,,{}
EA-LSB,0.05,8444,0,64.12273798739119,0.9999892109094766,0.025165557861328125,0.9999924363396447,13107,6597,1.98681218735789,1568294.0236774534,True,True,0.07419052440673113,0.07419033099999983,,,,{}
EA-LSB,0.05,1264,0,64.13856650539203,0.9999877992002796,0.025074005126953125,0.9999978976522609,13107,6573,1.9940666362391601,2337.343460984528,True,True,0.07459073234349489,0.074589864,,,,{}
EA-LSB,0.05,7865,0,64.19174879946816,0.9999852881399637,0.024768829345703125,0.9999974599404275,13107,6493,2.018635453565378,5851.324244014919,True,True,0.0655406704172492,0.06552201699999993,,,,{}
EA-LSB,0.05,5263,0,64.19107998529589,0.9999612014826496,0.02477264404296875,0.999976018528927,13107,6494,2.018324607329843,1662.797909900546,True,True,0.0756506035104394,0.07565168600000005,,,,{}
EA-LSB,0.05,279,0,64.12603084130512,0.9999921446448321,0.025146484375,0.9999978898861758,13107,6592,1.9883191747572815,131947090.61322552,True,True,0.07032703794538975,0.07032572800000025,,,,{}
EA-LSB,0.05,7741,0,64.18372981921966,0.9999822579144563,0.024814605712890625,0.9999956872731627,13107,6505,2.0149116064565717,74273860.7030102,True,True,0.06852800771594048,0.06852716900000022,,,,{}
EA-LSB,0.05,5559,0,64.13988815629057,0.9999740330099504,0.025066375732421875,0.9999974048243926,13107,6571,1.9946735656673262,747445.0187721476,True,True,0.07063005305826664,0.07062937099999989,,,,{}
EA-LSB,0.1,8091,0,61.1761012111611,0.999962857557442,0.04959869384765625,0.9999770381787776,26214,13002,2.0161513613290265,72485848.68295169,True,True,0.05382881127297878,0.05382845000000014,,,,{}
EA-LSB,0.1,6260,0,61.16176199383332,0.9998582085504591,0.049762725830078125,0.9999552691881235,26214,13045,2.0095055576849368,10623.426971040666,True,True,0.07291468512266874,0.07291385700000008,,,,{}
EA-LSB,0.1,9642,0,61.125954627047896,0.9999517130931366,0.050174713134765625,0.9999838457440678,26214,13153,1.993005398008059,2095286.827777259,True,True,0.07218764536082745,0.07218711699999991,,,,{}
EA-LSB,0.1,8444,0,61.170092985873985,0.9999740015365021,0.0496673583984375,0.9999850720338824,26214,13020,2.0133640552995393,4888832.931224026,True,True,0.06719955708831549,0.067197583,,,,{}
EA-LSB,0.1,1264,0,61.153779248562365,0.9999657485434599,0.049854278564453125,0.9999958200297995,26214,13069,2.005815288086311,4174.334847956896,True,True,0.06885227095335722,0.06885300300000008,,,,{}
EA-LSB,0.1,7865,0,61.161429086331026,0.999956426354302,0.04976654052734375,0.9999948964497611,26214,13046,2.0093515253717613,12850.1777221784,True,True,0.07425456680357456,0.07425556499999963,,,,{}
EA-LSB,0.1,5263,0,61.16509247315224,0.9999101831694817,0.049724578857421875,0.9999518644883963,26214,13035,2.011047180667434,3424.334066942334,True,True,0.07359675969928503,0.07359410799999999,,,,{}
EA-LSB,0.1,279,0,61.16109620434574,0.9999763593003383,0.049770355224609375,0.9999958234744902,26214,13047,2.009197516670499,199283208.18650156,True,True,0.07028262410312891,0.07028166599999963,,,,{}
EA-LSB,0.1,7741,0,61.122983963555946,0.9999462277091995,0.05020904541015625,0.9999912737312612,26214,13162,1.991642607506458,186055214.09974748,True,True,0.06894320342689753,0.06894190100000053,,,,{}
EA-LSB,0.1,5559,0,61.140175911294875,0.9999342819955316,0.05001068115234375,0.9999948222146606,26214,13110,1.9995423340961098,599903.4958453849,True,True,0.07363272737711668,0.07335910499999976,,,,{}
EA-LSB,0.2,8091,0,58.119949219318286,0.9997242446008383,0.100250244140625,0.9999535954041099,52429,26280,1.9950152207001521,502556227.72686076,True,True,0.05332906357944012,0.05332828700000025,,,,{}
EA-LSB,0.2,6260,0,58.13617464295135,0.9996227794606319,0.09987640380859375,0.9999102293678787,52429,26182,2.002482621648461,22958.89331316203,True,True,0.06941833440214396,0.06941722599999967,,,,{}
EA-LSB,0.2,9642,0,58.11532449632353,0.9998585044891446,0.1003570556640625,0.9999676901895315,52429,26308,1.9928918960012163,13362415.378135256,True,True,0.0719034168869257,0.07190163799999993,,,,{}
EA-LSB,0.2,8444,0,58.12722660589574,0.9999279891390521,0.1000823974609375,0.9999699186716199,52429,26236,1.9983610306449153,6981272.345901653,True,True,0.06887015607208014,0.06886956499999997,,,,{}
EA-LSB,0.2,1264,0,58.11796659211241,0.9998907991297816,0.1002960205078125,0.9999915908132523,52429,26292,1.9941046706222425,1798172.8183199018,True,True,0.06911472976207733,0.06911411599999973,,,,{}
EA-LSB,0.2,7865,0,58.14746883042774,0.9998257171999584,0.09961700439453125,0.9999897844799926,52429,26114,2.0076970207551503,26843.810443393886,True,True,0.06439846474677324,0.06439692600000058,,,,{}
EA-LSB,0.2,5263,0,58.14181806525691,0.9997857755664296,0.0997467041015625,0.999903444424784,52429,26148,2.0050864310845955,7174.272736445069,True,True,0.07585345767438412,0.07585269399999994,,,,{}
EA-LSB,0.2,279,0,58.13932741609819,0.9999253172094216,0.09980392456054688,0.9999916248775474,52429,26163,2.00393685739403,262820254.75763276,True,True,0.07020250242203474,0.07020259599999967,,,,{}
EA-LSB,0.2,7741,0,58.14397778385803,0.9998188264263445,0.09969711303710938,0.9999826729755452,52429,26135,2.0060837956762962,260525730.21892056,True,True,0.06887079682201147,0.06874944800000016,,,,{}
EA-LSB,0.2,5559,0,58.10329028900711,0.9998123290650455,0.10063552856445312,0.9999895807454916,52429,26381,1.9873772791023843,901836.464413859,True,True,0.07027809508144855,0.07027652600000067,,,,{}
EA-LSB,0.4,8091,0,55.12015575855949,0.9982506563670724,0.20001602172851562,0.9999074188945063,104858,52433,1.9998474243320046,1562272198.4751046,True,True,0.05471600405871868,0.05471588199999999,,,,{}
EA-LSB,0.4,6260,0,55.12380174095367,0.9990081393785395,0.19984817504882812,0.9998204189595356,104858,52389,2.001527038118689,49294.672438018024,True,True,0.07320687919855118,0.07320587700000036,,,,{}
EA-LSB,0.4,9642,0,55.130272605491456,0.9994746559243096,0.19955062866210938,0.9999357581926728,104858,52311,2.0045114794211543,29037359.760888837,True,True,0.07627066969871521,0.07627010099999865,,,,{}
EA-LSB,0.4,8444,0,55.11403077342747,0.9996253342244016,0.20029830932617188,0.9999398030308717,104858,52507,1.9970289675662292,14190866.30251532,True,True,0.07031180895864964,0.07031023000000047,,,,{}
EA-LSB,0.4,1264,0,55.12546001807686,0.999500998108731,0.19977188110351562,0.9999832510924185,104858,52369,2.002291431954019,6471300.183981508,True,True,0.07319805212318897,0.0731784649999998,,,,{}
EA-LSB,0.4,7865,0,55.12413334572745,0.9991961923739707,0.19983291625976562,0.9999795082114902,104858,52385,2.001679870191849,55688.15599795431,True,True,0.06720580905675888,0.06720358499999968,,,,{}
EA-LSB,0.4,5263,0,55.12363594806114,0.9994745035819291,0.19985580444335938,0.9998065564531623,104858,52391,2.0014506308335402,15408.249731227756,True,True,0.077912213280797,0.07791061300000024,,,,{}
EA-LSB,0.4,279,0,55.11974163598774,0.9996838236796922,0.20003509521484375,0.999983213767566,104858,52438,1.999656737480453,425576896.9923608,True,True,0.07199394050985575,0.07199348199999989,,,,{}
EA-LSB,0.4,7741,0,55.12056992062378,0.9993384015910907,0.1999969482421875,0.9999652408836734,104858,52428,2.0000381475547417,335949456.0234731,True,True,0.06933120917528868,0.06933056399999948,,,,{}
EA-LSB,0.4,5559,0,55.144409266754614,0.9993554663602218,0.19890213012695312,0.9999794074073778,104858,52141,2.011046968796149,1136669.897079885,True,True,0.07829835545271635,0.078298062,,,,{}
PVD,0.05,8091,0,55.15708818889718,0.998814537164192,0.19832229614257812,0.9999082867709098,13107,6687,1.9600717810677435,60526361.824243784,,True,0.017271634191274643,0.017269685000000035,,,,{}
PVD,0.05,6260,0,58.24960900652819,0.9995584166680058,0.09730148315429688,0.9999126037659806,13107,6726,1.9487065120428189,8605.173344254494,,True,0.01709923706948757,0.01709628799999996,,,,{}
PVD,0.05,9642,0,55.37137932021844,0.9993706924859728,0.18877410888671875,0.99993925858538,13107,6569,1.995280864667377,7401.330383554101,,True,0.0163352582603693,0.016332108000000067,,,,{}
PVD,0.05,8444,0,57.10613030410968,0.9986235388526967,0.12660980224609375,0.9999619678491505,13107,6825,1.9204395604395605,19106533.718767524,,True,0.017230725847184658,0.017229087999999892,,,,{}
PVD,0.05,1264,0,56.94822034515154,0.9985525289125909,0.13129806518554688,0.9999889983871842,13107,6872,1.9073050058207217,171108869.041111,,True,0.017186542972922325,0.01718418399999999,,,,{}
PVD,0.05,7865,0,57.455441854469825,0.9987224526788845,0.11682510375976562,0.9999880329930305,13107,6836,1.9173493270918667,13898.404168605804,,True,0.0182200837880373,0.018217611000000078,,,,{}
PVD,0.05,5263,0,57.5182910263008,0.9997197238020127,0.11514663696289062,0.9998886419269853,13107,6663,1.9671319225574067,2343.0451810508966,,True,0.016933001577854156,0.01693120700000006,,,,{}
PVD,0.05,279,0,53.91545569155624,0.9992111716340719,0.2639579772949219,0.9999778546208494,13107,6492,2.0189463955637708,217257881.6456355,,True,0.01789609808474779,0.017892948999999936,,,,{}
PVD,0.05,7741,0,57.2149100019767,0.9991705909387352,0.12347793579101562,0.9999785521253992,13107,6759,1.9391921881935197,150747888.6414404,,True,0.017302862368524075,0.017301173999999975,,,,{}
PVD,0.05,5559,0,58.134350398800066,0.9990963181402096,0.09991836547851562,0.9999896751106175,13107,6609,1.9832047208352246,18285343.96383953,,True,0.017282645218074322,0.017280555000000142,,,,{}
PVD,0.1,8091,0,52.00066404762868,0.9970754364934529,0.41021728515625,0.9998103991907914,26214,13462,1.9472589511216758,119896233.26083294,,True,0.033461385406553745,0.033458782999999936,,,,{}
PVD,0.1,6260,0,55.39064165097392,0.9989142936067478,0.18793869018554688,0.9998313528015413,26214,13130,1.9964965727341966,16641.924502432346,,True,0.03421488404273987,0.03421320499999991,,,,{}
PVD,0.1,9642,0,52.13302664492587,0.9986386375044095,0.3979034423828125,0.9998720404272917,26214,12783,2.05069232574513,12757.18960211426,,True,0.032613527961075306,0.03261143600000027,,,,{}
PVD,0.1,8444,0,54.21085343029055,0.996769416015124,0.24660110473632812,0.9999259669974239,26214,13710,1.912035010940919,23522993.771768093,,True,0.03496554773300886,0.034963277999999764,,,,{}
PVD,0.1,1264,0,54.039344521036526,0.9965399667954942,0.2565345764160156,0.9999785193659745,26214,13725,1.9099453551912569,219593482.3056785,,True,0.034604103304445744,0.03460112600000009,,,,{}
PVD,0.1,7865,0,54.50662444767435,0.9969606982827501,0.23036575317382812,0.999976431162467,26214,13496,1.9423532898636633,26762.38931977749,,True,0.03526315279304981,0.03525994799999976,,,,{}
PVD,0.1,5263,0,54.703391077012284,0.9993476237753186,0.22016143798828125,0.9997873891605349,26214,13242,1.9796103307657453,4432.126597464085,,True,0.034109124913811684,0.034106244000000174,,,,{}
PVD,0.1,279,0,50.51985202419465,0.9982485880348738,0.5768928527832031,0.9999516111535964,26214,12925,2.0281624758220502,314984988.91631925,,True,0.035784803330898285,0.03578206099999992,,,,{}
PVD,0.1,7741,0,54.53707960112111,0.9980565710981533,0.22875595092773438,0.9999602910374049,26214,13496,1.9423532898636633,171599782.91095388,,True,0.034729079343378544,0.03472699300000048,,,,{}
PVD,0.1,5559,0,55.106510520779494,0.9978630664316349,0.20064544677734375,0.9999793003759511,26214,13360,1.962125748502994,150543574.68561536,,True,0.03579185623675585,0.03578932499999965,,,,{}
PVD,0.2,8091,0,48.87648751423245,0.9936769843827474,0.8422317504882812,0.9996114619260755,52429,26838,1.9535360310008196,874715563.0056454,,True,0.06713017635047436,0.06712720099999991,,,,{}
PVD,0.2,6260,0,52.218720268710186,0.9975191934410621,0.39012908935546875,0.9996505915126761,52429,26521,1.9768862410919648,33684.93903082609,,True,0.06814386788755655,0.0681405710000007,,,,{}
PVD,0.2,9642,0,48.897131390458746,0.9971482246013403,0.8382377624511719,0.9997308137286287,52429,25820,2.030557707203718,23189.79535548389,,True,0.06552688498049974,0.06552485100000016,,,,{}
PVD,0.2,8444,0,51.2702734219388,0.9931786630232058,0.4853477478027344,0.9998544476986727,52429,27171,1.9295940524824262,54910913.02690202,,True,0.06929185427725315,0.06928979599999963,,,,{}
PVD,0.2,1264,0,51.08098569718193,0.9928323207115441,0.5069694519042969,0.9999576149011155,52429,27546,1.9033253466928048,248370397.3149954,,True,0.06829923298209906,0.06829614399999961,,,,{}
PVD,0.2,7865,0,51.441370125599455,0.9933683750489138,0.4665985107421875,0.9999523690791496,52429,27012,1.9409521694061898,52948.69702374935,,True,0.0706771919503808,0.07067379499999937,,,,{}
PVD,0.2,5263,0,51.5811455058635,0.9985372646314992,0.45182037353515625,0.9995643285582066,52429,26366,1.9885079268755215,8527.650043860078,,True,0.06708398833870888,0.06708084300000028,,,,{}
PVD,0.2,279,0,46.567270726340986,0.9966003559311881,1.4333534240722656,0.9998798116087051,52429,25670,2.0424230619400077,568970343.5767038,,True,0.07201534975320101,0.0720128080000002,,,,{}
PVD,0.2,7741,0,51.62477800410426,0.9964969990820437,0.44730377197265625,0.9999224428910778,52429,26502,1.97830352426232,161282827.7470361,,True,0.06805833429098129,0.06805604200000026,,,,{}
PVD,0.2,5559,0,51.96623053053243,0.9952183990020831,0.413482666015625,0.9999574958049541,52429,26869,1.951282146711824,385978687.79475033,,True,0.07073068432509899,0.07072712500000033,,,,{}
PVD,0.4,8091,0,45.7035956812443,0.986816804326637,1.7487220764160156,0.9991959633714466,104858,53632,1.955138723150358,2123564304.5805762,,True,0.134012701921165,0.13400917999999962,,,,{}
PVD,0.4,6260,0,48.859838982445474,0.9948572978462656,0.8454666137695312,0.9992454280558966,104858,53068,1.9759176905102886,62495.62217216194,,True,0.13501095585525036,0.13500733099999973,,,,{}
PVD,0.4,9642,0,45.98158897207703,0.9944842343499536,1.6402931213378906,0.9994744699423874,104858,51372,2.0411508214591607,39973015.543533556,,True,0.13070265389978886,0.13069876199999975,,,,{}
PVD,0.4,8444,0,47.71982065978679,0.9861446681298671,1.0992546081542969,0.9996708487808261,104858,54442,1.92604974100878,93039841.73004451,,True,0.13557211868464947,0.13556788699999966,,,,{}
PVD,0.4,1264,0,47.46391620050056,0.987507897548776,1.1659736633300781,0.9999026993801832,104858,54004,1.9416709873342715,266798889.8084678,,True,0.13584393355995417,0.1358410120000002,,,,{}
PVD,0.4,7865,0,48.44111219857713,0.9876798329372312,0.9310417175292969,0.999905124895644,104858,53961,1.94321825021775,3610783.76487875,,True,0.14051493257284164,0.1405103909999994,,,,{}
PVD,0.4,5263,0,48.18677826781447,0.997155856941973,0.9871940612792969,0.9990506623312486,104858,52306,2.0047030933353724,14871.269328802824,,True,0.13324884325265884,0.1332454209999998,,,,{}
PVD,0.4,279,0,43.735073611382205,0.9937420954769682,2.7515220642089844,0.9997694648029316,104858,50539,2.0747937236589564,905810084.8934186,,True,0.1380096012726426,0.13800553199999932,,,,{}
PVD,0.4,7741,0,48.44636462356889,0.9935509330208575,0.9299163818359375,0.9998391295818169,104858,52985,1.9790129281872229,165189436.79922426,,True,0.13672893308103085,0.13672486799999994,,,,{}
PVD,0.4,5559,0,48.23154746543181,0.9907498225465575,0.9770698547363281,0.9998996885499368,104858,53243,1.9694232105628908,672507150.9682608,,True,0.13824325520545244,0.1382140249999999,,,,{}
HILL-STC,0.05,8091,0,66.02210683716854,0.9999891312322146,0.0162506103515625,0.9999928223358643,13107,4260,3.0767605633802817,3057950.293098811,True,True,0.8898779237642884,0.8898548319999999,,,,"{""stc_h"": 10, ""coding"": ""STC h=10""}"
HILL-STC,0.05,6260,0,68.07392212123591,0.9999572466141576,0.0101318359375,0.9999910727637562,13107,2656,4.934864457831325,1093.2801710143685,True,True,0.7292082505300641,0.7290967029999997,,,,"{""stc_h"": 10, ""coding"": ""STC h=10""}"
HILL-STC,0.05,9642,0,68.16312990594004,0.9999765530941281,0.00992584228515625,0.9999968359887703,13107,2602,5.037279016141429,476.9955972135067,True,True,0.7062713839113712,0.7060991250000002,,,,"{""stc_h"": 10, ""coding"": ""STC h=10""}"
HILL-STC,0.05,8444,0,68.07883032837242,0.9999901934323844,0.010120391845703125,0.9999969910117765,13107,2653,4.940444779494912,468.63612485677004,True,True,0.6932964362204075,0.6932583050000001,,,,"{""stc_h"": 10, ""coding"": ""STC h=10""}"
HILL-STC,0.05,1264,0,68.03809710143581,0.9999882157959846,0.01021575927734375,0.9999991525608003,13107,2678,4.894324122479462,37687.034575127065,True,True,0.6945492932572961,0.6941954109999999,,,,"{""stc_h"": 10, ""coding"": ""STC h=10""}"
HILL-STC,0.05,7865,0,67.68922874717855,0.9999653440982538,0.01107025146484375,0.9999988787303074,13107,2902,4.516540317022743,1038.1988430023193,True,True,0.7025040592998266,0.7021428569999992,,,,"{""stc_h"": 10, ""coding"": ""STC h=10""}"
HILL-STC,0.05,5263,0,69.37374566681454,0.9999799742138049,0.007511138916015625,0.999992789184837,13107,1969,6.656678517013712,445.9169551283121,True,True,0.7301265420392156,0.7299767910000003,,,,"{""stc_h"": 10, ""coding"": ""STC h=10""}"
HILL-STC,0.05,279,0,67.63864231575539,0.999986287792376,0.011199951171875,0.9999990710262,13107,2936,4.464237057220709,12303677.316831,True,True,0.711273348890245,0.7112465429999997,,,,"{""stc_h"": 10, ""coding"": ""STC h=10""}"
HILL-STC,0.05,7741,0,67.43069566319127,0.9999602498385257,0.011749267578125,0.9999979949626062,13107,3080,4.255519480519481,38209.71503216401,True,True,0.732927905395627,0.7327778899999995,,,,"{""stc_h"": 10, ""coding"": ""STC h=10""}"
HILL-STC,0.05,5559,0,68.52677584206135,0.9999821449523961,0.009128570556640625,0.9999990636046997,13107,2393,5.477225240284162,421.03727389127016,True,True,0.6955260457471013,0.6953269029999998,,,,"{""stc_h"": 10, ""coding"": ""STC h=10""}"
HILL-STC,0.1,8091,0,62.9485528520963,0.9999580584699919,0.032978057861328125,0.9999855329175774,26214,8645,3.0322729901677272,3060216.9611531403,True,True,0.720489326864481,0.7203365850000001,,,,"{""stc_h"": 10, ""coding"": ""STC h=10""}"
HILL-STC,0.1,6260,0,64.80110232549531,0.9999001539065553,0.021526336669921875,0.9999813925296331,26214,5643,4.645401382243487,2775.9106064513326,True,True,0.7008689381182194,0.7008554319999991,,,,"{""stc_h"": 10, ""coding"": ""STC h=10""}"
HILL-STC,0.1,9642,0,64.59959323470684,0.9999441336563518,0.022548675537109375,0.9999929039386819,26214,5911,4.434782608695652,1216.239378735423,True,True,0.7223344342783093,0.7218582720000004,,,,"{""stc_h"": 10, ""coding"": ""STC h=10""}"
HILL-STC,0.1,8444,0,64.48431591744314,0.9999762732328883,0.02315521240234375,0.9999932071450828,26214,6070,4.318616144975288,1199.604862704873,True,True,0.7434121165424585,0.7428386699999994,,,,"{""stc_h"": 10, ""coding"": ""STC h=10""}"
HILL-STC,0.1,1264,0,64.55573211637792,0.9999691027650354,0.022777557373046875,0.9999981348497338,26214,5971,4.390219393736393,38319.82997111231,True,True,0.7502608234062791,0.7496056010000007,,,,"{""stc_h"": 10, ""coding"": ""STC h=10""}"
HILL-STC,0.1,7865,0,64.25372455623781,0.9999142259115184,0.024417877197265625,0.9999975604920324,26214,6401,4.095297609748477,2840.7253655567765,True,True,0.7547783022746444,0.7544921289999991,,,,"{""stc_h"": 10, ""coding"": ""STC h=10""}"
HILL-STC,0.1,5263,0,65.88562599068119,0.9999548248722698,0.0167694091796875,0.999984067427531,26214,4396,5.963148316651502,1021.3111049830914,True,True,0.7217508982867002,0.7217064349999998,,,,"{""stc_h"": 10, ""coding"": ""STC h=10""}"
HILL-STC,0.1,279,0,64.14650245062273,0.9999647336652899,0.025028228759765625,0.999997954892197,26214,6561,3.995427526291724,12192477.611946866,True,True,0.7096651382744312,0.7095921370000013,,,,"{""stc_h"": 10, ""coding"": ""STC h=10""}"
HILL-STC,0.1,7741,0,64.05869701471543,0.9999061307885048,0.025539398193359375,0.99999572468784,26214,6695,3.9154592979835696,2568.693879324943,True,True,0.7138888295739889,0.713786773999999,,,,"{""stc_h"": 10, ""coding"": ""STC h=10""}"
HILL-STC,0.1,5559,0,65.02293473172712,0.9999538892703097,0.02045440673828125,0.9999979265804756,26214,5362,4.888847444983215,1030.3327529653907,True,True,0.7015880309045315,0.7014445609999989,,,,"{""stc_h"": 10, ""coding"": ""STC h=10""}"
HILL-STC,0.2,8091,0,60.30059304702835,0.9997830423576533,0.06067657470703125,0.9999739678494566,52429,15906,3.29617754306551,235699.23850548454,True,True,0.7336138552054763,0.7334930569999969,,,,"{""stc_h"": 10, ""coding"": ""STC h=10""}"
HILL-STC,0.2,6260,0,61.50128954293873,0.9997683744957097,0.0460205078125,0.999961521667916,52429,12064,4.345905172413793,7384.295774467289,True,True,0.720241536386311,0.7199720099999993,,,,"{""stc_h"": 10, ""coding"": ""STC h=10""}"
HILL-STC,0.2,9642,0,60.96106001820785,0.9998597606842675,0.05211639404296875,0.9999840949943035,52429,13662,3.837578685404772,3405.4216612428427,True,True,0.7209511306136847,0.7203674719999995,,,,"{""stc_h"": 10, ""coding"": ""STC h=10""}"
HILL-STC,0.2,8444,0,60.78842868022327,0.9999330872316569,0.054229736328125,0.9999845904819409,52429,14216,3.6880275745638715,3396.753304965794,True,True,0.7219487829133868,0.7213815240000017,,,,"{""stc_h"": 10, ""coding"": ""STC h=10""}"
HILL-STC,0.2,1264,0,60.96869596710957,0.9999065254660947,0.05202484130859375,0.9999958681096484,52429,13638,3.8443320134917145,2872.1403872594237,True,True,0.7218279344961047,0.721389448,,,,"{""stc_h"": 10, ""coding"": ""STC h=10""}"
HILL-STC,0.2,7865,0,60.904841926988325,0.9997857640380466,0.05279541015625,0.9999948835778192,52429,13840,3.7882225433526013,8234.715801090002,True,True,0.7372928215190768,0.7370336999999978,,,,"{""stc_h"": 10, ""coding"": ""STC h=10""}"
HILL-STC,0.2,5263,0,62.16344376137697,0.9998919596695316,0.03951263427734375,0.9999633991990117,52429,10358,5.06169144622514,2496.5542260706425,True,True,0.728099207393825,0.7279235929999999,,,,"{""stc_h"": 10, ""coding"": ""STC h=10""}"
HILL-STC,0.2,279,0,60.566016068829434,0.999910315355408,0.057079315185546875,0.9999954884165454,52429,14963,3.5039096437880106,12231892.131666396,True,True,0.7320811785757542,0.7317336519999991,,,,"{""stc_h"": 10, ""coding"": ""STC h=10""}"
HILL-STC,0.2,7741,0,60.73348278167488,0.999787197437022,0.054920196533203125,0.9999911457084193,52429,14397,3.6416614572480377,7805.959451239556,True,True,0.7337250960990787,0.7333330849999982,,,,"{""stc_h"": 10, ""coding"": ""STC h=10""}"
HILL-STC,0.2,5559,0,61.40094010188481,0.9998755664033857,0.04709625244140625,0.9999953653333691,52429,12346,4.246638587396728,2679.140956789255,True,True,0.7237083902582526,0.7234749380000025,,,,"{""stc_h"": 10, ""coding"": ""STC h=10""}"
HILL-STC,0.4,8091,0,57.4385991136328,0.9991692252985237,0.117279052734375,0.9999524891021419,104858,30744,3.410681759042415,414649.4702174328,True,True,0.7709252433851361,0.770591348,,,,"{""stc_h"": 10, ""coding"": ""STC h=10""}"
HILL-STC,0.4,6260,0,57.92650969081585,0.9994280224024361,0.10481643676757812,0.9999179550473248,104858,27477,3.816209921024857,21395.984084948897,True,True,0.8163310000672936,0.8160986990000012,,,,"{""stc_h"": 10, ""coding"": ""STC h=10""}"
HILL-STC,0.4,9642,0,57.23656525274993,0.9996399833655091,0.12286376953125,0.9999653099488649,104858,32208,3.2556507699950323,11063.838382214308,True,True,0.7922925027087331,0.7918889040000003,,,,"{""stc_h"": 10, ""coding"": ""STC h=10""}"
HILL-STC,0.4,8444,0,56.749439671734066,0.9997455041216686,0.13744735717773438,0.9999644368672708,104858,36031,2.9102162027143295,12166.387289896607,True,True,0.8783798199146986,0.877847494000001,,,,"{""stc_h"": 10, ""coding"": ""STC h=10""}"
HILL-STC,0.4,1264,0,57.11713572102834,0.9996693048754014,0.12628936767578125,0.9999907505852965,104858,33106,3.167341267443968,9436.552895598114,True,True,0.8816892243921757,0.8809183599999955,,,,"{""stc_h"": 10, ""coding"": ""STC h=10""}"
HILL-STC,0.4,7865,0,57.65806325550092,0.999414830554726,0.11149978637695312,0.9999898763510199,104858,29229,3.5874645044305313,25274.503226332366,True,True,0.8889248268678784,0.8888978079999958,,,,"{""stc_h"": 10, ""coding"": ""STC h=10""}"
HILL-STC,0.4,5263,0,58.23957498235475,0.9997326814916876,0.09752655029296875,0.9999153762740062,104858,25566,4.1014628803880155,6574.454746231437,True,True,0.8607964152470231,0.8606594739999949,,,,"{""stc_h"": 10, ""coding"": ""STC h=10""}"
HILL-STC,0.4,279,0,56.93360822477406,0.9997596237647934,0.13174057006835938,0.9999903836590524,104858,34535,3.0362820327204285,12352182.578161914,True,True,0.8972313785925508,0.897184923999994,,,,"{""stc_h"": 10, ""coding"": ""STC h=10""}"
HILL-STC,0.4,7741,0,57.41128047697928,0.9994930129892515,0.11801910400390625,0.9999822401733987,104858,30938,3.3892947184691966,63244.95351651311,True,True,0.9417683193460107,0.9417276570000013,,,,"{""stc_h"": 10, ""coding"": ""STC h=10""}"
HILL-STC,0.4,5559,0,57.377720301072955,0.9996147362002643,0.11893463134765625,0.9999893049856942,104858,31178,3.3632048239142986,8193.14851077646,True,True,0.8419721759855747,0.8415490390000002,,,,"{""stc_h"": 10, ""coding"": ""STC h=10""}"
S-UNIWARD-STC,0.05,8091,0,67.21209334809396,0.9999914041565462,0.012355804443359375,0.9999944589784726,13107,3239,4.046619326952763,7718714.159441456,True,True,1.5722379516810179,1.57210437,,,,"{""stc_h"": 10, ""coding"": ""STC h=10""}"
S-UNIWARD-STC,0.05,6260,0,69.0487490325425,0.9999622195903664,0.00809478759765625,0.9999928160401378,13107,2122,6.176720075400565,1304.755992718041,True,True,1.4169933358207345,1.4166722579999997,,,,"{""stc_h"": 10, ""coding"": ""STC h=10""}"
S-UNIWARD-STC,0.05,9642,0,68.8040393748023,0.9999845245474319,0.008563995361328125,0.9999972685530399,13107,2245,5.838307349665924,716.8311545625329,True,True,1.4353172648698092,1.4349567460000001,,,,"{""stc_h"": 10, ""coding"": ""STC h=10""}"
S-UNIWARD-STC,0.05,8444,0,68.56139568201,0.9999928718866804,0.00905609130859375,0.9999973030624871,13107,2374,5.52106149957877,336173.1935744956,True,True,1.4506191434338689,1.450530336,,,,"{""stc_h"": 10, ""coding"": ""STC h=10""}"
S-UNIWARD-STC,0.05,1264,0,68.64823899532843,0.9999898087389091,0.008876800537109375,0.9999992624980335,13107,2327,5.632574129780834,533.4169779866934,True,True,1.4561980534344912,1.4553936400000005,,,,"{""stc_h"": 10, ""coding"": ""STC h=10""}"
S-UNIWARD-STC,0.05,7865,0,68.60182965415471,0.999975678221708,0.00897216796875,0.9999990888402299,13107,2352,5.572704081632653,1323.2706693857908,True,True,1.4355743424966931,1.4354940159999998,,,,"{""stc_h"": 10, ""coding"": ""STC h=10""}"
S-UNIWARD-STC,0.05,5263,0,69.45838009040176,0.9999804936941121,0.007366180419921875,0.9999929259263532,13107,1931,6.7876747799067845,481.4927861690521,True,True,1.4399136016145349,1.4395418979999999,,,,"{""stc_h"": 10, ""coding"": ""STC h=10""}"
S-UNIWARD-STC,0.05,279,0,68.44408482505841,0.9999923973624717,0.009304046630859375,0.9999992263719153,13107,2439,5.373923739237393,20096092.535445828,True,True,1.4326576925814152,1.4323776059999993,,,,"{""stc_h"": 10, ""coding"": ""STC h=10""}"
S-UNIWARD-STC,0.05,7741,0,68.43341419359933,0.9999763594366718,0.009326934814453125,0.9999983991152591,13107,2445,5.360736196319018,15026309.374915652,True,True,1.4137500859797,1.4136913820000014,,,,"{""stc_h"": 10, ""coding"": ""STC h=10""}"
S-UNIWARD-STC,0.05,5559,0,68.84680820120582,0.9999830785365266,0.008480072021484375,0.9999991296145253,13107,2223,5.89608636977058,149643.1724499017,True,True,1.4352685920894146,1.434938442,,,,"{""stc_h"": 10, ""coding"": ""STC h=10""}"
S-UNIWARD-STC,0.1,8091,0,63.95169569099417,0.9999550256384164,0.02617645263671875,0.9999884151335848,26214,6862,3.820169046925095,44855033.85436146,True,True,1.5132219139486551,1.5128664560000011,,,,"{""stc_h"": 10, ""coding"": ""STC h=10""}"
S-UNIWARD-STC,0.1,6260,0,65.73131901510556,0.9999092706362791,0.017375946044921875,0.9999847563108828,26214,4555,5.754994511525796,3250.8078832551837,True,True,1.528357507660985,1.5279955759999986,,,,"{""stc_h"": 10, ""coding"": ""STC h=10""}"
S-UNIWARD-STC,0.1,9642,0,65.32563428271904,0.9999596256436152,0.019077301025390625,0.999993983176789,26214,5001,5.241751649670066,262727.73800753057,True,True,1.4969154400750995,1.4962463570000004,,,,"{""stc_h"": 10, ""coding"": ""STC h=10""}"
S-UNIWARD-STC,0.1,8444,0,64.99467864754358,0.9999808900581237,0.020587921142578125,0.999993940432462,26214,5397,4.857142857142857,1343692.3353065252,True,True,1.4528083363547921,1.4525530159999995,,,,"{""stc_h"": 10, ""coding"": ""STC h=10""}"
S-UNIWARD-STC,0.1,1264,0,65.10221907298066,0.9999711277578723,0.020084381103515625,0.9999983510513084,26214,5265,4.978917378917379,1363.0196719691157,True,True,1.437451934441924,1.4369219200000032,,,,"{""stc_h"": 10, ""coding"": ""STC h=10""}"
S-UNIWARD-STC,0.1,7865,0,65.3160922049746,0.9999288725277675,0.0191192626953125,0.9999980792026634,26214,5012,5.23024740622506,3516.337189204991,True,True,1.4431332470849156,1.442676125000002,,,,"{""stc_h"": 10, ""coding"": ""STC h=10""}"
S-UNIWARD-STC,0.1,5263,0,66.01803086801057,0.9999550827769286,0.016265869140625,0.9999845247170945,26214,4264,6.147748592870544,1100.123464077711,True,True,1.4611223423853517,1.4608967690000014,,,,"{""stc_h"": 10, ""coding"": ""STC h=10""}"
S-UNIWARD-STC,0.1,279,0,65.01807775658637,0.9999789476843718,0.020477294921875,0.9999983163984172,26214,5368,4.8833830104321905,39670571.62827613,True,True,1.4457196732982993,1.445372865000003,,,,"{""stc_h"": 10, ""coding"": ""STC h=10""}"
S-UNIWARD-STC,0.1,7741,0,65.07426363305242,0.9999369393667802,0.020214080810546875,0.9999965744767796,26214,5299,4.946971126627665,33968183.50365117,True,True,1.47084666416049,1.470449262999999,,,,"{""stc_h"": 10, ""coding"": ""STC h=10""}"
S-UNIWARD-STC,0.1,5559,0,65.41601502030876,0.999955902308473,0.01868438720703125,0.999998103071718,26214,4898,5.351980400163332,299477.065908134,True,True,1.4611525190994143,1.4607815839999994,,,,"{""stc_h"": 10, ""coding"": ""STC h=10""}"
S-UNIWARD-STC,0.2,8091,0,61.132232708679965,0.9997777258214389,0.05010223388671875,0.9999781982792658,52429,13134,3.9918532054210445,205441038.4525776,True,True,1.4807835686951876,1.4804295189999976,,,,"{""stc_h"": 10, ""coding"": ""STC h=10""}"
S-UNIWARD-STC,0.2,6260,0,62.14378198271926,0.9997740574878454,0.039691925048828125,0.999966076637656,52429,10405,5.038827486785199,8442.754822522402,True,True,1.5072997426614165,1.5069612190000043,,,,"{""stc_h"": 10, ""coding"": ""STC h=10""}"
S-UNIWARD-STC,0.2,9642,0,61.77697132270997,0.9998886098520613,0.04319000244140625,0.9999867271858722,52429,11322,4.630718954248366,899446.7762011662,True,True,1.4719939595088363,1.4714530940000046,,,,"{""stc_h"": 10, ""coding"": ""STC h=10""}"
S-UNIWARD-STC,0.2,8444,0,61.20727682017354,0.9999388922991593,0.049243927001953125,0.9999859279558172,52429,12909,4.061430010070493,3322329.550823599,True,True,1.4509510034695268,1.4507249219999991,,,,"{""stc_h"": 10, ""coding"": ""STC h=10""}"
S-UNIWARD-STC,0.2,1264,0,61.49481451426125,0.9999094532604571,0.04608917236328125,0.9999963184938802,52429,12082,4.3394305578546595,115383.3551229462,True,True,1.4468824276700616,1.4462571830000002,,,,"{""stc_h"": 10, ""coding"": ""STC h=10""}"
S-UNIWARD-STC,0.2,7865,0,61.901091698602485,0.9997969715865143,0.041973114013671875,0.9999958837682325,52429,11003,4.764973189130237,158706.0063246265,True,True,1.48792380746454,1.4876190379999983,,,,"{""stc_h"": 10, ""coding"": ""STC h=10""}"
S-UNIWARD-STC,0.2,5263,0,62.37655284624453,0.9998914656237919,0.03762054443359375,0.9999650171822364,52429,9862,5.316264449401744,2678.338958963752,True,True,1.5277803633362055,1.5277455869999983,,,,"{""stc_h"": 10, ""coding"": ""STC h=10""}"
S-UNIWARD-STC,0.2,279,0,61.480818315894325,0.9999333107715566,0.046237945556640625,0.999996296838919,52429,12121,4.325468195693425,80050718.72546591,True,True,1.5708934217691422,1.5704911609999996,,,,"{""stc_h"": 10, ""coding"": ""STC h=10""}"
S-UNIWARD-STC,0.2,7741,0,61.754398594774315,0.9998277868401347,0.043415069580078125,0.9999928269984627,52429,11381,4.606712942623671,89712091.03153643,True,True,1.4482593592256308,1.4479800889999979,,,,"{""stc_h"": 10, ""coding"": ""STC h=10""}"
S-UNIWARD-STC,0.2,5559,0,61.818984606671364,0.9998744093700049,0.042774200439453125,0.9999957733841535,52429,11213,4.675733523588692,226757.31668555737,True,True,1.4529348146170378,1.4526885909999976,,,,"{""stc_h"": 10, ""coding"": ""STC h=10""}"
S-UNIWARD-STC,0.4,8091,0,58.00288689813746,0.9992008042337278,0.10298919677734375,0.9999574278378444,104858,26998,3.883917327209423,871376806.7993512,True,True,1.4939022669568658,1.4936399350000045,,,,"{""stc_h"": 10, ""coding"": ""STC h=10""}"
S-UNIWARD-STC,0.4,6260,0,58.371510904721376,0.9994316411976415,0.09460830688476562,0.9999237823377018,104858,24801,4.227974678440385,22716.8407599777,True,True,1.4760388899594545,1.4758115280000013,,,,"{""stc_h"": 10, ""coding"": ""STC h=10""}"
S-UNIWARD-STC,0.4,9642,0,58.078830328372426,0.9996766895964478,0.10120391845703125,0.9999708126272929,104858,26530,3.952431209950999,16529965.757159889,True,True,1.501513791270554,1.5012106410000001,,,,"{""stc_h"": 10, ""coding"": ""STC h=10""}"
S-UNIWARD-STC,0.4,8444,0,57.55092969844546,0.9997209930274863,0.11428451538085938,0.9999696020971717,104858,29959,3.50005006842685,18544287.91710089,True,True,1.4933492857962847,1.4931105669999951,,,,"{""stc_h"": 10, ""coding"": ""STC h=10""}"
S-UNIWARD-STC,0.4,1264,0,57.81787187552843,0.9996723589277772,0.10747146606445312,0.9999919737491788,104858,28173,3.72193234657296,3963478.1481169015,True,True,1.4864026848226786,1.486121887000003,,,,"{""stc_h"": 10, ""coding"": ""STC h=10""}"
S-UNIWARD-STC,0.4,7865,0,58.28705799988049,0.9994041925884594,0.096466064453125,0.9999910797131026,104858,25288,4.146551724137931,400252.96369241923,True,True,1.5100051434710622,1.509626340000004,,,,"{""stc_h"": 10, ""coding"": ""STC h=10""}"
S-UNIWARD-STC,0.4,5263,0,58.472668686820654,0.9997297758783613,0.09243011474609375,0.9999190760176105,104858,24230,4.327610400330169,6972.529102429748,True,True,1.4916441040113568,1.4913596570000038,,,,"{""stc_h"": 10, ""coding"": ""STC h=10""}"
S-UNIWARD-STC,0.4,279,0,57.80986332222567,0.9997725928158729,0.10766983032226562,0.999991913618247,104858,28225,3.7150752878653677,256184578.57766205,True,True,1.5088569959625602,1.5085684580000063,,,,"{""stc_h"": 10, ""coding"": ""STC h=10""}"
S-UNIWARD-STC,0.4,7741,0,58.176670536641566,0.9995243958939712,0.09894943237304688,0.9999845987908954,104858,25939,4.042484290065153,230734947.42550755,True,True,1.4964305609464645,1.4960837700000056,,,,"{""stc_h"": 10, ""coding"": ""STC h=10""}"
S-UNIWARD-STC,0.4,5559,0,58.022233332175084,0.9996259660433443,0.10253143310546875,0.9999905680230278,104858,26878,3.9012575340427116,10522808.836336993,True,True,1.5052933180704713,1.5048533269999922,,,,"{""stc_h"": 10, ""coding"": ""STC h=10""}"
WOW-STC,0.05,8091,0,66.60843914024824,0.9999920911576761,0.01419830322265625,0.9999936706112068,13107,3722,3.5214938205265987,11558916.462467035,True,True,1.7945202579721808,1.792790647,,,,"{""stc_h"": 10, ""coding"": ""STC h=10""}"
WOW-STC,0.05,6260,0,68.01061513296814,0.9999629978962021,0.010280609130859375,0.9999909558443292,13107,2695,4.863450834879406,1208.7228845953941,True,True,1.6506984047591686,1.6506104859999997,,,,"{""stc_h"": 10, ""coding"": ""STC h=10""}"
WOW-STC,0.05,9642,0,68.34898004315798,0.9999859745909131,0.009510040283203125,0.9999969707295367,13107,2493,5.257521058965103,75312.20395249873,True,True,1.5524139581248164,1.5520306819999998,,,,"{""stc_h"": 10, ""coding"": ""STC h=10""}"
WOW-STC,0.05,8444,0,68.1681400331856,0.9999923861304214,0.009914398193359375,0.9999970502633909,13107,2599,5.043093497499038,410766.7268299386,True,True,1.5597767708823085,1.5594705920000003,,,,"{""stc_h"": 10, ""coding"": ""STC h=10""}"
WOW-STC,0.05,1264,0,68.2695758194585,0.9999911419562701,0.009685516357421875,0.9999991961424397,13107,2539,5.162268609688854,577.1894411742687,True,True,1.5243928581476212,1.5240725949999998,,,,"{""stc_h"": 10, ""coding"": ""STC h=10""}"
WOW-STC,0.05,7865,0,67.4960470636886,0.9999775101639352,0.01157379150390625,0.9999988277975568,13107,3034,4.320039551746869,1329.5059789568186,True,True,1.5319570330902934,1.5317069520000004,,,,"{""stc_h"": 10, ""coding"": ""STC h=10""}"
WOW-STC,0.05,5263,0,69.21351916187123,0.9999810820674343,0.007793426513671875,0.9999925201837127,13107,2043,6.415565345080764,473.81051337718964,True,True,1.5604470204561949,1.560098846999999,,,,"{""stc_h"": 10, ""coding"": ""STC h=10""}"
WOW-STC,0.05,279,0,67.92445542976103,0.9999930385734583,0.010486602783203125,0.9999991288967202,13107,2749,4.767915605674791,58050016.84799505,True,True,1.593388200737536,1.5930567169999996,,,,"{""stc_h"": 10, ""coding"": ""STC h=10""}"
WOW-STC,0.05,7741,0,67.45473286013,0.9999793447643047,0.011684417724609375,0.9999980027115537,13107,3063,4.279138099902057,25987498.103113618,True,True,1.554828716441989,1.5544928519999992,,,,"{""stc_h"": 10, ""coding"": ""STC h=10""}"
WOW-STC,0.05,5559,0,68.39275127458367,0.9999858796203395,0.0094146728515625,0.9999990344847214,13107,2468,5.310777957860616,671669.9013353214,True,True,1.522865591570735,1.522811818000001,,,,"{""stc_h"": 10, ""coding"": ""STC h=10""}"
WOW-STC,0.1,8091,0,62.80525725977909,0.9999670672140362,0.034084320068359375,0.999985147264111,26214,8935,2.9338556239507554,37846146.70525221,True,True,1.5835186149924994,1.5832330530000007,,,,"{""stc_h"": 10, ""coding"": ""STC h=10""}"
WOW-STC,0.1,6260,0,64.63945058791612,0.9999094236574849,0.022342681884765625,0.9999807259549177,26214,5857,4.475670138296056,3042.4171681702137,True,True,1.55727643892169,1.5568911599999993,,,,"{""stc_h"": 10, ""coding"": ""STC h=10""}"
WOW-STC,0.1,9642,0,64.75821625845741,0.9999633378348101,0.021739959716796875,0.9999931672449557,26214,5699,4.59975434286717,1823.4193899407983,True,True,1.5411250907927752,1.5407666740000003,,,,"{""stc_h"": 10, ""coding"": ""STC h=10""}"
WOW-STC,0.1,8444,0,64.51447039176978,0.9999822871922345,0.0229949951171875,0.9999932498686936,26214,6028,4.348706038487061,337152.61110746115,True,True,1.5721053602173924,1.5715912030000005,,,,"{""stc_h"": 10, ""coding"": ""STC h=10""}"
WOW-STC,0.1,1264,0,64.64761471798154,0.9999768430758732,0.02230072021484375,0.9999981739372642,26214,5846,4.484091686623332,1406.8040357455611,True,True,1.6251454157754779,1.624683264999998,,,,"{""stc_h"": 10, ""coding"": ""STC h=10""}"
WOW-STC,0.1,7865,0,64.08798637516468,0.999937113165151,0.02536773681640625,0.9999974683267396,26214,6650,3.941954887218045,3320.8964400812984,True,True,1.5842326693236828,1.583951055,,,,"{""stc_h"": 10, ""coding"": ""STC h=10""}"
WOW-STC,0.1,5263,0,65.66884314300867,0.999955804719281,0.017627716064453125,0.9999832632530263,26214,4621,5.672798095650292,1099.3528608828783,True,True,1.524990040808916,1.5246884059999992,,,,"{""stc_h"": 10, ""coding"": ""STC h=10""}"
WOW-STC,0.1,279,0,64.41194365428461,0.9999814617095101,0.0235443115234375,0.9999980697600738,26214,6172,4.247245625405055,81912116.76187304,True,True,1.6097528962418437,1.6093924709999996,,,,"{""stc_h"": 10, ""coding"": ""STC h=10""}"
WOW-STC,0.1,7741,0,64.08929272043517,0.999941838171834,0.025360107421875,0.9999957426475253,26214,6648,3.943140794223827,56412363.611426726,True,True,1.5235538985580206,1.5230867050000008,,,,"{""stc_h"": 10, ""coding"": ""STC h=10""}"
WOW-STC,0.1,5559,0,64.89445239595895,0.9999633753847987,0.021068572998046875,0.9999978655480143,26214,5523,4.746333514394351,858797.3250604868,True,True,1.523823980242014,1.523349802999995,,,,"{""stc_h"": 10, ""coding"": ""STC h=10""}"
WOW-STC,0.2,8091,0,59.33991064455424,0.9998170292130502,0.0756988525390625,0.9999678002904103,52429,19844,2.642058052811933,232621870.65741807,True,True,1.5627830913290381,1.5620861299999973,,,,"{""stc_h"": 10, ""coding"": ""STC h=10""}"
WOW-STC,0.2,6260,0,61.278507596259,0.9997778897407337,0.048442840576171875,0.9999597022155685,52429,12699,4.12859280258288,7960.043713107705,True,True,1.5319560915231705,1.5314687239999998,,,,"{""stc_h"": 10, ""coding"": ""STC h=10""}"
WOW-STC,0.2,9642,0,61.126615050531385,0.9998970931527623,0.050167083740234375,0.9999847091640146,52429,13151,3.9866930271462246,489327.0470182821,True,True,1.5506490804255009,1.5503090770000014,,,,"{""stc_h"": 10, ""coding"": ""STC h=10""}"
WOW-STC,0.2,8444,0,60.747683817495606,0.999951085123962,0.05474090576171875,0.9999844525897769,52429,14350,3.653588850174216,2054791.8136849254,True,True,1.6306174425408244,1.630317583,,,,"{""stc_h"": 10, ""coding"": ""STC h=10""}"
WOW-STC,0.2,1264,0,60.90892319975389,0.9999300782362079,0.052745819091796875,0.9999958206726416,52429,13827,3.7917841903522094,78233.80804332346,True,True,1.531777293421328,1.5312876719999977,,,,"{""stc_h"": 10, ""coding"": ""STC h=10""}"
WOW-STC,0.2,7865,0,60.54228090743472,0.9998251603414253,0.057392120361328125,0.9999944693746219,52429,15045,3.4848122299767366,9250.107616521418,True,True,1.5561549728736281,1.5557583770000036,,,,"{""stc_h"": 10, ""coding"": ""STC h=10""}"
WOW-STC,0.2,5263,0,62.03863078129018,0.9998938481869523,0.0406646728515625,0.9999623515616232,52429,10660,4.918292682926829,2643.884059280157,True,True,1.6141076739877462,1.6139628229999943,,,,"{""stc_h"": 10, ""coding"": ""STC h=10""}"
WOW-STC,0.2,279,0,60.803730453572015,0.999943942169559,0.05403900146484375,0.9999957051549426,52429,14166,3.7010447550472962,136758026.77509677,True,True,1.6257312968373299,1.625665527999999,,,,"{""stc_h"": 10, ""coding"": ""STC h=10""}"
WOW-STC,0.2,7741,0,60.568919495076784,0.9998384603149426,0.057041168212890625,0.999990797827395,52429,14953,3.5062529258342807,136837273.06724623,True,True,1.5498191779479384,1.5493436669999952,,,,"{""stc_h"": 10, ""coding"": ""STC h=10""}"
WOW-STC,0.2,5559,0,61.24546051407503,0.9998957746586165,0.0488128662109375,0.9999952019339357,52429,12796,4.097296030009378,1047055.4112600014,True,True,1.5900314655154943,1.5889102400000041,,,,"{""stc_h"": 10, ""coding"": ""STC h=10""}"
WOW-STC,0.4,8091,0,56.99107953529183,0.9992364305079144,0.13000869750976562,0.9999476517748592,104858,34081,3.0767289692203867,721950090.9487913,True,True,1.7500987881794572,1.7498840570000027,,,,"{""stc_h"": 10, ""coding"": ""STC h=10""}"
WOW-STC,0.4,6260,0,57.769278335800955,0.9994525208551805,0.10868072509765625,0.9999157134639095,104858,28490,3.6805194805194805,22125.55239355564,True,True,1.812403092160821,1.8117354259999985,,,,"{""stc_h"": 10, ""coding"": ""STC h=10""}"
WOW-STC,0.4,9642,0,57.23184839549067,0.9996947760863756,0.12299728393554688,0.9999654511797591,104858,32243,3.252116738516887,6612466.266912356,True,True,1.8356085075065494,1.8350583869999966,,,,"{""stc_h"": 10, ""coding"": ""STC h=10""}"
WOW-STC,0.4,8444,0,56.5967864774511,0.999779036160756,0.142364501953125,0.9999633483179106,104858,37320,2.809699892818864,13696826.385672636,True,True,1.8296242794021964,1.8289792520000034,,,,"{""stc_h"": 10, ""coding"": ""STC h=10""}"
WOW-STC,0.4,1264,0,57.03719837624806,0.9997270437139539,0.12863540649414062,0.9999906311602818,104858,33721,3.109575635360754,85466.81863176823,True,True,1.8510919716209173,1.8504433889999987,,,,"{""stc_h"": 10, ""coding"": ""STC h=10""}"
WOW-STC,0.4,7865,0,57.15203910015599,0.9994871642075289,0.12527847290039062,0.9999888271405061,104858,32841,3.192899120002436,176643.5711150393,True,True,1.854514461942017,1.8538461549999994,,,,"{""stc_h"": 10, ""coding"": ""STC h=10""}"
WOW-STC,0.4,5263,0,58.18807066855702,0.9997382078967738,0.09869003295898438,0.9999144030169838,104858,25871,4.053109659464265,6832.748118907213,True,True,1.7723464081063867,1.7717105290000035,,,,"{""stc_h"": 10, ""coding"": ""STC h=10""}"
WOW-STC,0.4,279,0,56.97759290844556,0.9998042295422348,0.13041305541992188,0.9999904428294791,104858,34187,3.0671892824757947,328401226.432668,True,True,1.82655119150877,1.8256313610000063,,,,"{""stc_h"": 10, ""coding"": ""STC h=10""}"
WOW-STC,0.4,7741,0,57.03642570192167,0.9995503810144458,0.12865829467773438,0.9999809490808034,104858,33727,3.1090224449254307,313054542.11776984,True,True,1.9618673855438828,1.961195834999998,,,,"{""stc_h"": 10, ""coding"": ""STC h=10""}"
WOW-STC,0.4,5559,0,57.41788315358122,0.9996661813095408,0.11783981323242188,0.9999893552032157,104858,30891,3.394451458353566,2059218.7613655478,True,True,1.7921221302822232,1.791344757999994,,,,"{""stc_h"": 10, ""coding"": ""STC h=10""}"
MiPOD-STC,0.05,8091,0,67.8523847059713,0.9999823002019672,0.010662078857421875,0.9999951317733812,13107,2795,4.689445438282648,11969072.051644292,True,True,2.816052360460162,2.815153637,,,,"{""stc_h"": 10, ""coding"": ""STC h=10""}"
MiPOD-STC,0.05,6260,0,69.23269334232846,0.9999533668055471,0.00775909423828125,0.9999931025265083,13107,2034,6.443952802359882,1324.3539776206017,True,True,2.7680123690515757,2.752375592,,,,"{""stc_h"": 10, ""coding"": ""STC h=10""}"
MiPOD-STC,0.05,9642,0,68.9756884247268,0.9999728053798234,0.00823211669921875,0.9999973716770043,13107,2158,6.073679332715478,645.9966200366616,True,True,2.3534452840685844,2.3528631099999995,,,,"{""stc_h"": 10, ""coding"": ""STC h=10""}"
MiPOD-STC,0.05,8444,0,68.95761371499754,0.9999876102228804,0.008266448974609375,0.9999975360941878,13107,2167,6.048454083987079,75175.269705683,True,True,2.485335229896009,2.484626799000001,,,,"{""stc_h"": 10, ""coding"": ""STC h=10""}"
MiPOD-STC,0.05,1264,0,69.11889788489347,0.9999822262400442,0.007965087890625,0.9999993375605062,13107,2088,6.277298850574713,37796.40011071414,True,True,2.2554333843290806,2.254749846000001,,,,"{""stc_h"": 10, ""coding"": ""STC h=10""}"
MiPOD-STC,0.05,7865,0,68.64264361793553,0.999966407055578,0.00888824462890625,0.9999990970948222,13107,2330,5.625321888412017,1258.8130394592881,True,True,2.737268124707043,2.7363505020000023,,,,"{""stc_h"": 10, ""coding"": ""STC h=10""}"
MiPOD-STC,0.05,5263,0,69.69644091421759,0.9999776573626785,0.0069732666015625,0.9999932985231474,13107,1828,7.170131291028446,485.38024757802486,True,True,2.820902899838984,2.819995801000001,,,,"{""stc_h"": 10, ""coding"": ""STC h=10""}"
MiPOD-STC,0.05,279,0,68.91771499781935,0.9999854739255388,0.008342742919921875,0.9999993058829424,13107,2187,5.9931412894375855,5369289.300223816,True,True,2.5114801917225122,2.5107910659999995,,,,"{""stc_h"": 10, ""coding"": ""STC h=10""}"
MiPOD-STC,0.05,7741,0,68.55591101091392,0.9999600069766046,0.009067535400390625,0.9999984433254905,13107,2377,5.51409339503576,8166115.30398595,True,True,2.7475028140470386,2.746817256,,,,"{""stc_h"": 10, ""coding"": ""STC h=10""}"
MiPOD-STC,0.05,5559,0,69.30807488701456,0.9999727258137805,0.007625579833984375,0.9999992169218554,13107,1999,6.556778389194597,505.78051317483187,True,True,2.5752011919394135,2.5745247910000018,,,,"{""stc_h"": 10, ""coding"": ""STC h=10""}"
MiPOD-STC,0.1,8091,0,64.07234080500798,0.9999443201255572,0.02545928955078125,0.999988585878213,26214,6674,3.9277794426131254,38591489.32484318,True,True,3.044041090644896,3.0435169789999996,,,,"{""stc_h"": 10, ""coding"": ""STC h=10""}"
MiPOD-STC,0.1,6260,0,65.62210415531788,0.9998940099903778,0.017818450927734375,0.9999843753833815,26214,4671,5.612074502247912,3158.173370502889,True,True,2.941518866457045,2.9372388069999964,,,,"{""stc_h"": 10, ""coding"": ""STC h=10""}"
MiPOD-STC,0.1,9642,0,65.3343271295345,0.9999388328860582,0.019039154052734375,0.9999939877882277,26214,4991,5.252254057303146,150726.73312280327,True,True,2.5941783506423235,2.593748629000004,,,,"{""stc_h"": 10, ""coding"": ""STC h=10""}"
MiPOD-STC,0.1,8444,0,65.24731887837955,0.9999691567433594,0.0194244384765625,0.9999942751631027,26214,5092,5.148075412411626,411609.9195954278,True,True,2.6902443803846836,2.6879302440000004,,,,"{""stc_h"": 10, ""coding"": ""STC h=10""}"
MiPOD-STC,0.1,1264,0,65.36751954837116,0.9999599244761023,0.018894195556640625,0.9999984463251844,26214,4953,5.292549969715324,38490.917453728616,True,True,2.6260862899944186,2.6259606419999955,,,,"{""stc_h"": 10, ""coding"": ""STC h=10""}"
MiPOD-STC,0.1,7865,0,64.99870399292308,0.9999173790502691,0.02056884765625,0.9999979356908499,26214,5392,4.861646884272997,77773.14435514808,True,True,2.7165558766573668,2.7159342690000017,,,,"{""stc_h"": 10, ""coding"": ""STC h=10""}"
MiPOD-STC,0.1,5263,0,66.14619941698673,0.99994963199831,0.0157928466796875,0.9999849668033717,26214,4140,6.331884057971014,1097.238143146038,True,True,2.381152377463877,2.3808019219999963,,,,"{""stc_h"": 10, ""coding"": ""STC h=10""}"
MiPOD-STC,0.1,279,0,65.19138945017653,0.9999660271074057,0.01967620849609375,0.9999983824483878,26214,5158,5.082202404032571,9061161.95674609,True,True,2.3983348216861486,2.397830411000001,,,,"{""stc_h"": 10, ""coding"": ""STC h=10""}"
MiPOD-STC,0.1,7741,0,64.81034755478564,0.9999099373565106,0.021480560302734375,0.9999963727309618,26214,5631,4.655301012253596,20694980.870832823,True,True,2.8747019646689296,2.8740239569999986,,,,"{""stc_h"": 10, ""coding"": ""STC h=10""}"
MiPOD-STC,0.1,5559,0,65.80342268821428,0.9999360627330578,0.01708984375,0.9999982633421004,26214,4480,5.851339285714285,1186.2036833837628,True,True,2.4904319662600756,2.4895909039999964,,,,"{""stc_h"": 10, ""coding"": ""STC h=10""}"
MiPOD-STC,0.2,8091,0,60.43648581172175,0.9997962655218394,0.058807373046875,0.9999745461080953,52429,15416,3.4009470679813183,184189542.21694195,True,True,3.342146897688508,3.3409020300000023,,,,"{""stc_h"": 10, ""coding"": ""STC h=10""}"
MiPOD-STC,0.2,6260,0,61.78541839336152,0.9997544203054526,0.0431060791015625,0.9999634654884947,52429,11300,4.639734513274337,8084.026370704174,True,True,2.9405932910740376,2.939830540999999,,,,"{""stc_h"": 10, ""coding"": ""STC h=10""}"
MiPOD-STC,0.2,9642,0,61.61730286312633,0.9998591093780659,0.04480743408203125,0.9999862209140677,52429,11746,4.463562063681254,898976.0583806336,True,True,2.706978694535792,2.705961083999995,,,,"{""stc_h"": 10, ""coding"": ""STC h=10""}"
MiPOD-STC,0.2,8444,0,61.32492355093105,0.9999198571492947,0.0479278564453125,0.9999862850862588,52429,12564,4.1729544730977395,1719025.7567041367,True,True,2.6793444883078337,2.6788304760000017,,,,"{""stc_h"": 10, ""coding"": ""STC h=10""}"
MiPOD-STC,0.2,1264,0,61.48010177657262,0.9998885899512934,0.046245574951171875,0.999996304371669,52429,12123,4.324754598696693,115132.97555333376,True,True,2.563827463425696,2.5628880529999947,,,,"{""stc_h"": 10, ""coding"": ""STC h=10""}"
MiPOD-STC,0.2,7865,0,61.274063986202485,0.9997949819027664,0.048492431640625,0.9999952782032137,52429,12712,4.124370673379484,83370.31813180447,True,True,2.9576681023463607,2.9567918939999913,,,,"{""stc_h"": 10, ""coding"": ""STC h=10""}"
MiPOD-STC,0.2,5263,0,62.45565502049877,0.9998837651351108,0.0369415283203125,0.9999656287409918,52429,9684,5.413981825691863,2622.7769232839346,True,True,2.155009539797902,2.1544039239999933,,,,"{""stc_h"": 10, ""coding"": ""STC h=10""}"
MiPOD-STC,0.2,279,0,61.28056002768615,0.9999160420001838,0.048419952392578125,0.9999961360374126,52429,12693,4.130544394548176,30203045.21963953,True,True,3.98709362372756,3.9861535379999964,,,,"{""stc_h"": 10, ""coding"": ""STC h=10""}"
MiPOD-STC,0.2,7741,0,61.11606030741505,0.9997958107101909,0.050289154052734375,0.9999918155485431,52429,13183,3.977015853751043,71255903.65765393,True,True,2.912517969496548,2.9118925410000003,,,,"{""stc_h"": 10, ""coding"": ""STC h=10""}"
MiPOD-STC,0.2,5559,0,61.97714245792884,0.9998452601412657,0.0412445068359375,0.9999959226785664,52429,10812,4.849149093599704,2982.710477717221,True,True,2.4952881447970867,2.4943904790000033,,,,"{""stc_h"": 10, ""coding"": ""STC h=10""}"
MiPOD-STC,0.4,8091,0,57.139098725964686,0.999251959361315,0.12565231323242188,0.9999492282984459,104858,32939,3.183399617474726,546681903.6144751,True,True,3.327883107587695,3.3269315619999986,,,,"{""stc_h"": 10, ""coding"": ""STC h=10""}"
MiPOD-STC,0.4,6260,0,58.0812865136499,0.9994342142217223,0.10114669799804688,0.9999200460222766,104858,26515,3.954667169526683,21451.23703096807,True,True,3.116374713368714,3.1160504890000027,,,,"{""stc_h"": 10, ""coding"": ""STC h=10""}"
MiPOD-STC,0.4,9642,0,57.6118038901489,0.9996429178937637,0.11269378662109375,0.9999678040348876,104858,29542,3.5494550132015434,2473326.5036735088,True,True,2.4497072249650955,2.448733058000002,,,,"{""stc_h"": 10, ""coding"": ""STC h=10""}"
MiPOD-STC,0.4,8444,0,57.11280883776521,0.9997290776580624,0.12641525268554688,0.9999668558778367,104858,33139,3.164187211442711,8476832.662568145,True,True,2.6056214505806565,2.604168888999993,,,,"{""stc_h"": 10, ""coding"": ""STC h=10""}"
MiPOD-STC,0.4,1264,0,57.37549215002349,0.999668940841837,0.11899566650390625,0.9999912199455031,104858,31194,3.361479771750978,1054273.40935532,True,True,2.6023697033524513,2.601806635999992,,,,"{""stc_h"": 10, ""coding"": ""STC h=10""}"
MiPOD-STC,0.4,7865,0,57.421117912416555,0.9994299367105833,0.1177520751953125,0.9999893915866757,104858,30868,3.396980691978748,325034.66943605244,True,True,3.1278644120320678,3.127084491000005,,,,"{""stc_h"": 10, ""coding"": ""STC h=10""}"
MiPOD-STC,0.4,5263,0,58.474999410456896,0.999720854310447,0.09238052368164062,0.9999191993647308,104858,24217,4.329933517776769,6757.978156968951,True,True,2.2212381158024073,2.2206261700000027,,,,"{""stc_h"": 10, ""coding"": ""STC h=10""}"
MiPOD-STC,0.4,279,0,57.21678878661345,0.9997695971552024,0.12342453002929688,0.9999909053106016,104858,32355,3.2408592180497604,109885582.65266559,True,True,2.7881794339045882,2.7880751980000014,,,,"{""stc_h"": 10, ""coding"": ""STC h=10""}"
MiPOD-STC,0.4,7741,0,57.27856829110148,0.9995090890975424,0.12168121337890625,0.999981789255775,104858,31898,3.2872907392312998,168768932.07387123,True,True,4.033495720475912,4.0284706619999895,,,,"{""stc_h"": 10, ""coding"": ""STC h=10""}"
MiPOD-STC,0.4,5559,0,57.87622355741432,0.9995974643328903,0.10603713989257812,0.9999903172934211,104858,27797,3.772277583911933,1909856.0850883424,True,True,3.7419860223308206,3.7417003630000067,,,,"{""stc_h"": 10, ""coding"": ""STC h=10""}"
EvoHILL-STC,0.05,8091,0,66.21279571367415,0.9999919631875575,0.015552520751953125,0.9999931566033566,13107,4077,3.2148638704930095,5519271.956481583,True,True,0.8021239284425974,0.802064702,,,,"{""stc_h"": 10, ""coding"": ""STC h=10""}"
EvoHILL-STC,0.05,6260,0,67.61062797602298,0.9999582175140248,0.011272430419921875,0.9999900995129336,13107,2955,4.435532994923858,1405.8487364053726,True,True,0.6459179781377316,0.6459002,,,,"{""stc_h"": 10, ""coding"": ""STC h=10""}"
EvoHILL-STC,0.05,9642,0,67.83687417227392,0.9999813882194412,0.010700225830078125,0.9999965921216738,13107,2805,4.672727272727273,894.5717868432403,True,True,0.6417930163443089,0.641786126,,,,"{""stc_h"": 10, ""coding"": ""STC h=10""}"
EvoHILL-STC,0.05,8444,0,67.7102309392197,0.9999930011564472,0.011016845703125,0.9999967261142105,13107,2888,4.538434903047092,731.0955094471574,True,True,0.6360634407028556,0.6360560470000003,,,,"{""stc_h"": 10, ""coding"": ""STC h=10""}"
EvoHILL-STC,0.05,1264,0,67.78301942772535,0.9999898450705386,0.010833740234375,0.9999991018292048,13107,2840,4.615140845070423,112499.07232041657,True,True,0.6386054027825594,0.638422979,,,,"{""stc_h"": 10, ""coding"": ""STC h=10""}"
EvoHILL-STC,0.05,7865,0,67.12580244171227,0.9999684659512688,0.012603759765625,0.9999987250209877,13107,3304,3.9670096852300243,1534.2135848402977,True,True,0.6302238265052438,0.6301804859999995,,,,"{""stc_h"": 10, ""coding"": ""STC h=10""}"
EvoHILL-STC,0.05,5263,0,68.77896345230623,0.9999794131679328,0.00861358642578125,0.9999917418236354,13107,2258,5.804694419840567,534.0275298058987,True,True,0.6389185059815645,0.6388752799999997,,,,"{""stc_h"": 10, ""coding"": ""STC h=10""}"
EvoHILL-STC,0.05,279,0,67.48461073102592,0.9999918710923821,0.01160430908203125,0.99999903769386,13107,3042,4.308678500986193,25092161.227851067,True,True,0.632022637873888,0.6320168160000001,,,,"{""stc_h"": 10, ""coding"": ""STC h=10""}"
EvoHILL-STC,0.05,7741,0,67.06575475782726,0.9999709546550725,0.01277923583984375,0.9999978187754542,13107,3350,3.9125373134328356,12677732.72540025,True,True,0.6352975992485881,0.6352121679999998,,,,"{""stc_h"": 10, ""coding"": ""STC h=10""}"
EvoHILL-STC,0.05,5559,0,67.95298582679838,0.9999835102977852,0.010417938232421875,0.9999989326516162,13107,2731,4.799340900768949,37915.46764329076,True,True,0.6305313687771559,0.6305250840000003,,,,"{""stc_h"": 10, ""coding"": ""STC h=10""}"
EvoHILL-STC,0.1,8091,0,62.39862743285224,0.9999674185757934,0.0374298095703125,0.9999839583306198,26214,9812,2.6716265796983287,23120007.674591757,True,True,0.6461646258831024,0.646133699,,,,"{""stc_h"": 10, ""coding"": ""STC h=10""}"
EvoHILL-STC,0.1,6260,0,64.18306223873736,0.9998975114846486,0.02481842041015625,0.9999786672689301,26214,6506,4.02920381186597,3493.466973744333,True,True,0.6470969142392278,0.6470736600000002,,,,"{""stc_h"": 10, ""coding"": ""STC h=10""}"
EvoHILL-STC,0.1,9642,0,64.26051465271016,0.9999535782040887,0.024379730224609375,0.9999923426365912,26214,6391,4.101705523392271,2113.217996969819,True,True,0.660765565931797,0.6607584590000002,,,,"{""stc_h"": 10, ""coding"": ""STC h=10""}"
EvoHILL-STC,0.1,8444,0,64.08733334985422,0.9999815304017763,0.025371551513671875,0.9999925746042442,26214,6651,3.941362201172756,486498.0957305208,True,True,0.6430558515712619,0.6430483939999991,,,,"{""stc_h"": 10, ""coding"": ""STC h=10""}"
EvoHILL-STC,0.1,1264,0,64.17772528590717,0.999972588743205,0.02484893798828125,0.999997969642799,26214,6514,4.02425544980043,113410.10639300942,True,True,0.6640466582030058,0.6640176620000009,,,,"{""stc_h"": 10, ""coding"": ""STC h=10""}"
EvoHILL-STC,0.1,7865,0,63.63269783171604,0.9999152644699815,0.028171539306640625,0.999997195587861,26214,7385,3.549627623561273,3943.082760244608,True,True,0.6438791221007705,0.6438126759999996,,,,"{""stc_h"": 10, ""coding"": ""STC h=10""}"
EvoHILL-STC,0.1,5263,0,65.24305649230864,0.9999518699740828,0.019443511962890625,0.9999815883411727,26214,5097,5.1430253090052975,1241.5314476639032,True,True,0.6577369123697281,0.657708993,,,,"{""stc_h"": 10, ""coding"": ""STC h=10""}"
EvoHILL-STC,0.1,279,0,64.01609346883454,0.9999767898828539,0.025791168212890625,0.9999978928149604,26214,6761,3.8772370951042747,34525966.42894974,True,True,0.6567558916285634,0.6567320809999995,,,,"{""stc_h"": 10, ""coding"": ""STC h=10""}"
EvoHILL-STC,0.1,7741,0,63.657467546117566,0.9999214013683106,0.028011322021484375,0.9999953148576892,26214,7343,3.569930546098325,28972679.46438024,True,True,0.664539753459394,0.6645334030000001,,,,"{""stc_h"": 10, ""coding"": ""STC h=10""}"
EvoHILL-STC,0.1,5559,0,64.51158949957855,0.9999583108786246,0.02301025390625,0.9999976732241077,26214,6032,4.345822281167108,411517.8531611413,True,True,0.6478322902694345,0.6478265990000018,,,,"{""stc_h"": 10, ""coding"": ""STC h=10""}"
EvoHILL-STC,0.2,8091,0,58.53149702684267,0.9997988931766825,0.0911865234375,0.999961716919806,52429,23904,2.1933149263721554,302941610.1566992,True,True,0.6673430288210511,0.6672892660000009,,,,"{""stc_h"": 10, ""coding"": ""STC h=10""}"
EvoHILL-STC,0.2,6260,0,60.681309246268725,0.9997526374935319,0.055583953857421875,0.9999543782620123,52429,14571,3.598174456111454,9285.922395043075,True,True,0.671639597043395,0.6716217309999983,,,,"{""stc_h"": 10, ""coding"": ""STC h=10""}"
EvoHILL-STC,0.2,9642,0,60.58346581366992,0.9998791848523036,0.056850433349609375,0.9999827382367442,52429,14903,3.5180165067436087,117237.54884308577,True,True,0.6775084575638175,0.6771700359999997,,,,"{""stc_h"": 10, ""coding"": ""STC h=10""}"
EvoHILL-STC,0.2,8444,0,60.312075816223256,0.9999443100830342,0.060516357421875,0.9999829254266921,52429,15864,3.304904185577408,3360212.78873834,True,True,0.6730685066431761,0.6730613139999981,,,,"{""stc_h"": 10, ""coding"": ""STC h=10""}"
EvoHILL-STC,0.2,1264,0,60.53593494549139,0.9999134113099571,0.057476043701171875,0.999995463335036,52429,15067,3.4797238999137186,227612.58999373764,True,True,0.6899147043004632,0.6897544129999993,,,,"{""stc_h"": 10, ""coding"": ""STC h=10""}"
EvoHILL-STC,0.2,7865,0,59.98903633041404,0.9997783662619706,0.06518936157226562,0.9999937642876721,52429,17089,3.067996957106911,11106.534977190197,True,True,0.6621605213731527,0.6620187540000018,,,,"{""stc_h"": 10, ""coding"": ""STC h=10""}"
EvoHILL-STC,0.2,5263,0,61.705449591897796,0.999886624119768,0.04390716552734375,0.9999595329460574,52429,11510,4.555082536924414,2913.956617668271,True,True,0.6754744406789541,0.6753073759999992,,,,"{""stc_h"": 10, ""coding"": ""STC h=10""}"
EvoHILL-STC,0.2,279,0,60.42495075894044,0.9999313759765116,0.058963775634765625,0.9999953472786646,52429,15457,3.3919259882253994,66778851.06650294,True,True,0.6627373145893216,0.662562298000001,,,,"{""stc_h"": 10, ""coding"": ""STC h=10""}"
EvoHILL-STC,0.2,7741,0,60.0491729323435,0.9997968261334031,0.06429290771484375,0.9999897338227267,52429,16854,3.110774890233772,80169025.08922897,True,True,0.6713599571958184,0.6711936550000033,,,,"{""stc_h"": 10, ""coding"": ""STC h=10""}"
EvoHILL-STC,0.2,5559,0,60.884805237149806,0.9998815933762599,0.05303955078125,0.999994809729564,52429,13904,3.7707853855005755,674530.9755178913,True,True,0.668413769453764,0.6683961630000006,,,,"{""stc_h"": 10, ""coding"": ""STC h=10""}"
EvoHILL-STC,0.4,8091,0,56.1292384479909,0.9990194090246673,0.15854644775390625,0.9999382351492657,104858,41562,2.5229295991530725,852491591.5290074,True,True,0.7056116824969649,0.7055632150000015,,,,"{""stc_h"": 10, ""coding"": ""STC h=10""}"
EvoHILL-STC,0.4,6260,0,57.09828633180449,0.9993988783675016,0.12683868408203125,0.9999045915217554,104858,33250,3.153624060150376,26133.95903339982,True,True,0.722804426215589,0.722797602,,,,"{""stc_h"": 10, ""coding"": ""STC h=10""}"
EvoHILL-STC,0.4,9642,0,56.71953004431514,0.9996549699642879,0.138397216796875,0.9999616117166963,104858,36280,2.890242557883131,6205023.890083358,True,True,0.7102104434743524,0.7101821400000006,,,,"{""stc_h"": 10, ""coding"": ""STC h=10""}"
EvoHILL-STC,0.4,8444,0,56.21098519923657,0.9997498888724652,0.15559005737304688,0.9999605667965848,104858,40787,2.570868168779268,10491804.434797823,True,True,0.7169272704049945,0.7169066609999994,,,,"{""stc_h"": 10, ""coding"": ""STC h=10""}"
EvoHILL-STC,0.4,1264,0,56.66162087723584,0.999674329560278,0.14025497436523438,0.9999899054826966,104858,36767,2.8519596377186063,235493.315738447,True,True,0.7291391883045435,0.7290898390000002,,,,"{""stc_h"": 10, ""coding"": ""STC h=10""}"
EvoHILL-STC,0.4,7865,0,56.16059482932272,0.999400483678204,0.15740585327148438,0.999986535162728,104858,41263,2.541211254634903,35842.87670964748,True,True,0.7040909985080361,0.704073164999997,,,,"{""stc_h"": 10, ""coding"": ""STC h=10""}"
EvoHILL-STC,0.4,5263,0,57.90569606073351,0.99972496667199,0.10531997680664062,0.9999094670749812,104858,27609,3.7979644318881522,7399.032810345292,True,True,0.7084829667583108,0.7084589509999972,,,,"{""stc_h"": 10, ""coding"": ""STC h=10""}"
EvoHILL-STC,0.4,279,0,56.61018973946,0.9997787817883853,0.14192581176757812,0.9999897718409041,104858,37205,2.818384625722349,150825103.29871443,True,True,0.7131018070504069,0.7130946370000011,,,,"{""stc_h"": 10, ""coding"": ""STC h=10""}"
EvoHILL-STC,0.4,7741,0,56.28259358471191,0.9994714007617526,0.153045654296875,0.9999780141724355,104858,40120,2.6136091724825525,172133493.3660455,True,True,0.6962637444958091,0.6962484109999991,,,,"{""stc_h"": 10, ""coding"": ""STC h=10""}"
EvoHILL-STC,0.4,5559,0,57.07315053974648,0.9996265811009569,0.12757492065429688,0.9999886196888708,104858,33443,3.1354244535478277,1090626.6029759124,True,True,0.7137687504291534,0.7123512260000027,,,,"{""stc_h"": 10, ""coding"": ""STC h=10""}"
HILL-SIM,0.05,8091,0,67.05281005429728,0.999993633384079,0.0128173828125,0.9999940662244313,13107,3360,3.900892857142857,352.6371803525835,,False,0.47179987095296383,0.47179580900000007,,,,"{""coding"": ""simulator (payload-limited sender)""}"
HILL-SIM,0.05,6260,0,69.26053969304267,0.9999689883680992,0.007709503173828125,0.999993070046946,13107,2021,6.485403265710045,739.9799864590168,,False,0.49995320104062557,0.4999225749999998,,,,"{""coding"": ""simulator (payload-limited sender)""}"
HILL-SIM,0.05,9642,0,69.21990115393673,0.9999805321423505,0.007781982421875,0.9999974944681681,13107,2040,6.425,336.5422696918249,,False,0.47573333978652954,0.47573119600000013,,,,"{""coding"": ""simulator (payload-limited sender)""}"
HILL-SIM,0.05,8444,0,69.35393995558411,0.9999927961662116,0.00754547119140625,0.9999977321182842,13107,1978,6.62639029322548,312.32080015540123,,False,0.4535942366346717,0.45359080200000035,,,,"{""coding"": ""simulator (payload-limited sender)""}"
HILL-SIM,0.05,1264,0,69.22416103149163,0.9999915813343914,0.00777435302734375,0.999999348152188,13107,2038,6.431305201177625,275.8759669288993,,False,0.45772852655500174,0.4577087520000003,,,,"{""coding"": ""simulator (payload-limited sender)""}"
HILL-SIM,0.05,7865,0,68.86835160186911,0.9999734622497016,0.0084381103515625,0.9999991346876688,13107,2212,5.925406871609403,673.9769443795085,,False,0.49300046637654305,0.492996432,,,,"{""coding"": ""simulator (payload-limited sender)""}"
HILL-SIM,0.05,5263,0,70.54661302232664,0.9999850262069716,0.005733489990234375,0.9999944495636383,13107,1503,8.72055888223553,334.5183155834675,,False,0.469781163148582,0.4697747200000002,,,,"{""coding"": ""simulator (payload-limited sender)""}"
HILL-SIM,0.05,279,0,68.72544056760309,0.9999903878394133,0.00872039794921875,0.99999926822923,13107,2286,5.733595800524935,259.7051904909313,,False,0.4933586549013853,0.4933374239999999,,,,"{""coding"": ""simulator (payload-limited sender)""}"
HILL-SIM,0.05,7741,0,68.32465948861356,0.9999678316667315,0.009563446044921875,0.9999983378897478,13107,2507,5.228161148783406,609.2655527666211,,False,0.49807247519493103,0.49783699299999995,,,,"{""coding"": ""simulator (payload-limited sender)""}"
HILL-SIM,0.05,5559,0,69.74421856680227,0.9999873046251911,0.00689697265625,0.999999285928115,13107,1808,7.249446902654867,289.6242840588093,,False,0.49617080949246883,0.4961655140000003,,,,"{""coding"": ""simulator (payload-limited sender)""}"
HILL-SIM,0.1,8091,0,63.778004369628086,0.9999773423557899,0.02724456787109375,0.999987387553014,26214,7142,3.6704004480537664,1446.1119798757136,,False,0.4838353553786874,0.48360413300000005,,,,"{""coding"": ""simulator (payload-limited sender)""}"
HILL-SIM,0.1,6260,0,65.82772574446678,0.9999216868285914,0.016994476318359375,0.9999847248668272,26214,4455,5.884175084175085,1899.7834142744541,,False,0.48932281229645014,0.48929804099999963,,,,"{""coding"": ""simulator (payload-limited sender)""}"
HILL-SIM,0.1,9642,0,65.68484967861818,0.9999554999574461,0.0175628662109375,0.9999943452737038,26214,4604,5.6937445699391835,843.833788998425,,False,0.47169890999794006,0.47163553600000085,,,,"{""coding"": ""simulator (payload-limited sender)""}"
HILL-SIM,0.1,8444,0,65.70186232425652,0.9999826798676523,0.01749420166015625,0.9999947420032438,26214,4586,5.716092455298735,787.4512619227171,,False,0.46445797849446535,0.4643972569999999,,,,"{""coding"": ""simulator (payload-limited sender)""}"
HILL-SIM,0.1,1264,0,65.62210415531788,0.9999776048017686,0.017818450927734375,0.9999985060118162,26214,4671,5.612074502247912,708.8820473849773,,False,0.48905345145612955,0.4890349570000012,,,,"{""coding"": ""simulator (payload-limited sender)""}"
HILL-SIM,0.1,7865,0,65.29534561383747,0.9999333645264021,0.0192108154296875,0.999998029919877,26214,5036,5.205321683876092,1874.0663208216429,,False,0.5005217185243964,0.5003555999999989,,,,"{""coding"": ""simulator (payload-limited sender)""}"
HILL-SIM,0.1,5263,0,67.02832091044675,0.9999643667607319,0.012889862060546875,0.9999875215824952,26214,3379,7.757916543356022,768.2829344570637,,False,0.4786834046244621,0.4782466359999997,,,,"{""coding"": ""simulator (payload-limited sender)""}"
HILL-SIM,0.1,279,0,65.33258716764462,0.9999749975117681,0.019046783447265625,0.999998401679482,26214,4993,5.250150210294412,663.3152136988938,,False,0.4629112249240279,0.46288885399999913,,,,"{""coding"": ""simulator (payload-limited sender)""}"
HILL-SIM,0.1,7741,0,65.11378264532514,0.999921963109078,0.020030975341796875,0.9999965186963172,26214,5251,4.992191963435536,1632.6498269103467,,False,0.46976086404174566,0.4697283929999987,,,,"{""coding"": ""simulator (payload-limited sender)""}"
HILL-SIM,0.1,5559,0,66.1409574793328,0.9999662390718449,0.015811920166015625,0.9999983629288335,26214,4145,6.324246079613992,727.5510259121656,,False,0.47257136553525925,0.472565479,,,,"{""coding"": ""simulator (payload-limited sender)""}"
HILL-SIM,0.2,8091,0,60.812630248210525,0.9999022586650897,0.053928375244140625,0.99997503408631,52429,14137,3.708636910235552,5953.657285813242,,False,0.4978598114103079,0.497854757999999,,,,"{""coding"": ""simulator (payload-limited sender)""}"
HILL-SIM,0.2,6260,0,62.450724694048475,0.999809405880014,0.036983489990234375,0.9999667564112592,52429,9695,5.407839092315626,4994.486008867621,,False,0.5040338803082705,0.5039961599999998,,,,"{""coding"": ""simulator (payload-limited sender)""}"
HILL-SIM,0.2,9642,0,62.190361189054215,0.9998911138341556,0.03926849365234375,0.9999873568024279,52429,10294,5.093161064697882,2176.8800530284643,,False,0.49600162636488676,0.49583956999999934,,,,"{""coding"": ""simulator (payload-limited sender)""}"
HILL-SIM,0.2,8444,0,62.047602968350105,0.999953800694577,0.04058074951171875,0.9999878034989393,52429,10638,4.9284639969919155,2142.9294961094856,,False,0.47025279700756073,0.47014992799999966,,,,"{""coding"": ""simulator (payload-limited sender)""}"
HILL-SIM,0.2,1264,0,62.10058890782217,0.9999373651053549,0.040088653564453125,0.9999966388032447,52429,10509,4.988961842230469,1858.0780297666788,,False,0.4591162083670497,0.4590930499999999,,,,"{""coding"": ""simulator (payload-limited sender)""}"
HILL-SIM,0.2,7865,0,61.90978391275035,0.9998296935536554,0.041889190673828125,0.9999957042629025,52429,10981,4.774519624806484,5153.730244740844,,False,0.5145750800147653,0.5142621970000008,,,,"{""coding"": ""simulator (payload-limited sender)""}"
HILL-SIM,0.2,5263,0,63.39971338949013,0.9999164917981765,0.02972412109375,0.999971225996791,52429,7792,6.728567761806982,1826.5487084388733,,False,0.4730374077335,0.47302541700000234,,,,"{""coding"": ""simulator (payload-limited sender)""}"
HILL-SIM,0.2,279,0,61.747535291612586,0.9999303155405086,0.043483734130859375,0.999996351002568,52429,11399,4.599438547240986,1891.7611450627446,,False,0.48122298158705235,0.48120214599999755,,,,"{""coding"": ""simulator (payload-limited sender)""}"
HILL-SIM,0.2,7741,0,61.694521094677896,0.9998058999037391,0.044017791748046875,0.9999923498358194,52429,11539,4.543634630383916,4746.364935580641,,False,0.48838880006223917,0.48809814099999826,,,,"{""coding"": ""simulator (payload-limited sender)""}"
HILL-SIM,0.2,5559,0,62.7095927554859,0.9999154052956314,0.03484344482421875,0.9999963925135312,52429,9134,5.739982483030436,1766.4672714620829,,False,0.47059578727930784,0.4704909399999977,,,,"{""coding"": ""simulator (payload-limited sender)""}"
HILL-SIM,0.4,8091,0,58.16229544636998,0.9995084077789802,0.09927749633789062,0.9999540415972515,104858,26025,4.029125840537945,23822.080621752888,,False,0.5059077134355903,0.5058758240000003,,,,"{""coding"": ""simulator (payload-limited sender)""}"
HILL-SIM,0.4,6260,0,59.04895370017463,0.9995357120681375,0.08094406127929688,0.999927244016143,104858,21219,4.941703190536783,13606.688116170466,,False,0.4952427679672837,0.4948924760000004,,,,"{""coding"": ""simulator (payload-limited sender)""}"
HILL-SIM,0.4,9642,0,58.49693352182345,0.999707783912544,0.09191513061523438,0.9999704064615682,104858,24095,4.351857231790828,6376.638446554542,,False,0.47279750276356936,0.47277884199999676,,,,"{""coding"": ""simulator (payload-limited sender)""}"
HILL-SIM,0.4,8444,0,58.27813672272149,0.9998517943770299,0.0966644287109375,0.9999709477491766,104858,25340,4.138042620363063,6370.966112665832,,False,0.4599622832611203,0.4599174760000011,,,,"{""coding"": ""simulator (payload-limited sender)""}"
HILL-SIM,0.4,1264,0,58.49026966175205,0.9997907284935891,0.0920562744140625,0.9999922815019272,104858,24132,4.3451848168407095,5390.738726884127,,False,0.47257541213184595,0.47240009900000146,,,,"{""coding"": ""simulator (payload-limited sender)""}"
HILL-SIM,0.4,7865,0,58.6188506746365,0.9995516165605937,0.0893707275390625,0.9999908350846999,104858,23428,4.4757555062318595,15232.55368899554,,False,0.48043036833405495,0.4803942429999992,,,,"{""coding"": ""simulator (payload-limited sender)""}"
HILL-SIM,0.4,5263,0,59.66826063412417,0.9997944475394454,0.07018661499023438,0.999932059418471,104858,18399,5.699114082287081,4483.362275451422,,False,0.47588611114770174,0.47586889499999785,,,,"{""coding"": ""simulator (payload-limited sender)""}"
HILL-SIM,0.4,279,0,58.08964794947119,0.9997996769210769,0.1009521484375,0.9999915285083587,104858,26464,3.962288391777509,6083.75313302502,,False,0.4746015900745988,0.474598481000001,,,,"{""coding"": ""simulator (payload-limited sender)""}"
HILL-SIM,0.4,7741,0,58.3690600328623,0.9995413685350137,0.09466171264648438,0.9999835490967889,104858,24815,4.225589361273423,14713.814202733338,,False,0.4959462033584714,0.49590699699999874,,,,"{""coding"": ""simulator (payload-limited sender)""}"
HILL-SIM,0.4,5559,0,58.921092170732635,0.9997469479328167,0.08336257934570312,0.9999913693329736,104858,21853,4.798334324806663,4885.702453784645,,False,0.48138259910047054,0.48135956100000143,,,,"{""coding"": ""simulator (payload-limited sender)""}"
S-UNIWARD-SIM,0.05,8091,0,68.4050866911677,0.9999953726161639,0.009387969970703125,0.9999956541936756,13107,2461,5.325883787078423,5294827.340190783,,False,2.797354543581605,2.797024691,,,,"{""coding"": ""simulator (payload-limited sender)""}"
S-UNIWARD-SIM,0.05,6260,0,70.19432678415613,0.9999721797269171,0.00621795654296875,0.9999944105668743,13107,1630,8.041104294478528,925.3840284794569,,False,1.7745403237640858,1.7744585969999997,,,,"{""coding"": ""simulator (payload-limited sender)""}"
S-UNIWARD-SIM,0.05,9642,0,70.07346268525313,0.9999895522551109,0.0063934326171875,0.9999979415051499,13107,1676,7.820405727923628,495.7407744079828,,False,1.7253215285018086,1.725180064,,,,"{""coding"": ""simulator (payload-limited sender)""}"
S-UNIWARD-SIM,0.05,8444,0,69.81688526185377,0.9999950475941906,0.00678253173828125,0.9999979614535945,13107,1778,7.371766029246344,421.9313428103924,,False,1.7436281694099307,1.743423483,,,,"{""coding"": ""simulator (payload-limited sender)""}"
S-UNIWARD-SIM,0.05,1264,0,69.80956363356329,0.9999927313431012,0.006793975830078125,0.9999994303505976,13107,1781,7.359348680516564,384.7933877632022,,False,1.7444488871842623,1.7442485360000006,,,,"{""coding"": ""simulator (payload-limited sender)""}"
S-UNIWARD-SIM,0.05,7865,0,69.60475964870494,0.9999822492385357,0.007122039794921875,0.9999992696372149,13107,1867,7.0203535083020885,958.7714158520103,,False,1.7658346993848681,1.7654419040000011,,,,"{""coding"": ""simulator (payload-limited sender)""}"
S-UNIWARD-SIM,0.05,5263,0,70.5063470203284,0.9999845904165061,0.005786895751953125,0.9999943978271415,13107,1517,8.640079103493738,375.2636484801769,,False,1.7692338144406676,1.7684017650000001,,,,"{""coding"": ""simulator (payload-limited sender)""}"
S-UNIWARD-SIM,0.05,279,0,69.62574573161949,0.9999948181540596,0.00708770751953125,0.9999994052296276,13107,1858,7.054359526372443,16889577.13813544,,False,1.741065053269267,1.740415873,,,,"{""coding"": ""simulator (payload-limited sender)""}"
S-UNIWARD-SIM,0.05,7741,0,69.49678349378746,0.9999832066873452,0.00730133056640625,0.9999987310617086,13107,1914,6.847962382445141,10812902.457208678,,False,1.7891084579750896,1.7888914059999976,,,,"{""coding"": ""simulator (payload-limited sender)""}"
S-UNIWARD-SIM,0.05,5559,0,69.95083021330878,0.9999881690791911,0.0065765380859375,0.9999993191037945,13107,1724,7.602668213457076,149510.18703216314,,False,1.7867752639576793,1.7866615649999993,,,,"{""coding"": ""simulator (payload-limited sender)""}"
S-UNIWARD-SIM,0.1,8091,0,64.8343225581337,0.9999822326413489,0.0213623046875,0.9999901104393949,26214,5600,4.681071428571428,14654253.239314975,,False,1.7555117662996054,1.755437090000001,,,,"{""coding"": ""simulator (payload-limited sender)""}"
S-UNIWARD-SIM,0.1,6260,0,66.78587266617131,0.999931649595801,0.013629913330078125,0.9999877481187253,26214,3573,7.336691855583544,2318.1870725676417,,False,1.929800022393465,1.9271384520000012,,,,"{""coding"": ""simulator (payload-limited sender)""}"
S-UNIWARD-SIM,0.1,9642,0,66.35793505746348,0.9999713477845208,0.015041351318359375,0.9999951571452264,26214,3943,6.648237382703525,1294.0961434543133,,False,2.685999397188425,2.685318445,,,,"{""coding"": ""simulator (payload-limited sender)""}"
S-UNIWARD-SIM,0.1,8444,0,66.17778460943502,0.9999870668322407,0.01567840576171875,0.9999952876663758,26214,4110,6.378102189781022,262033.94421701878,,False,1.8301725592464209,1.8297894980000002,,,,"{""coding"": ""simulator (payload-limited sender)""}"
S-UNIWARD-SIM,0.1,1264,0,66.35133149083028,0.9999814750088433,0.015064239501953125,0.9999987369195222,26214,3949,6.638136237022031,907.6612593010068,,False,1.7539249956607819,1.753875088000001,,,,"{""coding"": ""simulator (payload-limited sender)""}"
S-UNIWARD-SIM,0.1,7865,0,66.22880363750784,0.999951822874787,0.01549530029296875,0.9999984109800759,26214,4062,6.453471196454949,2393.248466439545,,False,1.7919296873733401,1.791865210000001,,,,"{""coding"": ""simulator (payload-limited sender)""}"
S-UNIWARD-SIM,0.1,5263,0,67.23359977307237,0.9999662132915593,0.012294769287109375,0.9999880979603858,26214,3223,8.133416071982625,816.1256664097309,,False,1.7888088300824165,1.788752033999998,,,,"{""coding"": ""simulator (payload-limited sender)""}"
S-UNIWARD-SIM,0.1,279,0,65.9443086067081,0.9999856073497019,0.016544342041015625,0.9999986116660096,26214,4337,6.044270232879871,34897908.48807563,,False,1.7628418244421482,1.7627266579999983,,,,"{""coding"": ""simulator (payload-limited sender)""}"
S-UNIWARD-SIM,0.1,7741,0,66.0692575154749,0.999955665297446,0.01607513427734375,0.9999972061742606,26214,4214,6.220692928334124,24534473.09240143,,False,1.774909496307373,1.7747112139999999,,,,"{""coding"": ""simulator (payload-limited sender)""}"
S-UNIWARD-SIM,0.1,5559,0,66.58864817665352,0.9999699016401694,0.014263153076171875,0.9999985232782918,26214,3739,7.01096549879647,75439.95527847111,,False,1.778856098651886,1.7787420899999944,,,,"{""coding"": ""simulator (payload-limited sender)""}"
S-UNIWARD-SIM,0.2,8091,0,61.667880630809975,0.9998973054915677,0.04428863525390625,0.9999794970897977,52429,11610,4.515848406546081,100074438.05648452,,False,1.7706073680892587,1.7704832459999977,,,,"{""coding"": ""simulator (payload-limited sender)""}"
S-UNIWARD-SIM,0.2,6260,0,63.44960384958369,0.9998376172486442,0.029384613037109375,0.9999735863172403,52429,7703,6.806309230170063,5635.054710097611,,False,1.8076175721362233,1.807562672000003,,,,"{""coding"": ""simulator (payload-limited sender)""}"
S-UNIWARD-SIM,0.2,9642,0,62.856103980538066,0.9999232394039171,0.033687591552734375,0.9999891534667434,52429,8831,5.936926735364058,152326.43116553873,,False,1.9088177680969238,1.9086799079999963,,,,"{""coding"": ""simulator (payload-limited sender)""}"
S-UNIWARD-SIM,0.2,8444,0,62.60205259434577,0.9999628663954769,0.035717010498046875,0.999989265219459,52429,9363,5.5995941471750506,2053243.6806298941,,False,1.7477506399154663,1.7476778079999988,,,,"{""coding"": ""simulator (payload-limited sender)""}"
S-UNIWARD-SIM,0.2,1264,0,62.7095927554859,0.9999446265911295,0.03484344482421875,0.999997078512203,52429,9134,5.739982483030436,2379.3981377109885,,False,1.7507709758356214,1.7507388580000054,,,,"{""coding"": ""simulator (payload-limited sender)""}"
S-UNIWARD-SIM,0.2,7865,0,62.954082384993235,0.9998649018024585,0.03293609619140625,0.9999966224130006,52429,8634,6.072388232568914,155399.24238365144,,False,1.7763406792655587,1.7762933160000003,,,,"{""coding"": ""simulator (payload-limited sender)""}"
S-UNIWARD-SIM,0.2,5263,0,63.66871947189913,0.9999187421190393,0.0279388427734375,0.9999729552505696,52429,7324,7.158519934462043,1931.6265885531902,,False,1.7882484262809157,1.7881689749999978,,,,"{""coding"": ""simulator (payload-limited sender)""}"
S-UNIWARD-SIM,0.2,279,0,62.6411910809673,0.9999597356463917,0.035396575927734375,0.9999970296961346,52429,9279,5.650285591119733,62414357.55868417,,False,1.7680905750021338,1.767859171000005,,,,"{""coding"": ""simulator (payload-limited sender)""}"
S-UNIWARD-SIM,0.2,7741,0,62.763655999993915,0.9998809481303262,0.034412384033203125,0.9999940191829135,52429,9021,5.811883383216938,78672968.89540514,,False,1.7784847244620323,1.7782818029999987,,,,"{""coding"": ""simulator (payload-limited sender)""}"
S-UNIWARD-SIM,0.2,5559,0,63.008240198362714,0.9999176818481205,0.032527923583984375,0.9999966323178601,52429,8527,6.148586841796646,225819.87973619252,,False,1.8015514016151428,1.8015085039999974,,,,"{""coding"": ""simulator (payload-limited sender)""}"
S-UNIWARD-SIM,0.4,8091,0,58.880147747154005,0.9995399865501299,0.0841522216796875,0.999961043206996,104858,22060,4.753309156844968,452712219.4000622,,False,1.8701417241245508,1.8700844560000007,,,,"{""coding"": ""simulator (payload-limited sender)""}"
S-UNIWARD-SIM,0.4,6260,0,59.731506212688785,0.9995726516683806,0.06917190551757812,0.9999378312760283,104858,18133,5.782716594055038,15147.705837860703,,False,1.8417796967551112,1.8417068560000018,,,,"{""coding"": ""simulator (payload-limited sender)""}"
S-UNIWARD-SIM,0.4,9642,0,59.23440181788906,0.9997832175872068,0.0775604248046875,0.9999750298340027,104858,20332,5.157289002557545,5451876.140099503,,False,1.86506852414459,1.8650047420000107,,,,"{""coding"": ""simulator (payload-limited sender)""}"
S-UNIWARD-SIM,0.4,8444,0,58.74333551305452,0.999868294311421,0.08684539794921875,0.9999738990020308,104858,22766,4.605903540367215,5861322.674512371,,False,1.7717398256063461,1.7716559959999927,,,,"{""coding"": ""simulator (payload-limited sender)""}"
S-UNIWARD-SIM,0.4,1264,0,59.05304907962755,0.9998126642004629,0.08086776733398438,0.9999932195362194,104858,21199,4.946365394594085,640374.2676580921,,False,1.7815824784338474,1.781432449999997,,,,"{""coding"": ""simulator (payload-limited sender)""}"
S-UNIWARD-SIM,0.4,7865,0,59.47505514417802,0.9996024850501205,0.0733795166015625,0.9999924749261465,104858,19236,5.451133291744646,166695.5821885243,,False,1.8205820843577385,1.8205186279999879,,,,"{""coding"": ""simulator (payload-limited sender)""}"
S-UNIWARD-SIM,0.4,5263,0,59.86675530092392,0.9997944329629426,0.06705093383789062,0.9999351011602359,104858,17577,5.965636911873471,4827.441835001111,,False,1.7803718214854598,1.7803126289999938,,,,"{""coding"": ""simulator (payload-limited sender)""}"
S-UNIWARD-SIM,0.4,279,0,58.98818379641589,0.9998637905973274,0.08208465576171875,0.9999931117516538,104858,21518,4.873036527558323,141832384.92827642,,False,1.754798924550414,1.754743474999998,,,,"{""coding"": ""simulator (payload-limited sender)""}"
S-UNIWARD-SIM,0.4,7741,0,59.299827000927,0.9996624936310252,0.0764007568359375,0.9999867220310404,104858,20028,5.235570201717596,163876148.44134152,,False,1.7671637274324894,1.7670938680000035,,,,"{""coding"": ""simulator (payload-limited sender)""}"
S-UNIWARD-SIM,0.4,5559,0,59.3235275121097,0.9997562261744741,0.07598495483398438,0.9999921329964664,104858,19919,5.264220091370048,1310514.9759119675,,False,1.7692407667636871,1.7691801299999952,,,,"{""coding"": ""simulator (payload-limited sender)""}"
WOW-SIM,0.05,8091,0,67.9402825056561,0.999995662288286,0.010448455810546875,0.999995162916684,13107,2739,4.785323110624315,2647803.2619282957,,False,17.270905460231006,17.268845951,,,,"{""coding"": ""simulator (payload-limited sender)""}"
WOW-SIM,0.05,6260,0,69.07132049511915,0.9999741373645018,0.008052825927734375,0.9999927621495625,13107,2111,6.208905731880625,846.7946329191327,,False,5.118528290651739,5.117512913999999,,,,"{""coding"": ""simulator (payload-limited sender)""}"
WOW-SIM,0.05,9642,0,69.48319054116023,0.9999900441445264,0.00732421875,0.9999976417940136,13107,1920,6.8265625,539.3277638331056,,False,1.5691163325682282,1.5689712259999986,,,,"{""coding"": ""simulator (payload-limited sender)""}"
WOW-SIM,0.05,8444,0,69.42031330276974,0.9999952422613588,0.0074310302734375,0.999997766537674,13107,1948,6.728439425051334,261424.17068561912,,False,1.7220193296670914,1.7219691809999986,,,,"{""coding"": ""simulator (payload-limited sender)""}"
WOW-SIM,0.05,1264,0,69.2820821222283,0.9999935719229185,0.007671356201171875,0.99999935678651,13107,2011,6.517652909000497,438.9750344976783,,False,1.6187216574326158,1.6186245469999996,,,,"{""coding"": ""simulator (payload-limited sender)""}"
WOW-SIM,0.05,7865,0,68.59813824312157,0.9999850274932716,0.00897979736328125,0.9999990791196239,13107,2354,5.567969413763806,930.9722048342228,,False,1.653670184314251,1.6534292469999983,,,,"{""coding"": ""simulator (payload-limited sender)""}"
WOW-SIM,0.05,5263,0,70.50921081523538,0.9999862824493344,0.0057830810546875,0.9999944016408586,13107,1516,8.645778364116095,344.9142527580261,,False,1.7006632778793573,1.700582959000002,,,,"{""coding"": ""simulator (payload-limited sender)""}"
WOW-SIM,0.05,279,0,69.15230531746376,0.999995678822961,0.007904052734375,0.9999993367206493,13107,2072,6.3257722007722,35829269.77876778,,False,1.786262451671064,1.785755327000004,,,,"{""coding"": ""simulator (payload-limited sender)""}"
WOW-SIM,0.05,7741,0,68.49963800233785,0.9999858255334406,0.009185791015625,0.9999984035396131,13107,2408,5.443106312292358,19164322.978413966,,False,1.7213407438248396,1.7208903570000018,,,,"{""coding"": ""simulator (payload-limited sender)""}"
WOW-SIM,0.05,5559,0,69.6001098144074,0.9999899140791288,0.007129669189453125,0.9999992618391776,13107,1869,7.012841091492777,410549.13266640157,,False,1.5985470665618777,1.5981141159999979,,,,"{""coding"": ""simulator (payload-limited sender)""}"
WOW-SIM,0.1,8091,0,64.19844261216669,0.9999852201328433,0.024730682373046875,0.9999885516135046,26214,6483,4.043498380379454,13013916.331161655,,False,1.6212448319420218,1.6210118770000008,,,,"{""coding"": ""simulator (payload-limited sender)""}"
WOW-SIM,0.1,6260,0,65.52101539123782,0.9999286692149888,0.018238067626953125,0.9999836057692674,26214,4781,5.4829533570382765,2207.018350802362,,False,1.6680044531822205,1.667758653,,,,"{""coding"": ""simulator (payload-limited sender)""}"
WOW-SIM,0.1,9642,0,65.88266320842709,0.9999738468714156,0.016780853271484375,0.9999945969962464,26214,4399,5.959081609456694,1317.7336828708649,,False,1.638355485163629,1.638129235000001,,,,"{""coding"": ""simulator (payload-limited sender)""}"
WOW-SIM,0.1,8444,0,65.82480218675353,0.9999880641230192,0.01700592041015625,0.9999948887332982,26214,4458,5.88021534320323,262066.94846764207,,False,1.652994311414659,1.6529084180000027,,,,"{""coding"": ""simulator (payload-limited sender)""}"
WOW-SIM,0.1,1264,0,65.92333056909335,0.999984215954035,0.01662445068359375,0.9999986061045616,26214,4358,6.015144561725562,999.7367162629962,,False,1.6063707200810313,1.6059444429999985,,,,"{""coding"": ""simulator (payload-limited sender)""}"
WOW-SIM,0.1,7865,0,65.07836345854243,0.9999564550691107,0.02019500732421875,0.9999979289965916,26214,5294,4.951643369852663,2343.4103836491704,,False,1.6837463304400444,1.6835257449999972,,,,"{""coding"": ""simulator (payload-limited sender)""}"
WOW-SIM,0.1,5263,0,66.94431056575927,0.9999670811410236,0.013141632080078125,0.9999872779413059,26214,3445,7.609288824383164,808.478296816349,,False,1.632131515070796,1.6319039219999993,,,,"{""coding"": ""simulator (payload-limited sender)""}"
WOW-SIM,0.1,279,0,65.64634564489911,0.9999882328567979,0.017719268798828125,0.9999985130914989,26214,4645,5.643487621097955,50743124.66865404,,False,1.734132207930088,1.7338951850000015,,,,"{""coding"": ""simulator (payload-limited sender)""}"
WOW-SIM,0.1,7741,0,65.1353398803648,0.9999597508431532,0.019931793212890625,0.9999965359163075,26214,5225,5.017033492822966,37695311.981780134,,False,1.6577747566625476,1.6575256390000064,,,,"{""coding"": ""simulator (payload-limited sender)""}"
WOW-SIM,0.1,5559,0,65.98353871664148,0.9999739771317868,0.01639556884765625,0.9999983024986248,26214,4298,6.0991158678455095,709356.7711117193,,False,1.788128268904984,1.7878948789999995,,,,"{""coding"": ""simulator (payload-limited sender)""}"
WOW-SIM,0.2,8091,0,60.38467845967495,0.999924810001173,0.059513092041015625,0.9999724486938226,52429,15601,3.3606179091083903,76101995.80120048,,False,1.6793837193399668,1.6791367739999998,,,,"{""coding"": ""simulator (payload-limited sender)""}"
WOW-SIM,0.2,6260,0,62.251970303119286,0.999823880722735,0.038715362548828125,0.9999651990187423,52429,10149,5.165927677603705,5460.120417565107,,False,1.6920284749940038,1.6917861330000008,,,,"{""coding"": ""simulator (payload-limited sender)""}"
WOW-SIM,0.2,9642,0,62.381399637495754,0.9999302809732806,0.037578582763671875,0.9999879009821706,52429,9851,5.322200791797787,152328.23644179106,,False,1.685365790501237,1.6848626040000028,,,,"{""coding"": ""simulator (payload-limited sender)""}"
WOW-SIM,0.2,8444,0,62.091919116340854,0.9999674467045182,0.04016876220703125,0.9999879268143579,52429,10530,4.9790123456790125,673875.8078281507,,False,1.618510628119111,1.618006813000001,,,,"{""coding"": ""simulator (payload-limited sender)""}"
WOW-SIM,0.2,1264,0,62.214900056044236,0.9999556590492453,0.0390472412109375,0.9999967260692685,52429,10236,5.122020320437671,2473.279076784849,,False,1.630404190160334,1.6298778949999928,,,,"{""coding"": ""simulator (payload-limited sender)""}"
WOW-SIM,0.2,7865,0,61.75630699433881,0.9998758144915925,0.04339599609375,0.9999955497192081,52429,11376,4.6087376933895925,5889.143480867147,,False,1.7059988342225552,1.7058116620000021,,,,"{""coding"": ""simulator (payload-limited sender)""}"
WOW-SIM,0.2,5263,0,63.248005673530265,0.9999200816858321,0.030780792236328125,0.9999702033235577,52429,8069,6.497583343660924,1940.107747092843,,False,1.644512539729476,1.6440759810000003,,,,"{""coding"": ""simulator (payload-limited sender)""}"
WOW-SIM,0.2,279,0,62.02155336181335,0.9999653302013453,0.04082489013671875,0.9999965741462981,52429,10702,4.898990842833116,129150733.93390474,,False,1.6190873309969902,1.6185709060000022,,,,"{""coding"": ""simulator (payload-limited sender)""}"
WOW-SIM,0.2,7741,0,61.66862883389893,0.9998820198912333,0.044281005859375,0.999992304192567,52429,11608,4.516626464507237,92877785.7807933,,False,1.7272825092077255,1.7265884360000001,,,,"{""coding"": ""simulator (payload-limited sender)""}"
WOW-SIM,0.2,5559,0,62.5289210568108,0.9999321107413925,0.03632354736328125,0.9999962392684641,52429,9522,5.506091157319891,747874.5057536289,,False,1.5963724721223116,1.5957112390000106,,,,"{""coding"": ""simulator (payload-limited sender)""}"
WOW-SIM,0.4,8091,0,57.249935026733326,0.999557548465305,0.12248611450195312,0.9999433035253547,104858,32109,3.265688747703136,461252782.1882896,,False,1.959831033833325,1.9585051809999925,,,,"{""coding"": ""simulator (payload-limited sender)""}"
WOW-SIM,0.4,6260,0,58.8378307360185,0.999547640168901,0.0849761962890625,0.9999236231583212,104858,22276,4.707218531154606,14600.625142626464,,False,1.7786721494048834,1.7781063810000006,,,,"{""coding"": ""simulator (payload-limited sender)""}"
WOW-SIM,0.4,9642,0,58.61014681881423,0.9997929859977817,0.08955001831054688,0.999971168669183,104858,23475,4.466794462193823,3475696.485981256,,False,1.6915661292150617,1.6911527080000042,,,,"{""coding"": ""simulator (payload-limited sender)""}"
WOW-SIM,0.4,8444,0,58.16663638803905,0.9998938488362616,0.09917831420898438,0.999970192005313,104858,25999,4.033155121350821,4407320.091809198,,False,1.6060829544439912,1.605679190999993,,,,"{""coding"": ""simulator (payload-limited sender)""}"
WOW-SIM,0.4,1264,0,58.42507380627309,0.9998490175682052,0.09344863891601562,0.9999921649115472,104858,24497,4.280442503163653,6723.1975344643,,False,1.6862079491838813,1.6860116090000048,,,,"{""coding"": ""simulator (payload-limited sender)""}"
WOW-SIM,0.4,7865,0,58.14181806525691,0.999616323776432,0.0997467041015625,0.9999897709783026,104858,26148,4.010172862169191,17089.703010194004,,False,1.7803689055144787,1.7800540920000003,,,,"{""coding"": ""simulator (payload-limited sender)""}"
WOW-SIM,0.4,5263,0,59.60057457387266,0.9998008068858033,0.0712890625,0.9999309933795493,104858,18688,5.610980308219178,4691.937065780163,,False,1.6737826205790043,1.6735643419999917,,,,"{""coding"": ""simulator (payload-limited sender)""}"
WOW-SIM,0.4,279,0,58.32725875741076,0.9998786102036648,0.09557723999023438,0.9999919796313401,104858,25055,4.185112751945719,213974704.92040643,,False,2.42298184055835,2.421952271000009,,,,"{""coding"": ""simulator (payload-limited sender)""}"
WOW-SIM,0.4,7741,0,58.123090231295926,0.9996389151109156,0.10017776489257812,0.9999825894407356,104858,26261,3.9929172537222497,243063909.43090475,,False,1.7294090623036027,1.728585300000006,,,,"{""coding"": ""simulator (payload-limited sender)""}"
WOW-SIM,0.4,5559,0,58.77242894986323,0.9997887942773465,0.08626556396484375,0.9999910686789962,104858,22614,4.636862120810117,1720654.1822196469,,False,1.6233368292450905,1.6231379039999894,,,,"{""coding"": ""simulator (payload-limited sender)""}"
MiPOD-SIM,0.05,8091,0,69.12514223509795,0.9999886312832058,0.007953643798828125,0.9999963179340537,13107,2085,6.286330935251798,7308206.5191467665,,False,2.097978765144944,2.09788237,,,,"{""coding"": ""simulator (payload-limited sender)""}"
MiPOD-SIM,0.05,6260,0,70.39331670251451,0.9999643748895382,0.005939483642578125,0.9999946608870451,13107,1557,8.41811175337187,947.5661018267274,,False,2.725099654868245,2.724878493,,,,"{""coding"": ""simulator (payload-limited sender)""}"
MiPOD-SIM,0.05,9642,0,70.20232729882713,0.9999784349258859,0.006206512451171875,0.999998001665921,13107,1627,8.055931161647203,37732.08591673523,,False,2.166621026583016,2.166402216,,,,"{""coding"": ""simulator (payload-limited sender)""}"
MiPOD-SIM,0.05,8444,0,70.19699198511063,0.9999911831978162,0.006214141845703125,0.9999981323243591,13107,1629,8.046040515653775,74988.45461200923,,False,2.3515514731407166,2.3511342919999993,,,,"{""coding"": ""simulator (payload-limited sender)""}"
MiPOD-SIM,0.05,1264,0,70.32139367957215,0.9999882159278796,0.006038665771484375,0.9999994936837443,13107,1583,8.279848389134555,343.53168234974146,,False,2.0062207328155637,2.006132857999999,,,,"{""coding"": ""simulator (payload-limited sender)""}"
MiPOD-SIM,0.05,7865,0,69.78039993257389,0.9999743762816865,0.006839752197265625,0.999999298598801,13107,1793,7.310094813162298,889.3968576639891,,False,2.5810464462265372,2.580960320000001,,,,"{""coding"": ""simulator (payload-limited sender)""}"
MiPOD-SIM,0.05,5263,0,70.87669166395608,0.9999825837024234,0.005313873291015625,0.9999948557833613,13107,1393,9.4091888011486,365.9746333658695,,False,2.57689902279526,2.576484466,,,,"{""coding"": ""simulator (payload-limited sender)""}"
MiPOD-SIM,0.05,279,0,70.12297774400236,0.9999890293037876,0.006320953369140625,0.999999469573195,13107,1657,7.910078455039227,4586174.431367882,,False,2.024778600782156,2.023890091000002,,,,"{""coding"": ""simulator (payload-limited sender)""}"
MiPOD-SIM,0.05,7741,0,69.63042310936729,0.9999685738603837,0.007080078125,0.9999987694979021,13107,1856,7.061961206896552,7643742.442996051,,False,2.4180366648361087,2.4177183509999978,,,,"{""coding"": ""simulator (payload-limited sender)""}"
MiPOD-SIM,0.05,5559,0,70.76588054028602,0.9999799244250822,0.005451202392578125,0.9999994356156664,13107,1429,9.172148355493352,358.9385272562504,,False,2.141273595392704,2.1412000519999985,,,,"{""coding"": ""simulator (payload-limited sender)""}"
MiPOD-SIM,0.1,8091,0,65.027797144796,0.9999695869339679,0.0204315185546875,0.9999905415291362,26214,5356,4.894324122479462,30984139.82668499,,False,2.7702785786241293,2.769846006999998,,,,"{""coding"": ""simulator (payload-limited sender)""}"
MiPOD-SIM,0.1,6260,0,66.78708832603063,0.9999173670692615,0.0136260986328125,0.9999877515526334,26214,3572,7.338745800671893,2208.931159220636,,False,2.6573840798810124,2.657289412000001,,,,"{""coding"": ""simulator (payload-limited sender)""}"
MiPOD-SIM,0.1,9642,0,66.29777493037474,0.9999479241448413,0.01525115966796875,0.999995089569165,26214,3998,6.556778389194597,1134.107724621892,,False,2.202746193856001,2.202516340999999,,,,"{""coding"": ""simulator (payload-limited sender)""}"
MiPOD-SIM,0.1,8444,0,66.57357453112544,0.999978100590098,0.014312744140625,0.999995698221407,26214,3752,6.9866737739872065,634794.619676292,,False,2.344259516336024,2.344039041000002,,,,"{""coding"": ""simulator (payload-limited sender)""}"
MiPOD-SIM,0.1,1264,0,66.60260890065732,0.9999701464470644,0.014217376708984375,0.9999988079287169,26214,3727,7.03353903944191,841.8333293572068,,False,2.1266572922468185,2.126465463999999,,,,"{""coding"": ""simulator (payload-limited sender)""}"
MiPOD-SIM,0.1,7865,0,65.9684082467362,0.9999392635526995,0.016452789306640625,0.9999983127583687,26214,4313,6.077904011129144,2117.2189256623387,,False,2.2572213243693113,2.2567972439999977,,,,"{""coding"": ""simulator (payload-limited sender)""}"
MiPOD-SIM,0.1,5263,0,67.49891085859556,0.9999633010176429,0.011566162109375,0.9999888031035779,26214,3032,8.645778364116095,789.7999967336655,,False,2.090201278217137,2.089987491999999,,,,"{""coding"": ""simulator (payload-limited sender)""}"
MiPOD-SIM,0.1,279,0,66.44808013376195,0.9999744000821422,0.01473236083984375,0.9999987637156997,26214,3862,6.7876747799067845,7047398.353112839,,False,1.9404944200068712,1.9402972689999984,,,,"{""coding"": ""simulator (payload-limited sender)""}"
MiPOD-SIM,0.1,7741,0,65.97949876768128,0.9999252405930521,0.01641082763671875,0.9999971478724272,26214,4302,6.093444909344491,15325127.158146583,,False,2.5194362681359053,2.5192022860000023,,,,"{""coding"": ""simulator (payload-limited sender)""}"
MiPOD-SIM,0.1,5559,0,67.01036423174455,0.9999524269257113,0.012943267822265625,0.9999986599309449,26214,3393,7.725906277630416,853.2416633367538,,False,2.1125145265832543,2.1124370479999968,,,,"{""coding"": ""simulator (payload-limited sender)""}"
MiPOD-SIM,0.2,8091,0,60.79576680331921,0.9999049082510649,0.05413818359375,0.9999749389425622,52429,14192,3.694264374295378,81059699.80670582,,False,3.137073365971446,3.1369789450000027,,,,"{""coding"": ""simulator (payload-limited sender)""}"
MiPOD-SIM,0.2,6260,0,63.01384630053286,0.9998026980403858,0.0324859619140625,0.9999707994356354,52429,8516,6.156528886801315,5443.671330749989,,False,2.5529526192694902,2.5528478920000026,,,,"{""coding"": ""simulator (payload-limited sender)""}"
MiPOD-SIM,0.2,9642,0,62.602980375767594,0.9998799422042706,0.035709381103515625,0.9999885026851346,52429,9361,5.600790513833992,151977.76658409834,,False,2.198153224773705,2.198077766999994,,,,"{""coding"": ""simulator (payload-limited sender)""}"
MiPOD-SIM,0.2,8444,0,62.65901312575351,0.9999461904201788,0.035251617431640625,0.9999894047154922,52429,9241,5.673520181798507,1307412.1831383929,,False,2.205910653807223,2.205803717000002,,,,"{""coding"": ""simulator (payload-limited sender)""}"
MiPOD-SIM,0.2,1264,0,62.75211711623739,0.9999284715194848,0.034503936767578125,0.9999971069754202,52429,9045,5.796462133775567,2085.6093119084835,,False,2.0670469449833035,2.0669706580000025,,,,"{""coding"": ""simulator (payload-limited sender)""}"
MiPOD-SIM,0.2,7865,0,62.16134784665117,0.9998408758220618,0.039531707763671875,0.9999959461011566,52429,10363,5.059249252147062,5611.143212780356,,False,2.5755201978608966,2.5754021560000027,,,,"{""coding"": ""simulator (payload-limited sender)""}"
MiPOD-SIM,0.2,5263,0,63.73504350629506,0.9999103148185858,0.027515411376953125,0.9999733651329041,52429,7213,7.268681547206433,1902.656360477209,,False,1.8630593148991466,1.8629699159999973,,,,"{""coding"": ""simulator (payload-limited sender)""}"
MiPOD-SIM,0.2,279,0,62.58862198916033,0.9999364685863159,0.03582763671875,0.9999969935018472,52429,9392,5.582304088586031,27368003.742860325,,False,3.589196133427322,3.589045075999991,,,,"{""coding"": ""simulator (payload-limited sender)""}"
MiPOD-SIM,0.2,7741,0,62.03781604630627,0.9998120202939375,0.04067230224609375,0.9999929312440027,52429,10662,4.917370099418496,39935106.63168682,,False,2.4231318654492497,2.4228609930000005,,,,"{""coding"": ""simulator (payload-limited sender)""}"
MiPOD-SIM,0.2,5559,0,63.18018333090414,0.9998856761027962,0.0312652587890625,0.9999967629804695,52429,8196,6.3969009272816,76656.17562368512,,False,2.0122506376355886,2.0117515949999927,,,,"{""coding"": ""simulator (payload-limited sender)""}"
MiPOD-SIM,0.4,8091,0,57.35618304118174,0.999572614994101,0.11952590942382812,0.9999446734826317,104858,31333,3.346567516675709,303917922.242593,,False,3.033427784219384,3.0333267550000045,,,,"{""coding"": ""simulator (payload-limited sender)""}"
MiPOD-SIM,0.4,6260,0,59.09669920300155,0.9995029446251923,0.08005905151367188,0.9999280401754864,104858,20987,4.996331062086053,14387.34571852535,,False,2.5639878707006574,2.5639144960000095,,,,"{""coding"": ""simulator (payload-limited sender)""}"
MiPOD-SIM,0.4,9642,0,58.74448025096538,0.9997112374308093,0.086822509765625,0.9999720471344647,104858,22760,4.607117750439367,678728.9510193244,,False,2.3386370250955224,2.3383492800000028,,,,"{""coding"": ""simulator (payload-limited sender)""}"
MiPOD-SIM,0.4,8444,0,58.35892112954927,0.9998432349375478,0.09488296508789062,0.9999714833272114,104858,24873,4.215735938567925,2318933.9238895923,,False,2.5517263934016228,2.5516428210000015,,,,"{""coding"": ""simulator (payload-limited sender)""}"
MiPOD-SIM,0.4,1264,0,58.641525407015976,0.9997945629999221,0.08890533447265625,0.9999925456731076,104858,23306,4.499184759289453,5798.534436032176,,False,2.7349936850368977,2.7346329070000053,,,,"{""coding"": ""simulator (payload-limited sender)""}"
MiPOD-SIM,0.4,7865,0,58.18521782887394,0.99956199271969,0.0987548828125,0.99998987286118,104858,25888,4.050448084054388,16570.07991246879,,False,2.80738190934062,2.806964936,,,,"{""coding"": ""simulator (payload-limited sender)""}"
MiPOD-SIM,0.4,5263,0,59.807613282202766,0.9997784647842081,0.06797027587890625,0.9999342101354687,104858,17818,5.884947805589853,4734.222595229745,,False,2.4399275220930576,2.4396333990000016,,,,"{""coding"": ""simulator (payload-limited sender)""}"
MiPOD-SIM,0.4,279,0,58.38993666345533,0.9998268222621649,0.094207763671875,0.9999920945938499,104858,24696,4.245950761256884,67339876.34359872,,False,2.4986801529303193,2.4983090339999876,,,,"{""coding"": ""simulator (payload-limited sender)""}"
MiPOD-SIM,0.4,7741,0,58.06330666372777,0.9995246859661157,0.10156631469726562,0.99998234788575,104858,26625,3.938328638497653,139639919.41341853,,False,2.556419752538204,2.5559997219999957,,,,"{""coding"": ""simulator (payload-limited sender)""}"
MiPOD-SIM,0.4,5559,0,59.274098963843386,0.9997117719922662,0.07685470581054688,0.9999920429826119,104858,20147,5.204645852980593,1981263.4292574674,,False,2.0272494545206428,2.02700779700001,,,,"{""coding"": ""simulator (payload-limited sender)""}"
AMDT:no_ga,0.1,8091,0,59.58063469289735,0.9991962481923329,0.07161712646484375,0.9999668544775153,26214,12494,2.098127101008484,1638234278.3314867,True,True,11.45544028095901,11.45449135,2015,2015,2015,"{""chromosomes"": [{""direction"": 15, ""x_off"": 311, ""y_off"": 210, ""mask"": 3, ""alpha"": 0, ""beta"": 0, ""bp_dir"": 1, ""sigma"": 1, ""block_idx"": 3, ""delta"": 1}, {""direction"": 15, ""x_off"": 278, ""y_off"": 458, ""mask"": 1, ""alpha"": 1, ""beta"": 1, ""bp_dir"": 0, ""sigma"": 1, ""block_idx"": 3, ""delta"": 1}, {""direction"": 10, ""x_off"": 144, ""y_off"": 137, ""mask"": 1, ""alpha"": 1, ""beta"": 0, ""bp_dir"": 1, ""sigma"": 1, ""block_idx"": 0, ""delta"": 1}, {""direction"": 11, ""x_off"": 401, ""y_off"": 428, ""mask"": 1, ""alpha"": 0, ""beta"": 1, ""bp_dir"": 0, ""sigma"": 1, ""block_idx"": 3, ""delta"": 1}], ""matched_budget"": 2015}"
AMDT:no_ga,0.1,6260,0,57.19296169633883,0.9991105011189044,0.12410354614257812,0.9998884593114289,26214,11447,2.290032322879357,11819.20415866375,True,True,6.840986173599958,6.838849004000002,2015,2015,2015,"{""chromosomes"": [{""direction"": 1, ""x_off"": 188, ""y_off"": 316, ""mask"": 3, ""alpha"": 1, ""beta"": 0, ""bp_dir"": 1, ""sigma"": 1, ""block_idx"": 0, ""delta"": 1}, {""direction"": 3, ""x_off"": 296, ""y_off"": 106, ""mask"": 3, ""alpha"": 0, ""beta"": 1, ""bp_dir"": 0, ""sigma"": 1, ""block_idx"": 2, ""delta"": 1}, {""direction"": 10, ""x_off"": 356, ""y_off"": 499, ""mask"": 2, ""alpha"": 1, ""beta"": 0, ""bp_dir"": 1, ""sigma"": 1, ""block_idx"": 0, ""delta"": 1}, {""direction"": 6, ""x_off"": 16, ""y_off"": 492, ""mask"": 1, ""alpha"": 0, ""beta"": 0, ""bp_dir"": 0, ""sigma"": 1, ""block_idx"": 1, ""delta"": 1}], ""matched_budget"": 2015}"
AMDT:no_ga,0.1,9642,0,57.203921983922655,0.9992444794714984,0.12379074096679688,0.999960144704074,26214,11389,2.3016946176134865,165211625.53489938,True,True,6.77242992259562,6.771280657000002,2015,2015,2015,"{""chromosomes"": [{""direction"": 6, ""x_off"": 148, ""y_off"": 440, ""mask"": 2, ""alpha"": 0, ""beta"": 0, ""bp_dir"": 1, ""sigma"": 1, ""block_idx"": 1, ""delta"": 1}, {""direction"": 3, ""x_off"": 168, ""y_off"": 113, ""mask"": 3, ""alpha"": 1, ""beta"": 0, ""bp_dir"": 0, ""sigma"": 1, ""block_idx"": 3, ""delta"": 1}, {""direction"": 9, ""x_off"": 252, ""y_off"": 44, ""mask"": 3, ""alpha"": 1, ""beta"": 0, ""bp_dir"": 0, ""sigma"": 1, ""block_idx"": 0, ""delta"": 1}, {""direction"": 2, ""x_off"": 493, ""y_off"": 8, ""mask"": 1, ""alpha"": 0, ""beta"": 0, ""bp_dir"": 0, ""sigma"": 1, ""block_idx"": 3, ""delta"": 1}], ""matched_budget"": 2015}"
AMDT:no_ga,0.1,8444,0,57.85518249450593,0.9993250624140905,0.1065521240234375,0.9999679759163577,26214,10694,2.4512810922012345,36701571.49904248,True,True,6.800603453069925,6.799583725999998,2015,2015,2015,"{""chromosomes"": [{""direction"": 12, ""x_off"": 273, ""y_off"": 223, ""mask"": 1, ""alpha"": 0, ""beta"": 1, ""bp_dir"": 0, ""sigma"": 1, ""block_idx"": 1, ""delta"": 1}, {""direction"": 2, ""x_off"": 271, ""y_off"": 459, ""mask"": 3, ""alpha"": 1, ""beta"": 0, ""bp_dir"": 1, ""sigma"": 1, ""block_idx"": 0, ""delta"": 1}, {""direction"": 9, ""x_off"": 390, ""y_off"": 93, ""mask"": 3, ""alpha"": 1, ""beta"": 1, ""bp_dir"": 0, ""sigma"": 1, ""block_idx"": 2, ""delta"": 1}, {""direction"": 9, ""x_off"": 14, ""y_off"": 500, ""mask"": 3, ""alpha"": 0, ""beta"": 1, ""bp_dir"": 1, ""sigma"": 1, ""block_idx"": 2, ""delta"": 1}], ""matched_budget"": 2015}"
AMDT:no_ga,0.1,1264,0,56.005622736389746,0.9989134081095737,0.16312408447265625,0.9999863226629621,26214,10272,2.551985981308411,1537171.2330182195,True,True,6.840464813634753,6.839174104999998,2015,2015,2015,"{""chromosomes"": [{""direction"": 2, ""x_off"": 271, ""y_off"": 357, ""mask"": 3, ""alpha"": 0, ""beta"": 0, ""bp_dir"": 0, ""sigma"": 1, ""block_idx"": 1, ""delta"": 1}, {""direction"": 2, ""x_off"": 173, ""y_off"": 47, ""mask"": 1, ""alpha"": 0, ""beta"": 0, ""bp_dir"": 1, ""sigma"": 1, ""block_idx"": 0, ""delta"": 1}, {""direction"": 4, ""x_off"": 230, ""y_off"": 285, ""mask"": 7, ""alpha"": 1, ""beta"": 1, ""bp_dir"": 1, ""sigma"": 1, ""block_idx"": 1, ""delta"": 1}, {""direction"": 8, ""x_off"": 38, ""y_off"": 377, ""mask"": 3, ""alpha"": 0, ""beta"": 0, ""bp_dir"": 1, ""sigma"": 1, ""block_idx"": 1, ""delta"": 1}], ""matched_budget"": 2015}"
AMDT:no_ga,0.1,7865,0,58.68779813507847,0.9992360228598912,0.08796310424804688,0.9999909794387899,26214,11578,2.264121609949905,19338.312225461006,True,True,6.774376675486565,6.7724734359999985,2015,2015,2015,"{""chromosomes"": [{""direction"": 3, ""x_off"": 301, ""y_off"": 348, ""mask"": 1, ""alpha"": 1, ""beta"": 1, ""bp_dir"": 1, ""sigma"": 1, ""block_idx"": 3, ""delta"": 1}, {""direction"": 2, ""x_off"": 35, ""y_off"": 200, ""mask"": 3, ""alpha"": 0, ""beta"": 0, ""bp_dir"": 0, ""sigma"": 1, ""block_idx"": 2, ""delta"": 1}, {""direction"": 7, ""x_off"": 255, ""y_off"": 37, ""mask"": 3, ""alpha"": 0, ""beta"": 0, ""bp_dir"": 0, ""sigma"": 1, ""block_idx"": 1, ""delta"": 1}, {""direction"": 6, ""x_off"": 226, ""y_off"": 346, ""mask"": 1, ""alpha"": 0, ""beta"": 1, ""bp_dir"": 1, ""sigma"": 1, ""block_idx"": 1, ""delta"": 1}], ""matched_budget"": 2015}"
AMDT:no_ga,0.1,5263,0,57.85938255966893,0.9995521233587503,0.10644912719726562,0.9998969607323208,26214,10785,2.4305980528511824,3870.325244396925,True,True,6.735229137353599,6.733603682000002,2015,2015,2015,"{""chromosomes"": [{""direction"": 7, ""x_off"": 340, ""y_off"": 287, ""mask"": 3, ""alpha"": 0, ""beta"": 1, ""bp_dir"": 0, ""sigma"": 1, ""block_idx"": 0, ""delta"": 1}, {""direction"": 9, ""x_off"": 77, ""y_off"": 358, ""mask"": 1, ""alpha"": 1, ""beta"": 1, ""bp_dir"": 0, ""sigma"": 1, ""block_idx"": 1, ""delta"": 1}, {""direction"": 13, ""x_off"": 388, ""y_off"": 276, ""mask"": 3, ""alpha"": 1, ""beta"": 1, ""bp_dir"": 0, ""sigma"": 1, ""block_idx"": 1, ""delta"": 1}, {""direction"": 14, ""x_off"": 161, ""y_off"": 470, ""mask"": 3, ""alpha"": 1, ""beta"": 0, ""bp_dir"": 1, ""sigma"": 1, ""block_idx"": 3, ""delta"": 1}], ""matched_budget"": 2015}"
AMDT:no_ga,0.1,279,0,57.86374247738955,0.9991708766843794,0.10634231567382812,0.9999910765733633,26214,12395,2.114885034288019,1421273037.0710378,True,True,6.776823724620044,6.775407185000006,2015,2015,2015,"{""chromosomes"": [{""direction"": 14, ""x_off"": 336, ""y_off"": 16, ""mask"": 1, ""alpha"": 1, ""beta"": 0, ""bp_dir"": 0, ""sigma"": 1, ""block_idx"": 2, ""delta"": 1}, {""direction"": 13, ""x_off"": 398, ""y_off"": 102, ""mask"": 3, ""alpha"": 1, ""beta"": 1, ""bp_dir"": 0, ""sigma"": 1, ""block_idx"": 0, ""delta"": 1}, {""direction"": 4, ""x_off"": 261, ""y_off"": 353, ""mask"": 1, ""alpha"": 0, ""beta"": 1, ""bp_dir"": 0, ""sigma"": 1, ""block_idx"": 3, ""delta"": 1}, {""direction"": 5, ""x_off"": 90, ""y_off"": 293, ""mask"": 2, ""alpha"": 1, ""beta"": 1, ""bp_dir"": 1, ""sigma"": 1, ""block_idx"": 1, ""delta"": 1}], ""matched_budget"": 2015}"
AMDT:no_ga,0.1,7741,0,57.14120880821155,0.9990723337638598,0.12559127807617188,0.999978172940698,26214,13201,1.985758654647375,129843354.88154882,True,True,6.8194152023643255,6.817625456000002,2015,2015,2015,"{""chromosomes"": [{""direction"": 0, ""x_off"": 3, ""y_off"": 132, ""mask"": 2, ""alpha"": 0, ""beta"": 0, ""bp_dir"": 1, ""sigma"": 1, ""block_idx"": 2, ""delta"": 1}, {""direction"": 15, ""x_off"": 458, ""y_off"": 1, ""mask"": 1, ""alpha"": 0, ""beta"": 1, ""bp_dir"": 1, ""sigma"": 1, ""block_idx"": 3, ""delta"": 1}, {""direction"": 13, ""x_off"": 103, ""y_off"": 319, ""mask"": 1, ""alpha"": 1, ""beta"": 0, ""bp_dir"": 0, ""sigma"": 1, ""block_idx"": 0, ""delta"": 1}, {""direction"": 10, ""x_off"": 502, ""y_off"": 367, ""mask"": 2, ""alpha"": 0, ""beta"": 0, ""bp_dir"": 1, ""sigma"": 1, ""block_idx"": 1, ""delta"": 1}], ""matched_budget"": 2015}"
AMDT:no_ga,0.1,5559,0,58.697036641509285,0.9994906759300306,0.08777618408203125,0.9999909124618025,26214,13182,1.9886208466090123,18315766.12675654,True,True,6.779858169145882,6.779487794999994,2015,2015,2015,"{""chromosomes"": [{""direction"": 15, ""x_off"": 21, ""y_off"": 35, ""mask"": 1, ""alpha"": 0, ""beta"": 0, ""bp_dir"": 0, ""sigma"": 1, ""block_idx"": 3, ""delta"": 1}, {""direction"": 14, ""x_off"": 168, ""y_off"": 241, ""mask"": 1, ""alpha"": 0, ""beta"": 1, ""bp_dir"": 1, ""sigma"": 1, ""block_idx"": 3, ""delta"": 1}, {""direction"": 7, ""x_off"": 166, ""y_off"": 58, ""mask"": 1, ""alpha"": 1, ""beta"": 1, ""bp_dir"": 0, ""sigma"": 1, ""block_idx"": 1, ""delta"": 1}, {""direction"": 3, ""x_off"": 13, ""y_off"": 487, ""mask"": 2, ""alpha"": 0, ""beta"": 0, ""bp_dir"": 1, ""sigma"": 1, ""block_idx"": 2, ""delta"": 1}], ""matched_budget"": 2015}"
AMDT:no_search,0.1,8091,0,49.563296643183435,0.9944316362312078,0.7190361022949219,0.9996673208833557,26214,11691,2.242237618681037,1332063716.8633654,True,True,0.040332114323973656,0.04033464999999126,1,1,1,"{""chromosomes"": [{""direction"": 3, ""x_off"": 2, ""y_off"": 222, ""mask"": 2, ""alpha"": 1, ""beta"": 1, ""bp_dir"": 0, ""sigma"": 1, ""block_idx"": 0, ""delta"": 1}, {""direction"": 6, ""x_off"": 491, ""y_off"": 44, ""mask"": 5, ""alpha"": 1, ""beta"": 0, ""bp_dir"": 0, ""sigma"": 1, ""block_idx"": 2, ""delta"": 1}, {""direction"": 12, ""x_off"": 216, ""y_off"": 89, ""mask"": 4, ""alpha"": 1, ""beta"": 0, ""bp_dir"": 0, ""sigma"": 1, ""block_idx"": 1, ""delta"": 1}, {""direction"": 11, ""x_off"": 292, ""y_off"": 489, ""mask"": 12, ""alpha"": 0, ""beta"": 0, ""bp_dir"": 0, ""sigma"": 1, ""block_idx"": 0, ""delta"": 1}]}"
AMDT:no_search,0.1,6260,0,48.777521172505836,0.9943790408689545,0.8616447448730469,0.9992267490681247,26214,12495,2.0979591836734692,16792.509515851736,True,True,0.042063597589731216,0.04206665499999929,1,1,1,"{""chromosomes"": [{""direction"": 15, ""x_off"": 496, ""y_off"": 215, ""mask"": 1, ""alpha"": 1, ""beta"": 1, ""bp_dir"": 1, ""sigma"": 1, ""block_idx"": 3, ""delta"": 1}, {""direction"": 11, ""x_off"": 506, ""y_off"": 351, ""mask"": 3, ""alpha"": 1, ""beta"": 0, ""bp_dir"": 0, ""sigma"": 1, ""block_idx"": 2, ""delta"": 1}, {""direction"": 14, ""x_off"": 39, ""y_off"": 250, ""mask"": 1, ""alpha"": 0, ""beta"": 1, ""bp_dir"": 0, ""sigma"": 1, ""block_idx"": 2, ""delta"": 1}, {""direction"": 15, ""x_off"": 123, ""y_off"": 280, ""mask"": 8, ""alpha"": 1, ""beta"": 1, ""bp_dir"": 0, ""sigma"": 1, ""block_idx"": 1, ""delta"": 1}]}"
AMDT:no_search,0.1,9642,0,52.88734601461846,0.9978852200028322,0.3344612121582031,0.9998923190562349,26214,10149,2.5829145728643215,135756910.10379764,True,True,0.04084278177469969,0.0408435200000099,1,1,1,"{""chromosomes"": [{""direction"": 3, ""x_off"": 309, ""y_off"": 466, ""mask"": 1, ""alpha"": 1, ""beta"": 0, ""bp_dir"": 0, ""sigma"": 1, ""block_idx"": 1, ""delta"": 1}, {""direction"": 11, ""x_off"": 58, ""y_off"": 406, ""mask"": 5, ""alpha"": 0, ""beta"": 0, ""bp_dir"": 0, ""sigma"": 1, ""block_idx"": 2, ""delta"": 1}, {""direction"": 13, ""x_off"": 100, ""y_off"": 240, ""mask"": 7, ""alpha"": 1, ""beta"": 1, ""bp_dir"": 0, ""sigma"": 1, ""block_idx"": 3, ""delta"": 1}, {""direction"": 12, ""x_off"": 421, ""y_off"": 42, ""mask"": 6, ""alpha"": 1, ""beta"": 0, ""bp_dir"": 0, ""sigma"": 1, ""block_idx"": 1, ""delta"": 1}]}"
AMDT:no_search,0.1,8444,0,50.33249154710781,0.9974701364865438,0.602325439453125,0.9998190410536554,26214,9384,2.7934782608695654,34796589.03311942,True,True,0.043816580437123775,0.04381499999999505,1,1,1,"{""chromosomes"": [{""direction"": 10, ""x_off"": 409, ""y_off"": 18, ""mask"": 5, ""alpha"": 1, ""beta"": 1, ""bp_dir"": 1, ""sigma"": 1, ""block_idx"": 3, ""delta"": 1}, {""direction"": 5, ""x_off"": 133, ""y_off"": 187, ""mask"": 6, ""alpha"": 1, ""beta"": 1, ""bp_dir"": 0, ""sigma"": 1, ""block_idx"": 1, ""delta"": 1}, {""direction"": 11, ""x_off"": 387, ""y_off"": 127, ""mask"": 14, ""alpha"": 1, ""beta"": 1, ""bp_dir"": 1, ""sigma"": 1, ""block_idx"": 1, ""delta"": 1}, {""direction"": 1, ""x_off"": 386, ""y_off"": 31, ""mask"": 3, ""alpha"": 1, ""beta"": 0, ""bp_dir"": 1, ""sigma"": 1, ""block_idx"": 0, ""delta"": 1}]}"
AMDT:no_search,0.1,1264,0,44.326762942480514,0.985367989746745,2.4010658264160156,0.9997991081462633,26214,11074,2.367166335560773,2659007.3533524424,True,True,0.043690722435712814,0.04369017399999109,1,1,1,"{""chromosomes"": [{""direction"": 7, ""x_off"": 26, ""y_off"": 461, ""mask"": 11, ""alpha"": 0, ""beta"": 0, ""bp_dir"": 1, ""sigma"": 1, ""block_idx"": 3, ""delta"": 1}, {""direction"": 11, ""x_off"": 208, ""y_off"": 178, ""mask"": 8, ""alpha"": 1, ""beta"": 0, ""bp_dir"": 1, ""sigma"": 1, ""block_idx"": 0, ""delta"": 1}, {""direction"": 8, ""x_off"": 431, ""y_off"": 427, ""mask"": 12, ""alpha"": 0, ""beta"": 1, ""bp_dir"": 0, ""sigma"": 1, ""block_idx"": 0, ""delta"": 1}, {""direction"": 8, ""x_off"": 204, ""y_off"": 403, ""mask"": 8, ""alpha"": 1, ""beta"": 0, ""bp_dir"": 1, ""sigma"": 1, ""block_idx"": 0, ""delta"": 1}]}"
AMDT:no_search,0.1,7865,0,45.58970205688897,0.9887186825860027,1.7951889038085938,0.9998162681976415,26214,9367,2.798548094373866,14481.553461506963,True,True,0.04020482208579779,0.040206488999999124,1,1,1,"{""chromosomes"": [{""direction"": 11, ""x_off"": 344, ""y_off"": 511, ""mask"": 8, ""alpha"": 0, ""beta"": 1, ""bp_dir"": 0, ""sigma"": 1, ""block_idx"": 1, ""delta"": 1}, {""direction"": 5, ""x_off"": 163, ""y_off"": 430, ""mask"": 11, ""alpha"": 0, ""beta"": 1, ""bp_dir"": 1, ""sigma"": 1, ""block_idx"": 2, ""delta"": 1}, {""direction"": 3, ""x_off"": 116, ""y_off"": 388, ""mask"": 10, ""alpha"": 1, ""beta"": 1, ""bp_dir"": 1, ""sigma"": 1, ""block_idx"": 2, ""delta"": 1}, {""direction"": 5, ""x_off"": 23, ""y_off"": 361, ""mask"": 15, ""alpha"": 1, ""beta"": 1, ""bp_dir"": 0, ""sigma"": 1, ""block_idx"": 2, ""delta"": 1}]}"
AMDT:no_search,0.1,5263,0,48.17307230086086,0.9965308807224921,0.9903144836425781,0.9990429339689677,26214,9955,2.633249623304872,3226.2073513269424,True,True,0.039635502733290195,0.0396381280000071,1,1,1,"{""chromosomes"": [{""direction"": 5, ""x_off"": 232, ""y_off"": 357, ""mask"": 3, ""alpha"": 0, ""beta"": 0, ""bp_dir"": 0, ""sigma"": 1, ""block_idx"": 3, ""delta"": 1}, {""direction"": 12, ""x_off"": 212, ""y_off"": 480, ""mask"": 10, ""alpha"": 1, ""beta"": 0, ""bp_dir"": 0, ""sigma"": 1, ""block_idx"": 1, ""delta"": 1}, {""direction"": 7, ""x_off"": 490, ""y_off"": 20, ""mask"": 6, ""alpha"": 0, ""beta"": 0, ""bp_dir"": 1, ""sigma"": 1, ""block_idx"": 0, ""delta"": 1}, {""direction"": 11, ""x_off"": 217, ""y_off"": 1, ""mask"": 10, ""alpha"": 1, ""beta"": 1, ""bp_dir"": 0, ""sigma"": 1, ""block_idx"": 1, ""delta"": 1}]}"
AMDT:no_search,0.1,279,0,47.36163367976853,0.9959583529583954,1.1937599182128906,0.9998998443984487,26214,9908,2.645740815502624,62647295.92821846,True,True,0.04040963016450405,0.04041057399999204,1,1,1,"{""chromosomes"": [{""direction"": 10, ""x_off"": 140, ""y_off"": 218, ""mask"": 15, ""alpha"": 1, ""beta"": 0, ""bp_dir"": 0, ""sigma"": 1, ""block_idx"": 3, ""delta"": 1}, {""direction"": 3, ""x_off"": 279, ""y_off"": 180, ""mask"": 9, ""alpha"": 1, ""beta"": 1, ""bp_dir"": 0, ""sigma"": 1, ""block_idx"": 1, ""delta"": 1}, {""direction"": 14, ""x_off"": 27, ""y_off"": 433, ""mask"": 2, ""alpha"": 1, ""beta"": 0, ""bp_dir"": 1, ""sigma"": 1, ""block_idx"": 3, ""delta"": 1}, {""direction"": 1, ""x_off"": 244, ""y_off"": 210, ""mask"": 12, ""alpha"": 0, ""beta"": 0, ""bp_dir"": 1, ""sigma"": 1, ""block_idx"": 1, ""delta"": 1}]}"
AMDT:no_search,0.1,7741,0,48.84647609486728,0.9949905867343,0.8480720520019531,0.9998526229097784,26214,11680,2.2443493150684932,9711077.619825713,True,True,0.03990684635937214,0.039909530000002746,1,1,1,"{""chromosomes"": [{""direction"": 15, ""x_off"": 479, ""y_off"": 109, ""mask"": 9, ""alpha"": 0, ""beta"": 1, ""bp_dir"": 0, ""sigma"": 1, ""block_idx"": 3, ""delta"": 1}, {""direction"": 13, ""x_off"": 205, ""y_off"": 164, ""mask"": 4, ""alpha"": 1, ""beta"": 0, ""bp_dir"": 0, ""sigma"": 1, ""block_idx"": 0, ""delta"": 1}, {""direction"": 0, ""x_off"": 431, ""y_off"": 64, ""mask"": 3, ""alpha"": 0, ""beta"": 0, ""bp_dir"": 1, ""sigma"": 1, ""block_idx"": 3, ""delta"": 1}, {""direction"": 15, ""x_off"": 229, ""y_off"": 293, ""mask"": 4, ""alpha"": 0, ""beta"": 1, ""bp_dir"": 0, ""sigma"": 1, ""block_idx"": 3, ""delta"": 1}]}"
AMDT:no_search,0.1,5559,0,48.426155377989076,0.9954320648946667,0.9342536926269531,0.9999032862753374,26214,8883,2.951030057413036,5863.113215610385,True,True,0.03866955079138279,0.038671417000003316,1,1,1,"{""chromosomes"": [{""direction"": 14, ""x_off"": 218, ""y_off"": 468, ""mask"": 13, ""alpha"": 1, ""beta"": 1, ""bp_dir"": 0, ""sigma"": 1, ""block_idx"": 1, ""delta"": 1}, {""direction"": 8, ""x_off"": 148, ""y_off"": 386, ""mask"": 9, ""alpha"": 0, ""beta"": 0, ""bp_dir"": 1, ""sigma"": 1, ""block_idx"": 3, ""delta"": 1}, {""direction"": 4, ""x_off"": 49, ""y_off"": 320, ""mask"": 6, ""alpha"": 0, ""beta"": 0, ""bp_dir"": 1, ""sigma"": 1, ""block_idx"": 2, ""delta"": 1}, {""direction"": 7, ""x_off"": 430, ""y_off"": 510, ""mask"": 7, ""alpha"": 1, ""beta"": 1, ""bp_dir"": 0, ""sigma"": 1, ""block_idx"": 3, ""delta"": 1}]}"
AMDT:single_seg,0.1,8091,0,61.18847761714201,0.9993673535326051,0.049457550048828125,0.9999771124295419,26214,12965,2.021905129193984,2362154020.8384376,True,True,1.8549627345055342,1.8549178740000087,711,62,37,"{""chromosomes"": [{""direction"": 3, ""x_off"": 2, ""y_off"": 223, ""mask"": 1, ""alpha"": 0, ""beta"": 1, ""bp_dir"": 1, ""sigma"": 1, ""block_idx"": 0, ""delta"": 1}]}"
AMDT:single_seg,0.1,6260,0,61.18479445952491,0.9994424041955434,0.04949951171875,0.999955507975792,26214,12976,2.0201911220715165,19415.013823986053,True,True,1.8195620607584715,1.819471023999995,704,65,40,"{""chromosomes"": [{""direction"": 13, ""x_off"": 39, ""y_off"": 250, ""mask"": 1, ""alpha"": 0, ""beta"": 0, ""bp_dir"": 1, ""sigma"": 1, ""block_idx"": 0, ""delta"": 1}]}"
AMDT:single_seg,0.1,9642,0,61.181448842828345,0.9996237955299495,0.04953765869140625,0.9999840502092385,26214,12986,2.018635453565378,168979055.77504247,True,True,1.0132345082238317,1.0132066679999951,385,31,6,"{""chromosomes"": [{""direction"": 11, ""x_off"": 507, ""y_off"": 44, ""mask"": 1, ""alpha"": 1, ""beta"": 0, ""bp_dir"": 0, ""sigma"": 1, ""block_idx"": 1, ""delta"": 1}]}"
AMDT:single_seg,0.1,8444,0,61.197531360151025,0.9997077104363739,0.04935455322265625,0.9999851662880859,26214,12938,2.026124594218581,13824.612414091825,True,True,1.2701779073104262,1.2671164709999942,515,40,15,"{""chromosomes"": [{""direction"": 11, ""x_off"": 111, ""y_off"": 127, ""mask"": 1, ""alpha"": 1, ""beta"": 0, ""bp_dir"": 0, ""sigma"": 1, ""block_idx"": 3, ""delta"": 1}]}"
AMDT:single_seg,0.1,1264,0,61.196188873333824,0.9995759923605101,0.04936981201171875,0.9999958606647055,26214,12942,2.0254983773759854,12799145.508869909,True,True,1.1739386171102524,1.1739139709999904,476,40,15,"{""chromosomes"": [{""direction"": 15, ""x_off"": 417, ""y_off"": 424, ""mask"": 1, ""alpha"": 0, ""beta"": 1, ""bp_dir"": 1, ""sigma"": 1, ""block_idx"": 1, ""delta"": 1}]}"
AMDT:single_seg,0.1,7865,0,61.1948468013766,0.9994012894621142,0.04938507080078125,0.9999949355324164,26214,12946,2.0248725475050207,24398.93574011326,True,True,1.1882464569061995,1.1881391990000054,502,41,16,"{""chromosomes"": [{""direction"": 7, ""x_off"": 446, ""y_off"": 509, ""mask"": 1, ""alpha"": 0, ""beta"": 1, ""bp_dir"": 0, ""sigma"": 1, ""block_idx"": 2, ""delta"": 1}]}"
AMDT:single_seg,0.1,5263,0,61.183121329011854,0.9997273620718936,0.049518585205078125,0.9999520633092553,26214,12981,2.019412988213543,7706.494091629982,True,True,0.8759994972497225,0.875898480999993,319,29,4,"{""chromosomes"": [{""direction"": 4, ""x_off"": 181, ""y_off"": 442, ""mask"": 1, ""alpha"": 0, ""beta"": 0, ""bp_dir"": 0, ""sigma"": 1, ""block_idx"": 0, ""delta"": 1}]}"
AMDT:single_seg,0.1,279,0,61.2032415633731,0.9996381539945683,0.049289703369140625,0.9999958638347078,26214,12921,2.0287903413048527,32827471.325195014,True,True,0.8450227826833725,0.8450014060000086,365,29,4,"{""chromosomes"": [{""direction"": 1, ""x_off"": 418, ""y_off"": 340, ""mask"": 1, ""alpha"": 1, ""beta"": 0, ""bp_dir"": 1, ""sigma"": 1, ""block_idx"": 2, ""delta"": 1}]}"
AMDT:single_seg,0.1,7741,0,61.192499172937396,0.999648068957505,0.049411773681640625,0.9999914124546041,26214,12953,2.0237782753030187,5603693.646803964,True,True,1.1974711073562503,1.1973180359999986,510,39,14,"{""chromosomes"": [{""direction"": 4, ""x_off"": 168, ""y_off"": 64, ""mask"": 1, ""alpha"": 0, ""beta"": 1, ""bp_dir"": 0, ""sigma"": 1, ""block_idx"": 2, ""delta"": 1}]}"
AMDT:single_seg,0.1,5559,0,61.18948265702439,0.9996534806986532,0.04944610595703125,0.999994880654097,26214,12962,2.0223730905724424,9385.361909911036,True,True,1.0081512900069356,1.008100534999997,428,34,9,"{""chromosomes"": [{""direction"": 14, ""x_off"": 164, ""y_off"": 405, ""mask"": 1, ""alpha"": 0, ""beta"": 1, ""bp_dir"": 0, ""sigma"": 1, ""block_idx"": 3, ""delta"": 1}]}"
AMDT-D:no_search,0.1,8091,0,61.08062624815623,0.9995947126298234,0.050701141357421875,0.9999765287604403,26214,13291,1.9723120908885712,43677015.30794494,True,True,0.4255628166720271,0.42540370400000427,1,1,1,"{""chromosomes"": [{""direction"": 12, ""x_off"": 28, ""y_off"": 66, ""alpha"": 1, ""beta"": 1, ""sigma"": 1, ""block_idx"": 3, ""delta"": 1, ""gate"": 0}, {""direction"": 15, ""x_off"": 202, ""y_off"": 409, ""alpha"": 0, ""beta"": 1, ""sigma"": 1, ""block_idx"": 0, ""delta"": 1, ""gate"": 3}, {""direction"": 4, ""x_off"": 162, ""y_off"": 31, ""alpha"": 1, ""beta"": 0, ""sigma"": 1, ""block_idx"": 2, ""delta"": 1, ""gate"": 1}, {""direction"": 7, ""x_off"": 81, ""y_off"": 437, ""alpha"": 0, ""beta"": 1, ""sigma"": 1, ""block_idx"": 1, ""delta"": 1, ""gate"": 3}], ""gates"": [0.0, 2.5, 1.25, 2.5]}"
AMDT-D:no_search,0.1,6260,0,61.068878850995425,0.9996818342219692,0.050838470458984375,0.9999543034994084,26214,13327,1.9669843175508366,9685.460106536746,True,True,0.4410675149410963,0.4410491680000064,1,1,1,"{""chromosomes"": [{""direction"": 0, ""x_off"": 56, ""y_off"": 223, ""alpha"": 1, ""beta"": 1, ""sigma"": 1, ""block_idx"": 0, ""delta"": 1, ""gate"": 3}, {""direction"": 8, ""x_off"": 68, ""y_off"": 144, ""alpha"": 0, ""beta"": 1, ""sigma"": 1, ""block_idx"": 0, ""delta"": 1, ""gate"": 1}, {""direction"": 9, ""x_off"": 65, ""y_off"": 82, ""alpha"": 0, ""beta"": 1, ""sigma"": 1, ""block_idx"": 0, ""delta"": 1, ""gate"": 0}, {""direction"": 5, ""x_off"": 57, ""y_off"": 268, ""alpha"": 0, ""beta"": 0, ""sigma"": 1, ""block_idx"": 1, ""delta"": 1, ""gate"": 2}], ""gates"": [2.5, 1.25, 0.0, 1.6]}"
AMDT-D:no_search,0.1,9642,0,61.06953065120962,0.9998816645734603,0.050830841064453125,0.9999836342609218,26214,13325,1.9672795497185742,32140702.036692582,True,True,0.43964932672679424,0.4396454919999968,1,1,1,"{""chromosomes"": [{""direction"": 14, ""x_off"": 196, ""y_off"": 142, ""alpha"": 0, ""beta"": 1, ""sigma"": 1, ""block_idx"": 3, ""delta"": 1, ""gate"": 3}, {""direction"": 2, ""x_off"": 277, ""y_off"": 498, ""alpha"": 1, ""beta"": 0, ""sigma"": 1, ""block_idx"": 3, ""delta"": 1, ""gate"": 1}, {""direction"": 0, ""x_off"": 336, ""y_off"": 241, ""alpha"": 0, ""beta"": 1, ""sigma"": 1, ""block_idx"": 2, ""delta"": 1, ""gate"": 1}, {""direction"": 2, ""x_off"": 389, ""y_off"": 206, ""alpha"": 0, ""beta"": 1, ""sigma"": 1, ""block_idx"": 3, ""delta"": 1, ""gate"": 1}], ""gates"": [2.5, 1.25, 1.25, 1.25]}"
AMDT-D:no_search,0.1,8444,0,61.11935590995522,0.9997891415492562,0.050251007080078125,0.9999848967808269,26214,13173,1.9899795035299477,9695.899569638073,True,True,0.43712178245186806,0.4369438109999919,1,1,1,"{""chromosomes"": [{""direction"": 11, ""x_off"": 130, ""y_off"": 5, ""alpha"": 0, ""beta"": 0, ""sigma"": 1, ""block_idx"": 0, ""delta"": 1, ""gate"": 3}, {""direction"": 8, ""x_off"": 409, ""y_off"": 59, ""alpha"": 0, ""beta"": 1, ""sigma"": 1, ""block_idx"": 3, ""delta"": 1, ""gate"": 2}, {""direction"": 3, ""x_off"": 171, ""y_off"": 453, ""alpha"": 0, ""beta"": 0, ""sigma"": 1, ""block_idx"": 1, ""delta"": 1, ""gate"": 1}, {""direction"": 12, ""x_off"": 397, ""y_off"": 475, ""alpha"": 0, ""beta"": 1, ""sigma"": 1, ""block_idx"": 3, ""delta"": 1, ""gate"": 3}], ""gates"": [2.5, 1.6, 1.25, 2.5]}"
AMDT-D:no_search,0.1,1264,0,61.11243803075138,0.9996557450587529,0.05033111572265625,0.9999957801013927,26214,13194,1.98681218735789,308950.786623016,True,True,0.43810463789850473,0.4379418810000004,1,1,1,"{""chromosomes"": [{""direction"": 15, ""x_off"": 63, ""y_off"": 227, ""alpha"": 1, ""beta"": 0, ""sigma"": 1, ""block_idx"": 2, ""delta"": 1, ""gate"": 2}, {""direction"": 2, ""x_off"": 214, ""y_off"": 468, ""alpha"": 0, ""beta"": 1, ""sigma"": 1, ""block_idx"": 2, ""delta"": 1, ""gate"": 2}, {""direction"": 4, ""x_off"": 119, ""y_off"": 446, ""alpha"": 1, ""beta"": 0, ""sigma"": 1, ""block_idx"": 0, ""delta"": 1, ""gate"": 0}, {""direction"": 7, ""x_off"": 334, ""y_off"": 327, ""alpha"": 1, ""beta"": 1, ""sigma"": 1, ""block_idx"": 2, ""delta"": 1, ""gate"": 0}], ""gates"": [1.6, 1.6, 0.0, 0.0]}"
AMDT-D:no_search,0.1,7865,0,61.06464453239042,0.9997191001370874,0.0508880615234375,0.9999947814161642,26214,13340,1.9650674662668666,14082.188925772905,True,True,0.4498739745467901,0.4498693080000038,1,1,1,"{""chromosomes"": [{""direction"": 9, ""x_off"": 384, ""y_off"": 331, ""alpha"": 0, ""beta"": 1, ""sigma"": 1, ""block_idx"": 0, ""delta"": 1, ""gate"": 2}, {""direction"": 1, ""x_off"": 223, ""y_off"": 208, ""alpha"": 1, ""beta"": 0, ""sigma"": 1, ""block_idx"": 1, ""delta"": 1, ""gate"": 0}, {""direction"": 5, ""x_off"": 448, ""y_off"": 96, ""alpha"": 0, ""beta"": 0, ""sigma"": 1, ""block_idx"": 2, ""delta"": 1, ""gate"": 3}, {""direction"": 4, ""x_off"": 357, ""y_off"": 508, ""alpha"": 1, ""beta"": 0, ""sigma"": 1, ""block_idx"": 0, ""delta"": 1, ""gate"": 2}], ""gates"": [1.6, 0.0, 2.5, 1.6]}"
AMDT-D:no_search,0.1,5263,0,61.12166432063512,0.9998564349495622,0.05022430419921875,0.9999513903282126,26214,13166,1.9910375208871336,4265.531305387616,True,True,0.45590068120509386,0.4557146340000031,1,1,1,"{""chromosomes"": [{""direction"": 8, ""x_off"": 476, ""y_off"": 373, ""alpha"": 1, ""beta"": 1, ""sigma"": 1, ""block_idx"": 0, ""delta"": 1, ""gate"": 3}, {""direction"": 1, ""x_off"": 265, ""y_off"": 239, ""alpha"": 0, ""beta"": 0, ""sigma"": 1, ""block_idx"": 0, ""delta"": 1, ""gate"": 2}, {""direction"": 14, ""x_off"": 200, ""y_off"": 439, ""alpha"": 1, ""beta"": 1, ""sigma"": 1, ""block_idx"": 2, ""delta"": 1, ""gate"": 1}, {""direction"": 7, ""x_off"": 481, ""y_off"": 383, ""alpha"": 1, ""beta"": 1, ""sigma"": 1, ""block_idx"": 0, ""delta"": 1, ""gate"": 0}], ""gates"": [2.5, 1.6, 1.25, 0.0]}"
AMDT-D:no_search,0.1,279,0,61.10651717800195,0.9998842065550392,0.0503997802734375,0.9999957706362707,26214,13212,1.9841053587647592,5386.09283189103,True,True,0.4432476991787553,0.4430919160000002,1,1,1,"{""chromosomes"": [{""direction"": 15, ""x_off"": 366, ""y_off"": 398, ""alpha"": 1, ""beta"": 1, ""sigma"": 1, ""block_idx"": 0, ""delta"": 1, ""gate"": 1}, {""direction"": 2, ""x_off"": 284, ""y_off"": 109, ""alpha"": 1, ""beta"": 1, ""sigma"": 1, ""block_idx"": 1, ""delta"": 1, ""gate"": 1}, {""direction"": 10, ""x_off"": 181, ""y_off"": 466, ""alpha"": 0, ""beta"": 1, ""sigma"": 1, ""block_idx"": 0, ""delta"": 1, ""gate"": 0}, {""direction"": 13, ""x_off"": 204, ""y_off"": 0, ""alpha"": 1, ""beta"": 0, ""sigma"": 1, ""block_idx"": 0, ""delta"": 1, ""gate"": 1}], ""gates"": [1.25, 1.25, 0.0, 1.25]}"
AMDT-D:no_search,0.1,7741,0,61.059438724372384,0.9998177636567692,0.0509490966796875,0.9999911452310788,26214,13356,1.962713387241689,5938246.064157743,True,True,0.4545227373018861,0.4544897260000056,1,1,1,"{""chromosomes"": [{""direction"": 15, ""x_off"": 215, ""y_off"": 192, ""alpha"": 0, ""beta"": 1, ""sigma"": 1, ""block_idx"": 3, ""delta"": 1, ""gate"": 2}, {""direction"": 5, ""x_off"": 101, ""y_off"": 28, ""alpha"": 0, ""beta"": 1, ""sigma"": 1, ""block_idx"": 3, ""delta"": 1, ""gate"": 2}, {""direction"": 7, ""x_off"": 160, ""y_off"": 362, ""alpha"": 0, ""beta"": 1, ""sigma"": 1, ""block_idx"": 1, ""delta"": 1, ""gate"": 3}, {""direction"": 4, ""x_off"": 315, ""y_off"": 115, ""alpha"": 1, ""beta"": 1, ""sigma"": 1, ""block_idx"": 1, ""delta"": 1, ""gate"": 3}], ""gates"": [1.6, 1.6, 2.5, 2.5]}"
AMDT-D:no_search,0.1,5559,0,61.1272755744595,0.9998564378078655,0.050159454345703125,0.9999948069002991,26214,13149,1.9936116814966918,4333.7719211652875,True,True,0.4397827284410596,0.43977764100000627,1,1,1,"{""chromosomes"": [{""direction"": 13, ""x_off"": 52, ""y_off"": 93, ""alpha"": 1, ""beta"": 1, ""sigma"": 1, ""block_idx"": 3, ""delta"": 1, ""gate"": 2}, {""direction"": 8, ""x_off"": 465, ""y_off"": 398, ""alpha"": 1, ""beta"": 0, ""sigma"": 1, ""block_idx"": 1, ""delta"": 1, ""gate"": 3}, {""direction"": 13, ""x_off"": 335, ""y_off"": 225, ""alpha"": 0, ""beta"": 0, ""sigma"": 1, ""block_idx"": 0, ""delta"": 1, ""gate"": 1}, {""direction"": 7, ""x_off"": 109, ""y_off"": 340, ""alpha"": 0, ""beta"": 0, ""sigma"": 1, ""block_idx"": 2, ""delta"": 1, ""gate"": 1}], ""gates"": [1.6, 2.5, 1.25, 1.25]}"
